[2026-05-09 15:10:01,013 INFO][train.py:47 - main] - Launch command : 
[2026-05-09 15:10:01,013 INFO][train.py:48 - main] - tools/train.py log_period=100 seed=1 loss=lsdis model=resnet50_cifar10 loss.alpha=4 task=finelogit --config-name defaults_cifar.yaml
[2026-05-09 15:10:01,018 INFO][train.py:51 - main] - 
data:
  name: cifar10
  data_root: /data/projects/punim1884/ConOSR/data/
  batch_size: 128
  momentum: 0.95
  object:
    trainval:
      _target_: calibrate.data.cifar10.get_train_valid_loader
      batch_size: ${data.batch_size}
      augment: true
      random_seed: ${seed}
      shuffle: true
      num_workers: 16
      pin_memory: true
      data_dir: ${data.data_root}
      return_index: false
    test:
      _target_: calibrate.data.cifar10.get_test_loader
      batch_size: ${data.batch_size}
      shuffle: false
      num_workers: 4
      pin_memory: true
      data_dir: ${data.data_root}
    in_dist:
      _target_: calibrate.data.cifar10.get_test_loader
      data_dir: /data/projects/punim1884/ConOSR/data/
      batch_size: ${data.batch_size}
      num_workers: 4
      pin_memory: true
    out_dist:
      _target_: calibrate.data.svhn.get_test_loader
      data_dir: /data/projects/punim1884/data
      batch_size: ${data.batch_size}
      shuffle: false
      num_workers: 4
      pin_memory: true
model:
  name: resnet50_cifar10
  num_classes: 10
  p: 1
  object:
    _target_: calibrate.net.resnet_cifar10.resnet50
    num_classes: ${model.num_classes}
    p: ${model.p}
loss:
  name: lsdis
  alpha: 4
  object:
    _target_: calibrate.losses.AdaLabelSmoothingDiscreteCrossEntropy
    alpha: ${loss.alpha}
    reduction: mean
optim:
  name: sgd
  lr: 0.1
  momentum: 0.9
  weight_decay: 0.0005
  nesterov: false
  object:
    _target_: torch.optim.SGD
    lr: ${optim.lr}
    momentum: ${optim.momentum}
    weight_decay: ${optim.weight_decay}
    nesterov: ${optim.nesterov}
scheduler:
  name: multi_step
  milestones:
  - 150
  - 250
  gamma: 0.1
  object:
    _target_: torch.optim.lr_scheduler.MultiStepLR
    milestones: ${scheduler.milestones}
    gamma: ${scheduler.gamma}
    verbose: true
wandb:
  enable: false
  project: ''
  entity: ''
  tags: ''
device: cuda:0
task: finelogit
seed: 1
noise_rate: 0
log_period: 100
train:
  clip_grad_norm: true
  max_epoch: 350
  resume: false
  keep_checkpoint_num: 1
  keep_checkpoint_interval: 0
calibrate:
  num_bins: 15
  visualize: false
test:
  checkpoint: ''
  save_logits: false
  post_temperature: false
work_dir: /data/gpfs/projects/punim1884/ACLS/outputs/cifar10/resnet50_cifar10-lsdis-sgd/20260509-15:09:57-375979

[2026-05-09 15:10:02,708 INFO][traineradasmoothlossprojlogit.py:217 - build_data_loader] - Data pipeline initialized
[2026-05-09 15:10:03,591 INFO][traineradasmoothlossprojlogit.py:237 - build_model] - AdaLabelSmoothingDiscreteCrossEntropy()
[2026-05-09 15:10:03,591 INFO][traineradasmoothlossprojlogit.py:238 - build_model] - Model initialized
[2026-05-09 15:10:03,596 INFO][traineradasmoothlossprojlogit.py:248 - build_solver] - Solver initialized
[2026-05-09 15:10:03,597 INFO][traineradasmoothlossprojlogit.py:568 - train] - Everything is perfect so far. Let's start training. Good luck!
[2026-05-09 15:10:03,597 INFO][traineradasmoothlossprojlogit.py:572 - train] - ====================
[2026-05-09 15:10:03,597 INFO][traineradasmoothlossprojlogit.py:573 - train] -  Start epoch 1
[2026-05-09 15:10:03,597 INFO][traineradasmoothlossprojlogit.py:574 - train] - ====================
[2026-05-09 15:10:10,424 INFO][traineradasmoothlossprojlogit.py:300 - log_iter_info] - Train Iter[100/351][1]	{"data_time": 0.00018, "batch_time": 0.05222, "loss": 2.03544, "acc": 0.26562, "mean_diffs": 1.7574}
[2026-05-09 15:10:15,669 INFO][traineradasmoothlossprojlogit.py:300 - log_iter_info] - Train Iter[200/351][1]	{"data_time": 0.00025, "batch_time": 0.0524, "loss": 1.8339, "acc": 0.35156, "mean_diffs": 2.06563}
[2026-05-09 15:10:20,929 INFO][traineradasmoothlossprojlogit.py:300 - log_iter_info] - Train Iter[300/351][1]	{"data_time": 0.00024, "batch_time": 0.05289, "loss": 1.74341, "acc": 0.41406, "mean_diffs": 2.66711}
[2026-05-09 15:10:23,699 INFO][traineradasmoothlossprojlogit.py:319 - log_epoch_info] - Train Epoch[1]	{"samples": 44928, "lr": 0.1, "loss": 2.0037, "acc": 0.30128, "acc_5": 0.82821, "macc": 0.30124, "mean_diffs": 2.13957, "max_diffs": 3.81713, "margin": 0.46438}
[2026-05-09 15:10:25,224 INFO][traineradasmoothlossprojlogit.py:333 - log_eval_epoch_info] - Val Epoch[1]	{"samples": 5000, "loss": 1.85704, "acc": 0.3504, "acc_5": 0.8764, "macc": 0.3512, "nll": 1.82724, "ece": 0.1573, "aece": 0.15727, "cece": 0.05382, "mean_diffs": 3.37858, "max_diffs": 5.48057, "margin": 0.8446}
[2026-05-09 15:10:25,225 INFO][traineradasmoothlossprojlogit.py:336 - log_eval_epoch_info] - 
+---------+---------+---------+---------+
| samples | acc     | acc_5   | macc    |
+---------+---------+---------+---------+
| 5000    | 0.35040 | 0.87640 | 0.35120 |
+---------+---------+---------+---------+
[2026-05-09 15:10:25,225 INFO][traineradasmoothlossprojlogit.py:337 - log_eval_epoch_info] - 
+---------+---------+---------+---------+---------+
| samples | nll     | ece     | aece    | cece    |
+---------+---------+---------+---------+---------+
| 5000    | 1.82724 | 0.15730 | 0.15727 | 0.05382 |
+---------+---------+---------+---------+---------+
[2026-05-09 15:10:33,850 INFO][traineradasmoothlossprojlogit.py:605 - train] - Epoch[1]	Best acc on Val : 0.3504 at epoch 1
[2026-05-09 15:10:33,850 INFO][traineradasmoothlossprojlogit.py:572 - train] - ====================
[2026-05-09 15:10:33,850 INFO][traineradasmoothlossprojlogit.py:573 - train] -  Start epoch 2
[2026-05-09 15:10:33,850 INFO][traineradasmoothlossprojlogit.py:574 - train] - ====================
[2026-05-09 15:10:39,743 INFO][traineradasmoothlossprojlogit.py:300 - log_iter_info] - Train Iter[100/351][2]	{"data_time": 0.00039, "batch_time": 0.0528, "loss": 1.42791, "acc": 0.44531, "mean_diffs": 3.33865}
[2026-05-09 15:10:45,041 INFO][traineradasmoothlossprojlogit.py:300 - log_iter_info] - Train Iter[200/351][2]	{"data_time": 0.00047, "batch_time": 0.05316, "loss": 1.29886, "acc": 0.51562, "mean_diffs": 3.94273}
[2026-05-09 15:10:50,346 INFO][traineradasmoothlossprojlogit.py:300 - log_iter_info] - Train Iter[300/351][2]	{"data_time": 0.00027, "batch_time": 0.05319, "loss": 1.16627, "acc": 0.61719, "mean_diffs": 3.54987}
[2026-05-09 15:10:53,171 INFO][traineradasmoothlossprojlogit.py:319 - log_epoch_info] - Train Epoch[2]	{"samples": 44928, "lr": 0.1, "loss": 1.36374, "acc": 0.53078, "acc_5": 0.94293, "macc": 0.53063, "mean_diffs": 3.43279, "max_diffs": 5.50342, "margin": 0.99988}
[2026-05-09 15:10:54,428 INFO][traineradasmoothlossprojlogit.py:333 - log_eval_epoch_info] - Val Epoch[2]	{"samples": 5000, "loss": 1.37712, "acc": 0.5542, "acc_5": 0.956, "macc": 0.55558, "nll": 1.2316, "ece": 0.07223, "aece": 0.06979, "cece": 0.03516, "mean_diffs": 4.58928, "max_diffs": 7.30312, "margin": 1.37482}
[2026-05-09 15:10:54,428 INFO][traineradasmoothlossprojlogit.py:336 - log_eval_epoch_info] - 
+---------+---------+---------+---------+
| samples | acc     | acc_5   | macc    |
+---------+---------+---------+---------+
| 5000    | 0.55420 | 0.95600 | 0.55558 |
+---------+---------+---------+---------+
[2026-05-09 15:10:54,428 INFO][traineradasmoothlossprojlogit.py:337 - log_eval_epoch_info] - 
+---------+---------+---------+---------+---------+
| samples | nll     | ece     | aece    | cece    |
+---------+---------+---------+---------+---------+
| 5000    | 1.23160 | 0.07223 | 0.06979 | 0.03516 |
+---------+---------+---------+---------+---------+
[2026-05-09 15:10:54,856 INFO][traineradasmoothlossprojlogit.py:605 - train] - Epoch[2]	Best acc on Val : 0.5542 at epoch 2
[2026-05-09 15:10:54,856 INFO][traineradasmoothlossprojlogit.py:572 - train] - ====================
[2026-05-09 15:10:54,856 INFO][traineradasmoothlossprojlogit.py:573 - train] -  Start epoch 3
[2026-05-09 15:10:54,856 INFO][traineradasmoothlossprojlogit.py:574 - train] - ====================
[2026-05-09 15:11:01,008 INFO][traineradasmoothlossprojlogit.py:300 - log_iter_info] - Train Iter[100/351][3]	{"data_time": 0.00039, "batch_time": 0.05301, "loss": 1.23628, "acc": 0.57812, "mean_diffs": 3.94752}
[2026-05-09 15:11:06,311 INFO][traineradasmoothlossprojlogit.py:300 - log_iter_info] - Train Iter[200/351][3]	{"data_time": 0.0002, "batch_time": 0.05295, "loss": 1.01661, "acc": 0.66406, "mean_diffs": 4.61409}
[2026-05-09 15:11:11,616 INFO][traineradasmoothlossprojlogit.py:300 - log_iter_info] - Train Iter[300/351][3]	{"data_time": 0.00035, "batch_time": 0.0531, "loss": 0.9037, "acc": 0.69531, "mean_diffs": 5.5768}
[2026-05-09 15:11:14,450 INFO][traineradasmoothlossprojlogit.py:319 - log_epoch_info] - Train Epoch[3]	{"samples": 44928, "lr": 0.1, "loss": 1.07992, "acc": 0.63649, "acc_5": 0.96684, "macc": 0.63642, "mean_diffs": 4.4041, "max_diffs": 6.72687, "margin": 1.5717}
[2026-05-09 15:11:15,707 INFO][traineradasmoothlossprojlogit.py:333 - log_eval_epoch_info] - Val Epoch[3]	{"samples": 5000, "loss": 1.14966, "acc": 0.6678, "acc_5": 0.9672, "macc": 0.6682, "nll": 0.94596, "ece": 0.02026, "aece": 0.02303, "cece": 0.02379, "mean_diffs": 5.2059, "max_diffs": 7.78131, "margin": 1.91343}
[2026-05-09 15:11:15,708 INFO][traineradasmoothlossprojlogit.py:336 - log_eval_epoch_info] - 
+---------+---------+---------+---------+
| samples | acc     | acc_5   | macc    |
+---------+---------+---------+---------+
| 5000    | 0.66780 | 0.96720 | 0.66820 |
+---------+---------+---------+---------+
[2026-05-09 15:11:15,708 INFO][traineradasmoothlossprojlogit.py:337 - log_eval_epoch_info] - 
+---------+---------+---------+---------+---------+
| samples | nll     | ece     | aece    | cece    |
+---------+---------+---------+---------+---------+
| 5000    | 0.94596 | 0.02026 | 0.02303 | 0.02379 |
+---------+---------+---------+---------+---------+
[2026-05-09 15:11:16,141 INFO][traineradasmoothlossprojlogit.py:605 - train] - Epoch[3]	Best acc on Val : 0.6678 at epoch 3
[2026-05-09 15:11:16,141 INFO][traineradasmoothlossprojlogit.py:572 - train] - ====================
[2026-05-09 15:11:16,141 INFO][traineradasmoothlossprojlogit.py:573 - train] -  Start epoch 4
[2026-05-09 15:11:16,141 INFO][traineradasmoothlossprojlogit.py:574 - train] - ====================
[2026-05-09 15:11:22,055 INFO][traineradasmoothlossprojlogit.py:300 - log_iter_info] - Train Iter[100/351][4]	{"data_time": 0.00025, "batch_time": 0.05313, "loss": 1.00975, "acc": 0.66406, "mean_diffs": 4.30257}
[2026-05-09 15:11:27,359 INFO][traineradasmoothlossprojlogit.py:300 - log_iter_info] - Train Iter[200/351][4]	{"data_time": 0.00025, "batch_time": 0.05306, "loss": 1.0242, "acc": 0.61719, "mean_diffs": 5.23118}
[2026-05-09 15:11:32,666 INFO][traineradasmoothlossprojlogit.py:300 - log_iter_info] - Train Iter[300/351][4]	{"data_time": 0.00024, "batch_time": 0.05274, "loss": 0.94052, "acc": 0.70312, "mean_diffs": 5.44063}
[2026-05-09 15:11:35,482 INFO][traineradasmoothlossprojlogit.py:319 - log_epoch_info] - Train Epoch[4]	{"samples": 44928, "lr": 0.1, "loss": 0.94028, "acc": 0.69444, "acc_5": 0.97792, "macc": 0.6944, "mean_diffs": 4.90576, "max_diffs": 7.22433, "margin": 1.95419}
[2026-05-09 15:11:36,761 INFO][traineradasmoothlossprojlogit.py:333 - log_eval_epoch_info] - Val Epoch[4]	{"samples": 5000, "loss": 1.1532, "acc": 0.6794, "acc_5": 0.9748, "macc": 0.68201, "nll": 0.9098, "ece": 0.03405, "aece": 0.0351, "cece": 0.0257, "mean_diffs": 5.89077, "max_diffs": 8.56444, "margin": 2.25394}
[2026-05-09 15:11:36,761 INFO][traineradasmoothlossprojlogit.py:336 - log_eval_epoch_info] - 
+---------+---------+---------+---------+
| samples | acc     | acc_5   | macc    |
+---------+---------+---------+---------+
| 5000    | 0.67940 | 0.97480 | 0.68201 |
+---------+---------+---------+---------+
[2026-05-09 15:11:36,761 INFO][traineradasmoothlossprojlogit.py:337 - log_eval_epoch_info] - 
+---------+---------+---------+---------+---------+
| samples | nll     | ece     | aece    | cece    |
+---------+---------+---------+---------+---------+
| 5000    | 0.90980 | 0.03405 | 0.03510 | 0.02570 |
+---------+---------+---------+---------+---------+
[2026-05-09 15:11:37,198 INFO][traineradasmoothlossprojlogit.py:605 - train] - Epoch[4]	Best acc on Val : 0.6794 at epoch 4
[2026-05-09 15:11:37,198 INFO][traineradasmoothlossprojlogit.py:572 - train] - ====================
[2026-05-09 15:11:37,198 INFO][traineradasmoothlossprojlogit.py:573 - train] -  Start epoch 5
[2026-05-09 15:11:37,198 INFO][traineradasmoothlossprojlogit.py:574 - train] - ====================
[2026-05-09 15:11:43,123 INFO][traineradasmoothlossprojlogit.py:300 - log_iter_info] - Train Iter[100/351][5]	{"data_time": 0.00025, "batch_time": 0.05302, "loss": 0.84699, "acc": 0.73438, "mean_diffs": 4.89258}
[2026-05-09 15:11:48,426 INFO][traineradasmoothlossprojlogit.py:300 - log_iter_info] - Train Iter[200/351][5]	{"data_time": 0.00021, "batch_time": 0.05313, "loss": 0.77702, "acc": 0.75781, "mean_diffs": 4.94483}
[2026-05-09 15:11:53,730 INFO][traineradasmoothlossprojlogit.py:300 - log_iter_info] - Train Iter[300/351][5]	{"data_time": 0.00023, "batch_time": 0.05284, "loss": 0.97404, "acc": 0.71875, "mean_diffs": 5.30914}
[2026-05-09 15:11:56,558 INFO][traineradasmoothlossprojlogit.py:319 - log_epoch_info] - Train Epoch[5]	{"samples": 44928, "lr": 0.1, "loss": 0.8423, "acc": 0.73629, "acc_5": 0.98242, "macc": 0.73628, "mean_diffs": 5.26092, "max_diffs": 7.5504, "margin": 2.26552}
[2026-05-09 15:11:57,827 INFO][traineradasmoothlossprojlogit.py:333 - log_eval_epoch_info] - Val Epoch[5]	{"samples": 5000, "loss": 0.98063, "acc": 0.6956, "acc_5": 0.9812, "macc": 0.69671, "nll": 0.86842, "ece": 0.03983, "aece": 0.03685, "cece": 0.03162, "mean_diffs": 5.32406, "max_diffs": 7.6989, "margin": 2.41832}
[2026-05-09 15:11:57,827 INFO][traineradasmoothlossprojlogit.py:336 - log_eval_epoch_info] - 
+---------+---------+---------+---------+
| samples | acc     | acc_5   | macc    |
+---------+---------+---------+---------+
| 5000    | 0.69560 | 0.98120 | 0.69671 |
+---------+---------+---------+---------+
[2026-05-09 15:11:57,827 INFO][traineradasmoothlossprojlogit.py:337 - log_eval_epoch_info] - 
+---------+---------+---------+---------+---------+
| samples | nll     | ece     | aece    | cece    |
+---------+---------+---------+---------+---------+
| 5000    | 0.86842 | 0.03983 | 0.03685 | 0.03162 |
+---------+---------+---------+---------+---------+
[2026-05-09 15:11:58,255 INFO][traineradasmoothlossprojlogit.py:605 - train] - Epoch[5]	Best acc on Val : 0.6956 at epoch 5
[2026-05-09 15:11:58,256 INFO][traineradasmoothlossprojlogit.py:572 - train] - ====================
[2026-05-09 15:11:58,256 INFO][traineradasmoothlossprojlogit.py:573 - train] -  Start epoch 6
[2026-05-09 15:11:58,256 INFO][traineradasmoothlossprojlogit.py:574 - train] - ====================
[2026-05-09 15:12:04,184 INFO][traineradasmoothlossprojlogit.py:300 - log_iter_info] - Train Iter[100/351][6]	{"data_time": 0.00025, "batch_time": 0.05297, "loss": 0.63486, "acc": 0.80469, "mean_diffs": 6.53367}
[2026-05-09 15:12:09,487 INFO][traineradasmoothlossprojlogit.py:300 - log_iter_info] - Train Iter[200/351][6]	{"data_time": 0.0004, "batch_time": 0.05324, "loss": 0.76884, "acc": 0.78906, "mean_diffs": 5.12261}
[2026-05-09 15:12:14,790 INFO][traineradasmoothlossprojlogit.py:300 - log_iter_info] - Train Iter[300/351][6]	{"data_time": 0.00024, "batch_time": 0.0528, "loss": 0.73379, "acc": 0.76562, "mean_diffs": 4.71373}
[2026-05-09 15:12:17,610 INFO][traineradasmoothlossprojlogit.py:319 - log_epoch_info] - Train Epoch[6]	{"samples": 44928, "lr": 0.1, "loss": 0.77505, "acc": 0.76128, "acc_5": 0.98644, "macc": 0.76129, "mean_diffs": 5.45766, "max_diffs": 7.68715, "margin": 2.51131}
[2026-05-09 15:12:18,879 INFO][traineradasmoothlossprojlogit.py:333 - log_eval_epoch_info] - Val Epoch[6]	{"samples": 5000, "loss": 0.96878, "acc": 0.6922, "acc_5": 0.9772, "macc": 0.69081, "nll": 0.89635, "ece": 0.04029, "aece": 0.03844, "cece": 0.03325, "mean_diffs": 5.15586, "max_diffs": 7.58322, "margin": 2.28484}
[2026-05-09 15:12:18,880 INFO][traineradasmoothlossprojlogit.py:336 - log_eval_epoch_info] - 
+---------+---------+---------+---------+
| samples | acc     | acc_5   | macc    |
+---------+---------+---------+---------+
| 5000    | 0.69220 | 0.97720 | 0.69081 |
+---------+---------+---------+---------+
[2026-05-09 15:12:18,880 INFO][traineradasmoothlossprojlogit.py:337 - log_eval_epoch_info] - 
+---------+---------+---------+---------+---------+
| samples | nll     | ece     | aece    | cece    |
+---------+---------+---------+---------+---------+
| 5000    | 0.89635 | 0.04029 | 0.03844 | 0.03325 |
+---------+---------+---------+---------+---------+
[2026-05-09 15:12:19,100 INFO][traineradasmoothlossprojlogit.py:605 - train] - Epoch[6]	Best acc on Val : 0.6956 at epoch 5
[2026-05-09 15:12:19,100 INFO][traineradasmoothlossprojlogit.py:572 - train] - ====================
[2026-05-09 15:12:19,100 INFO][traineradasmoothlossprojlogit.py:573 - train] -  Start epoch 7
[2026-05-09 15:12:19,100 INFO][traineradasmoothlossprojlogit.py:574 - train] - ====================
[2026-05-09 15:12:25,261 INFO][traineradasmoothlossprojlogit.py:300 - log_iter_info] - Train Iter[100/351][7]	{"data_time": 0.00019, "batch_time": 0.05305, "loss": 0.79248, "acc": 0.75781, "mean_diffs": 5.14317}
[2026-05-09 15:12:30,563 INFO][traineradasmoothlossprojlogit.py:300 - log_iter_info] - Train Iter[200/351][7]	{"data_time": 0.00025, "batch_time": 0.05294, "loss": 0.66037, "acc": 0.82031, "mean_diffs": 5.3316}
[2026-05-09 15:12:35,866 INFO][traineradasmoothlossprojlogit.py:300 - log_iter_info] - Train Iter[300/351][7]	{"data_time": 0.00021, "batch_time": 0.05264, "loss": 0.59918, "acc": 0.84375, "mean_diffs": 5.764}
[2026-05-09 15:12:38,673 INFO][traineradasmoothlossprojlogit.py:319 - log_epoch_info] - Train Epoch[7]	{"samples": 44928, "lr": 0.1, "loss": 0.71583, "acc": 0.78221, "acc_5": 0.9882, "macc": 0.7822, "mean_diffs": 5.66192, "max_diffs": 7.81926, "margin": 2.70189}
[2026-05-09 15:12:39,976 INFO][traineradasmoothlossprojlogit.py:333 - log_eval_epoch_info] - Val Epoch[7]	{"samples": 5000, "loss": 1.01821, "acc": 0.75, "acc_5": 0.983, "macc": 0.74907, "nll": 0.7444, "ece": 0.04561, "aece": 0.04477, "cece": 0.0219, "mean_diffs": 6.71834, "max_diffs": 9.34721, "margin": 3.16234}
[2026-05-09 15:12:39,977 INFO][traineradasmoothlossprojlogit.py:336 - log_eval_epoch_info] - 
+---------+---------+---------+---------+
| samples | acc     | acc_5   | macc    |
+---------+---------+---------+---------+
| 5000    | 0.75000 | 0.98300 | 0.74907 |
+---------+---------+---------+---------+
[2026-05-09 15:12:39,977 INFO][traineradasmoothlossprojlogit.py:337 - log_eval_epoch_info] - 
+---------+---------+---------+---------+---------+
| samples | nll     | ece     | aece    | cece    |
+---------+---------+---------+---------+---------+
| 5000    | 0.74440 | 0.04561 | 0.04477 | 0.02190 |
+---------+---------+---------+---------+---------+
[2026-05-09 15:12:40,405 INFO][traineradasmoothlossprojlogit.py:605 - train] - Epoch[7]	Best acc on Val : 0.7500 at epoch 7
[2026-05-09 15:12:40,405 INFO][traineradasmoothlossprojlogit.py:572 - train] - ====================
[2026-05-09 15:12:40,405 INFO][traineradasmoothlossprojlogit.py:573 - train] -  Start epoch 8
[2026-05-09 15:12:40,405 INFO][traineradasmoothlossprojlogit.py:574 - train] - ====================
[2026-05-09 15:12:46,335 INFO][traineradasmoothlossprojlogit.py:300 - log_iter_info] - Train Iter[100/351][8]	{"data_time": 0.00025, "batch_time": 0.05307, "loss": 0.56568, "acc": 0.84375, "mean_diffs": 6.2689}
[2026-05-09 15:12:51,635 INFO][traineradasmoothlossprojlogit.py:300 - log_iter_info] - Train Iter[200/351][8]	{"data_time": 0.00026, "batch_time": 0.05299, "loss": 0.63327, "acc": 0.80469, "mean_diffs": 5.68794}
[2026-05-09 15:12:56,939 INFO][traineradasmoothlossprojlogit.py:300 - log_iter_info] - Train Iter[300/351][8]	{"data_time": 0.00017, "batch_time": 0.05262, "loss": 0.7498, "acc": 0.77344, "mean_diffs": 5.29294}
[2026-05-09 15:12:59,741 INFO][traineradasmoothlossprojlogit.py:319 - log_epoch_info] - Train Epoch[8]	{"samples": 44928, "lr": 0.1, "loss": 0.69181, "acc": 0.79176, "acc_5": 0.98941, "macc": 0.79175, "mean_diffs": 5.72147, "max_diffs": 7.78947, "margin": 2.79001}
[2026-05-09 15:13:01,030 INFO][traineradasmoothlossprojlogit.py:333 - log_eval_epoch_info] - Val Epoch[8]	{"samples": 5000, "loss": 0.97397, "acc": 0.7372, "acc_5": 0.982, "macc": 0.73599, "nll": 0.76421, "ece": 0.06507, "aece": 0.06506, "cece": 0.03014, "mean_diffs": 6.64208, "max_diffs": 8.97289, "margin": 3.25466}
[2026-05-09 15:13:01,030 INFO][traineradasmoothlossprojlogit.py:336 - log_eval_epoch_info] - 
+---------+---------+---------+---------+
| samples | acc     | acc_5   | macc    |
+---------+---------+---------+---------+
| 5000    | 0.73720 | 0.98200 | 0.73599 |
+---------+---------+---------+---------+
[2026-05-09 15:13:01,030 INFO][traineradasmoothlossprojlogit.py:337 - log_eval_epoch_info] - 
+---------+---------+---------+---------+---------+
| samples | nll     | ece     | aece    | cece    |
+---------+---------+---------+---------+---------+
| 5000    | 0.76421 | 0.06507 | 0.06506 | 0.03014 |
+---------+---------+---------+---------+---------+
[2026-05-09 15:13:01,254 INFO][traineradasmoothlossprojlogit.py:605 - train] - Epoch[8]	Best acc on Val : 0.7500 at epoch 7
[2026-05-09 15:13:01,255 INFO][traineradasmoothlossprojlogit.py:572 - train] - ====================
[2026-05-09 15:13:01,255 INFO][traineradasmoothlossprojlogit.py:573 - train] -  Start epoch 9
[2026-05-09 15:13:01,255 INFO][traineradasmoothlossprojlogit.py:574 - train] - ====================
[2026-05-09 15:13:07,191 INFO][traineradasmoothlossprojlogit.py:300 - log_iter_info] - Train Iter[100/351][9]	{"data_time": 0.00021, "batch_time": 0.05283, "loss": 0.69136, "acc": 0.79688, "mean_diffs": 5.96399}
[2026-05-09 15:13:12,500 INFO][traineradasmoothlossprojlogit.py:300 - log_iter_info] - Train Iter[200/351][9]	{"data_time": 0.00025, "batch_time": 0.05316, "loss": 0.48737, "acc": 0.86719, "mean_diffs": 5.91082}
[2026-05-09 15:13:17,814 INFO][traineradasmoothlossprojlogit.py:300 - log_iter_info] - Train Iter[300/351][9]	{"data_time": 0.00018, "batch_time": 0.05311, "loss": 0.87591, "acc": 0.6875, "mean_diffs": 5.00629}
[2026-05-09 15:13:20,617 INFO][traineradasmoothlossprojlogit.py:319 - log_epoch_info] - Train Epoch[9]	{"samples": 44928, "lr": 0.1, "loss": 0.66571, "acc": 0.80277, "acc_5": 0.99041, "macc": 0.80276, "mean_diffs": 5.73153, "max_diffs": 7.7204, "margin": 2.9095}
[2026-05-09 15:13:21,879 INFO][traineradasmoothlossprojlogit.py:333 - log_eval_epoch_info] - Val Epoch[9]	{"samples": 5000, "loss": 0.89103, "acc": 0.7758, "acc_5": 0.9838, "macc": 0.77601, "nll": 0.65666, "ece": 0.01777, "aece": 0.01859, "cece": 0.01842, "mean_diffs": 6.23432, "max_diffs": 8.32236, "margin": 3.17195}
[2026-05-09 15:13:21,880 INFO][traineradasmoothlossprojlogit.py:336 - log_eval_epoch_info] - 
+---------+---------+---------+---------+
| samples | acc     | acc_5   | macc    |
+---------+---------+---------+---------+
| 5000    | 0.77580 | 0.98380 | 0.77601 |
+---------+---------+---------+---------+
[2026-05-09 15:13:21,880 INFO][traineradasmoothlossprojlogit.py:337 - log_eval_epoch_info] - 
+---------+---------+---------+---------+---------+
| samples | nll     | ece     | aece    | cece    |
+---------+---------+---------+---------+---------+
| 5000    | 0.65666 | 0.01777 | 0.01859 | 0.01842 |
+---------+---------+---------+---------+---------+
[2026-05-09 15:13:22,308 INFO][traineradasmoothlossprojlogit.py:605 - train] - Epoch[9]	Best acc on Val : 0.7758 at epoch 9
[2026-05-09 15:13:22,308 INFO][traineradasmoothlossprojlogit.py:572 - train] - ====================
[2026-05-09 15:13:22,308 INFO][traineradasmoothlossprojlogit.py:573 - train] -  Start epoch 10
[2026-05-09 15:13:22,308 INFO][traineradasmoothlossprojlogit.py:574 - train] - ====================
[2026-05-09 15:13:28,240 INFO][traineradasmoothlossprojlogit.py:300 - log_iter_info] - Train Iter[100/351][10]	{"data_time": 0.00039, "batch_time": 0.05306, "loss": 0.66377, "acc": 0.79688, "mean_diffs": 5.75334}
[2026-05-09 15:13:33,545 INFO][traineradasmoothlossprojlogit.py:300 - log_iter_info] - Train Iter[200/351][10]	{"data_time": 0.00026, "batch_time": 0.05297, "loss": 0.83148, "acc": 0.75, "mean_diffs": 5.54155}
[2026-05-09 15:13:38,854 INFO][traineradasmoothlossprojlogit.py:300 - log_iter_info] - Train Iter[300/351][10]	{"data_time": 0.00022, "batch_time": 0.053, "loss": 0.67659, "acc": 0.82812, "mean_diffs": 6.00768}
[2026-05-09 15:13:41,651 INFO][traineradasmoothlossprojlogit.py:319 - log_epoch_info] - Train Epoch[10]	{"samples": 44928, "lr": 0.1, "loss": 0.63985, "acc": 0.81197, "acc_5": 0.99007, "macc": 0.81197, "mean_diffs": 5.79893, "max_diffs": 7.74234, "margin": 2.99745}
[2026-05-09 15:13:42,934 INFO][traineradasmoothlossprojlogit.py:333 - log_eval_epoch_info] - Val Epoch[10]	{"samples": 5000, "loss": 0.79312, "acc": 0.7922, "acc_5": 0.9876, "macc": 0.79286, "nll": 0.59248, "ece": 0.01653, "aece": 0.01181, "cece": 0.01807, "mean_diffs": 6.27091, "max_diffs": 8.44734, "margin": 3.04475}
[2026-05-09 15:13:42,934 INFO][traineradasmoothlossprojlogit.py:336 - log_eval_epoch_info] - 
+---------+---------+---------+---------+
| samples | acc     | acc_5   | macc    |
+---------+---------+---------+---------+
| 5000    | 0.79220 | 0.98760 | 0.79286 |
+---------+---------+---------+---------+
[2026-05-09 15:13:42,934 INFO][traineradasmoothlossprojlogit.py:337 - log_eval_epoch_info] - 
+---------+---------+---------+---------+---------+
| samples | nll     | ece     | aece    | cece    |
+---------+---------+---------+---------+---------+
| 5000    | 0.59248 | 0.01653 | 0.01181 | 0.01807 |
+---------+---------+---------+---------+---------+
[2026-05-09 15:13:43,368 INFO][traineradasmoothlossprojlogit.py:605 - train] - Epoch[10]	Best acc on Val : 0.7922 at epoch 10
[2026-05-09 15:13:43,368 INFO][traineradasmoothlossprojlogit.py:572 - train] - ====================
[2026-05-09 15:13:43,368 INFO][traineradasmoothlossprojlogit.py:573 - train] -  Start epoch 11
[2026-05-09 15:13:43,368 INFO][traineradasmoothlossprojlogit.py:574 - train] - ====================
[2026-05-09 15:13:49,559 INFO][traineradasmoothlossprojlogit.py:300 - log_iter_info] - Train Iter[100/351][11]	{"data_time": 0.00027, "batch_time": 0.05316, "loss": 0.66383, "acc": 0.79688, "mean_diffs": 6.12255}
[2026-05-09 15:13:54,852 INFO][traineradasmoothlossprojlogit.py:300 - log_iter_info] - Train Iter[200/351][11]	{"data_time": 0.00021, "batch_time": 0.05309, "loss": 0.48163, "acc": 0.85156, "mean_diffs": 6.41811}
[2026-05-09 15:14:00,151 INFO][traineradasmoothlossprojlogit.py:300 - log_iter_info] - Train Iter[300/351][11]	{"data_time": 0.00017, "batch_time": 0.05277, "loss": 0.52236, "acc": 0.85156, "mean_diffs": 6.03723}
[2026-05-09 15:14:02,969 INFO][traineradasmoothlossprojlogit.py:319 - log_epoch_info] - Train Epoch[11]	{"samples": 44928, "lr": 0.1, "loss": 0.62367, "acc": 0.81704, "acc_5": 0.99083, "macc": 0.81704, "mean_diffs": 5.87776, "max_diffs": 7.78961, "margin": 3.06644}
[2026-05-09 15:14:04,245 INFO][traineradasmoothlossprojlogit.py:333 - log_eval_epoch_info] - Val Epoch[11]	{"samples": 5000, "loss": 1.01685, "acc": 0.7136, "acc_5": 0.9816, "macc": 0.71599, "nll": 0.84707, "ece": 0.07842, "aece": 0.07845, "cece": 0.03486, "mean_diffs": 6.05419, "max_diffs": 8.1195, "margin": 3.05296}
[2026-05-09 15:14:04,245 INFO][traineradasmoothlossprojlogit.py:336 - log_eval_epoch_info] - 
+---------+---------+---------+---------+
| samples | acc     | acc_5   | macc    |
+---------+---------+---------+---------+
| 5000    | 0.71360 | 0.98160 | 0.71599 |
+---------+---------+---------+---------+
[2026-05-09 15:14:04,245 INFO][traineradasmoothlossprojlogit.py:337 - log_eval_epoch_info] - 
+---------+---------+---------+---------+---------+
| samples | nll     | ece     | aece    | cece    |
+---------+---------+---------+---------+---------+
| 5000    | 0.84707 | 0.07842 | 0.07845 | 0.03486 |
+---------+---------+---------+---------+---------+
[2026-05-09 15:14:04,468 INFO][traineradasmoothlossprojlogit.py:605 - train] - Epoch[11]	Best acc on Val : 0.7922 at epoch 10
[2026-05-09 15:14:04,468 INFO][traineradasmoothlossprojlogit.py:572 - train] - ====================
[2026-05-09 15:14:04,468 INFO][traineradasmoothlossprojlogit.py:573 - train] -  Start epoch 12
[2026-05-09 15:14:04,468 INFO][traineradasmoothlossprojlogit.py:574 - train] - ====================
[2026-05-09 15:14:10,366 INFO][traineradasmoothlossprojlogit.py:300 - log_iter_info] - Train Iter[100/351][12]	{"data_time": 0.00025, "batch_time": 0.05291, "loss": 0.60084, "acc": 0.83594, "mean_diffs": 6.09579}
[2026-05-09 15:14:15,658 INFO][traineradasmoothlossprojlogit.py:300 - log_iter_info] - Train Iter[200/351][12]	{"data_time": 0.00025, "batch_time": 0.05282, "loss": 0.58662, "acc": 0.80469, "mean_diffs": 5.88094}
[2026-05-09 15:14:20,958 INFO][traineradasmoothlossprojlogit.py:300 - log_iter_info] - Train Iter[300/351][12]	{"data_time": 0.00017, "batch_time": 0.05281, "loss": 0.59043, "acc": 0.82812, "mean_diffs": 6.07141}
[2026-05-09 15:14:23,769 INFO][traineradasmoothlossprojlogit.py:319 - log_epoch_info] - Train Epoch[12]	{"samples": 44928, "lr": 0.1, "loss": 0.61441, "acc": 0.82025, "acc_5": 0.99134, "macc": 0.82026, "mean_diffs": 5.88529, "max_diffs": 7.7344, "margin": 3.07083}
[2026-05-09 15:14:25,053 INFO][traineradasmoothlossprojlogit.py:333 - log_eval_epoch_info] - Val Epoch[12]	{"samples": 5000, "loss": 0.86095, "acc": 0.7796, "acc_5": 0.987, "macc": 0.78023, "nll": 0.64793, "ece": 0.02476, "aece": 0.0255, "cece": 0.0238, "mean_diffs": 6.64164, "max_diffs": 8.80891, "margin": 3.19391}
[2026-05-09 15:14:25,053 INFO][traineradasmoothlossprojlogit.py:336 - log_eval_epoch_info] - 
+---------+---------+---------+---------+
| samples | acc     | acc_5   | macc    |
+---------+---------+---------+---------+
| 5000    | 0.77960 | 0.98700 | 0.78023 |
+---------+---------+---------+---------+
[2026-05-09 15:14:25,054 INFO][traineradasmoothlossprojlogit.py:337 - log_eval_epoch_info] - 
+---------+---------+---------+---------+---------+
| samples | nll     | ece     | aece    | cece    |
+---------+---------+---------+---------+---------+
| 5000    | 0.64793 | 0.02476 | 0.02550 | 0.02380 |
+---------+---------+---------+---------+---------+
[2026-05-09 15:14:25,280 INFO][traineradasmoothlossprojlogit.py:605 - train] - Epoch[12]	Best acc on Val : 0.7922 at epoch 10
[2026-05-09 15:14:25,280 INFO][traineradasmoothlossprojlogit.py:572 - train] - ====================
[2026-05-09 15:14:25,280 INFO][traineradasmoothlossprojlogit.py:573 - train] -  Start epoch 13
[2026-05-09 15:14:25,280 INFO][traineradasmoothlossprojlogit.py:574 - train] - ====================
[2026-05-09 15:14:31,189 INFO][traineradasmoothlossprojlogit.py:300 - log_iter_info] - Train Iter[100/351][13]	{"data_time": 0.00021, "batch_time": 0.05293, "loss": 0.62007, "acc": 0.82812, "mean_diffs": 6.17279}
[2026-05-09 15:14:36,483 INFO][traineradasmoothlossprojlogit.py:300 - log_iter_info] - Train Iter[200/351][13]	{"data_time": 0.00021, "batch_time": 0.05296, "loss": 0.56278, "acc": 0.80469, "mean_diffs": 6.14345}
[2026-05-09 15:14:41,787 INFO][traineradasmoothlossprojlogit.py:300 - log_iter_info] - Train Iter[300/351][13]	{"data_time": 0.00019, "batch_time": 0.05273, "loss": 0.61259, "acc": 0.83594, "mean_diffs": 5.80667}
[2026-05-09 15:14:44,603 INFO][traineradasmoothlossprojlogit.py:319 - log_epoch_info] - Train Epoch[13]	{"samples": 44928, "lr": 0.1, "loss": 0.60378, "acc": 0.82352, "acc_5": 0.9923, "macc": 0.82351, "mean_diffs": 5.8517, "max_diffs": 7.61799, "margin": 3.13818}
[2026-05-09 15:14:45,868 INFO][traineradasmoothlossprojlogit.py:333 - log_eval_epoch_info] - Val Epoch[13]	{"samples": 5000, "loss": 0.98555, "acc": 0.7386, "acc_5": 0.98, "macc": 0.73801, "nll": 0.76993, "ece": 0.05537, "aece": 0.05523, "cece": 0.03072, "mean_diffs": 6.22271, "max_diffs": 8.19237, "margin": 3.32968}
[2026-05-09 15:14:45,869 INFO][traineradasmoothlossprojlogit.py:336 - log_eval_epoch_info] - 
+---------+---------+---------+---------+
| samples | acc     | acc_5   | macc    |
+---------+---------+---------+---------+
| 5000    | 0.73860 | 0.98000 | 0.73801 |
+---------+---------+---------+---------+
[2026-05-09 15:14:45,869 INFO][traineradasmoothlossprojlogit.py:337 - log_eval_epoch_info] - 
+---------+---------+---------+---------+---------+
| samples | nll     | ece     | aece    | cece    |
+---------+---------+---------+---------+---------+
| 5000    | 0.76993 | 0.05537 | 0.05523 | 0.03072 |
+---------+---------+---------+---------+---------+
[2026-05-09 15:14:46,088 INFO][traineradasmoothlossprojlogit.py:605 - train] - Epoch[13]	Best acc on Val : 0.7922 at epoch 10
[2026-05-09 15:14:46,088 INFO][traineradasmoothlossprojlogit.py:572 - train] - ====================
[2026-05-09 15:14:46,088 INFO][traineradasmoothlossprojlogit.py:573 - train] -  Start epoch 14
[2026-05-09 15:14:46,088 INFO][traineradasmoothlossprojlogit.py:574 - train] - ====================
[2026-05-09 15:14:52,007 INFO][traineradasmoothlossprojlogit.py:300 - log_iter_info] - Train Iter[100/351][14]	{"data_time": 0.00027, "batch_time": 0.05292, "loss": 0.44796, "acc": 0.89062, "mean_diffs": 6.10514}
[2026-05-09 15:14:57,310 INFO][traineradasmoothlossprojlogit.py:300 - log_iter_info] - Train Iter[200/351][14]	{"data_time": 0.00021, "batch_time": 0.05288, "loss": 0.55796, "acc": 0.85156, "mean_diffs": 6.35841}
[2026-05-09 15:15:02,620 INFO][traineradasmoothlossprojlogit.py:300 - log_iter_info] - Train Iter[300/351][14]	{"data_time": 0.00019, "batch_time": 0.05317, "loss": 0.80843, "acc": 0.73438, "mean_diffs": 5.1919}
[2026-05-09 15:15:05,402 INFO][traineradasmoothlossprojlogit.py:319 - log_epoch_info] - Train Epoch[14]	{"samples": 44928, "lr": 0.1, "loss": 0.59646, "acc": 0.82817, "acc_5": 0.99217, "macc": 0.82819, "mean_diffs": 5.87027, "max_diffs": 7.61877, "margin": 3.142}
[2026-05-09 15:15:06,679 INFO][traineradasmoothlossprojlogit.py:333 - log_eval_epoch_info] - Val Epoch[14]	{"samples": 5000, "loss": 1.75335, "acc": 0.6246, "acc_5": 0.9628, "macc": 0.62273, "nll": 1.50808, "ece": 0.18939, "aece": 0.18935, "cece": 0.0532, "mean_diffs": 7.20886, "max_diffs": 9.28045, "margin": 4.10786}
[2026-05-09 15:15:06,679 INFO][traineradasmoothlossprojlogit.py:336 - log_eval_epoch_info] - 
+---------+---------+---------+---------+
| samples | acc     | acc_5   | macc    |
+---------+---------+---------+---------+
| 5000    | 0.62460 | 0.96280 | 0.62273 |
+---------+---------+---------+---------+
[2026-05-09 15:15:06,679 INFO][traineradasmoothlossprojlogit.py:337 - log_eval_epoch_info] - 
+---------+---------+---------+---------+---------+
| samples | nll     | ece     | aece    | cece    |
+---------+---------+---------+---------+---------+
| 5000    | 1.50808 | 0.18939 | 0.18935 | 0.05320 |
+---------+---------+---------+---------+---------+
[2026-05-09 15:15:06,908 INFO][traineradasmoothlossprojlogit.py:605 - train] - Epoch[14]	Best acc on Val : 0.7922 at epoch 10
[2026-05-09 15:15:06,908 INFO][traineradasmoothlossprojlogit.py:572 - train] - ====================
[2026-05-09 15:15:06,908 INFO][traineradasmoothlossprojlogit.py:573 - train] -  Start epoch 15
[2026-05-09 15:15:06,908 INFO][traineradasmoothlossprojlogit.py:574 - train] - ====================
[2026-05-09 15:15:13,099 INFO][traineradasmoothlossprojlogit.py:300 - log_iter_info] - Train Iter[100/351][15]	{"data_time": 0.00028, "batch_time": 0.05275, "loss": 0.68614, "acc": 0.79688, "mean_diffs": 5.64048}
[2026-05-09 15:15:18,402 INFO][traineradasmoothlossprojlogit.py:300 - log_iter_info] - Train Iter[200/351][15]	{"data_time": 0.00024, "batch_time": 0.05271, "loss": 0.6549, "acc": 0.83594, "mean_diffs": 5.59371}
[2026-05-09 15:15:23,711 INFO][traineradasmoothlossprojlogit.py:300 - log_iter_info] - Train Iter[300/351][15]	{"data_time": 0.00024, "batch_time": 0.05316, "loss": 0.50485, "acc": 0.85938, "mean_diffs": 6.15388}
[2026-05-09 15:15:26,506 INFO][traineradasmoothlossprojlogit.py:319 - log_epoch_info] - Train Epoch[15]	{"samples": 44928, "lr": 0.1, "loss": 0.58714, "acc": 0.83137, "acc_5": 0.99156, "macc": 0.83138, "mean_diffs": 5.93116, "max_diffs": 7.65251, "margin": 3.21599}
[2026-05-09 15:15:27,777 INFO][traineradasmoothlossprojlogit.py:333 - log_eval_epoch_info] - Val Epoch[15]	{"samples": 5000, "loss": 0.77565, "acc": 0.794, "acc_5": 0.9908, "macc": 0.79528, "nll": 0.6089, "ece": 0.03628, "aece": 0.03621, "cece": 0.02345, "mean_diffs": 6.45476, "max_diffs": 8.3322, "margin": 3.57531}
[2026-05-09 15:15:27,777 INFO][traineradasmoothlossprojlogit.py:336 - log_eval_epoch_info] - 
+---------+---------+---------+---------+
| samples | acc     | acc_5   | macc    |
+---------+---------+---------+---------+
| 5000    | 0.79400 | 0.99080 | 0.79528 |
+---------+---------+---------+---------+
[2026-05-09 15:15:27,777 INFO][traineradasmoothlossprojlogit.py:337 - log_eval_epoch_info] - 
+---------+---------+---------+---------+---------+
| samples | nll     | ece     | aece    | cece    |
+---------+---------+---------+---------+---------+
| 5000    | 0.60890 | 0.03628 | 0.03621 | 0.02345 |
+---------+---------+---------+---------+---------+
[2026-05-09 15:15:28,219 INFO][traineradasmoothlossprojlogit.py:605 - train] - Epoch[15]	Best acc on Val : 0.7940 at epoch 15
[2026-05-09 15:15:28,219 INFO][traineradasmoothlossprojlogit.py:572 - train] - ====================
[2026-05-09 15:15:28,219 INFO][traineradasmoothlossprojlogit.py:573 - train] -  Start epoch 16
[2026-05-09 15:15:28,219 INFO][traineradasmoothlossprojlogit.py:574 - train] - ====================
[2026-05-09 15:15:34,136 INFO][traineradasmoothlossprojlogit.py:300 - log_iter_info] - Train Iter[100/351][16]	{"data_time": 0.00022, "batch_time": 0.05291, "loss": 0.5354, "acc": 0.86719, "mean_diffs": 5.7018}
[2026-05-09 15:15:39,429 INFO][traineradasmoothlossprojlogit.py:300 - log_iter_info] - Train Iter[200/351][16]	{"data_time": 0.00042, "batch_time": 0.05328, "loss": 0.77539, "acc": 0.79688, "mean_diffs": 6.35661}
[2026-05-09 15:15:44,727 INFO][traineradasmoothlossprojlogit.py:300 - log_iter_info] - Train Iter[300/351][16]	{"data_time": 0.00024, "batch_time": 0.05314, "loss": 0.63359, "acc": 0.84375, "mean_diffs": 5.87953}
[2026-05-09 15:15:47,516 INFO][traineradasmoothlossprojlogit.py:319 - log_epoch_info] - Train Epoch[16]	{"samples": 44928, "lr": 0.1, "loss": 0.57448, "acc": 0.83514, "acc_5": 0.99319, "macc": 0.83517, "mean_diffs": 5.94427, "max_diffs": 7.63265, "margin": 3.25222}
[2026-05-09 15:15:48,807 INFO][traineradasmoothlossprojlogit.py:333 - log_eval_epoch_info] - Val Epoch[16]	{"samples": 5000, "loss": 0.8382, "acc": 0.774, "acc_5": 0.9872, "macc": 0.77335, "nll": 0.67986, "ece": 0.03369, "aece": 0.03141, "cece": 0.0235, "mean_diffs": 5.95451, "max_diffs": 7.81225, "margin": 3.10725}
[2026-05-09 15:15:48,807 INFO][traineradasmoothlossprojlogit.py:336 - log_eval_epoch_info] - 
+---------+---------+---------+---------+
| samples | acc     | acc_5   | macc    |
+---------+---------+---------+---------+
| 5000    | 0.77400 | 0.98720 | 0.77335 |
+---------+---------+---------+---------+
[2026-05-09 15:15:48,807 INFO][traineradasmoothlossprojlogit.py:337 - log_eval_epoch_info] - 
+---------+---------+---------+---------+---------+
| samples | nll     | ece     | aece    | cece    |
+---------+---------+---------+---------+---------+
| 5000    | 0.67986 | 0.03369 | 0.03141 | 0.02350 |
+---------+---------+---------+---------+---------+
[2026-05-09 15:15:49,033 INFO][traineradasmoothlossprojlogit.py:605 - train] - Epoch[16]	Best acc on Val : 0.7940 at epoch 15
[2026-05-09 15:15:49,033 INFO][traineradasmoothlossprojlogit.py:572 - train] - ====================
[2026-05-09 15:15:49,033 INFO][traineradasmoothlossprojlogit.py:573 - train] -  Start epoch 17
[2026-05-09 15:15:49,033 INFO][traineradasmoothlossprojlogit.py:574 - train] - ====================
[2026-05-09 15:15:54,957 INFO][traineradasmoothlossprojlogit.py:300 - log_iter_info] - Train Iter[100/351][17]	{"data_time": 0.00025, "batch_time": 0.05308, "loss": 0.49315, "acc": 0.85938, "mean_diffs": 5.90542}
[2026-05-09 15:16:00,255 INFO][traineradasmoothlossprojlogit.py:300 - log_iter_info] - Train Iter[200/351][17]	{"data_time": 0.0002, "batch_time": 0.05297, "loss": 0.56076, "acc": 0.85938, "mean_diffs": 5.70377}
[2026-05-09 15:16:05,558 INFO][traineradasmoothlossprojlogit.py:300 - log_iter_info] - Train Iter[300/351][17]	{"data_time": 0.00025, "batch_time": 0.05292, "loss": 0.45105, "acc": 0.86719, "mean_diffs": 6.27543}
[2026-05-09 15:16:08,357 INFO][traineradasmoothlossprojlogit.py:319 - log_epoch_info] - Train Epoch[17]	{"samples": 44928, "lr": 0.1, "loss": 0.56482, "acc": 0.83714, "acc_5": 0.99277, "macc": 0.83715, "mean_diffs": 6.00003, "max_diffs": 7.71898, "margin": 3.29513}
[2026-05-09 15:16:09,640 INFO][traineradasmoothlossprojlogit.py:333 - log_eval_epoch_info] - Val Epoch[17]	{"samples": 5000, "loss": 0.9358, "acc": 0.7524, "acc_5": 0.9876, "macc": 0.75299, "nll": 0.75622, "ece": 0.06564, "aece": 0.06333, "cece": 0.03072, "mean_diffs": 6.04849, "max_diffs": 7.86961, "margin": 3.25376}
[2026-05-09 15:16:09,640 INFO][traineradasmoothlossprojlogit.py:336 - log_eval_epoch_info] - 
+---------+---------+---------+---------+
| samples | acc     | acc_5   | macc    |
+---------+---------+---------+---------+
| 5000    | 0.75240 | 0.98760 | 0.75299 |
+---------+---------+---------+---------+
[2026-05-09 15:16:09,641 INFO][traineradasmoothlossprojlogit.py:337 - log_eval_epoch_info] - 
+---------+---------+---------+---------+---------+
| samples | nll     | ece     | aece    | cece    |
+---------+---------+---------+---------+---------+
| 5000    | 0.75622 | 0.06564 | 0.06333 | 0.03072 |
+---------+---------+---------+---------+---------+
[2026-05-09 15:16:09,866 INFO][traineradasmoothlossprojlogit.py:605 - train] - Epoch[17]	Best acc on Val : 0.7940 at epoch 15
[2026-05-09 15:16:09,866 INFO][traineradasmoothlossprojlogit.py:572 - train] - ====================
[2026-05-09 15:16:09,866 INFO][traineradasmoothlossprojlogit.py:573 - train] -  Start epoch 18
[2026-05-09 15:16:09,866 INFO][traineradasmoothlossprojlogit.py:574 - train] - ====================
[2026-05-09 15:16:16,053 INFO][traineradasmoothlossprojlogit.py:300 - log_iter_info] - Train Iter[100/351][18]	{"data_time": 0.00024, "batch_time": 0.05306, "loss": 0.47077, "acc": 0.88281, "mean_diffs": 5.86024}
[2026-05-09 15:16:21,350 INFO][traineradasmoothlossprojlogit.py:300 - log_iter_info] - Train Iter[200/351][18]	{"data_time": 0.00026, "batch_time": 0.05299, "loss": 0.5194, "acc": 0.85156, "mean_diffs": 6.19331}
[2026-05-09 15:16:26,648 INFO][traineradasmoothlossprojlogit.py:300 - log_iter_info] - Train Iter[300/351][18]	{"data_time": 0.00022, "batch_time": 0.0531, "loss": 0.51893, "acc": 0.85938, "mean_diffs": 6.26035}
[2026-05-09 15:16:29,460 INFO][traineradasmoothlossprojlogit.py:319 - log_epoch_info] - Train Epoch[18]	{"samples": 44928, "lr": 0.1, "loss": 0.56616, "acc": 0.83977, "acc_5": 0.9933, "macc": 0.83978, "mean_diffs": 5.93483, "max_diffs": 7.56683, "margin": 3.30909}
[2026-05-09 15:16:30,728 INFO][traineradasmoothlossprojlogit.py:333 - log_eval_epoch_info] - Val Epoch[18]	{"samples": 5000, "loss": 0.92942, "acc": 0.7568, "acc_5": 0.9828, "macc": 0.75873, "nll": 0.71794, "ece": 0.03624, "aece": 0.03415, "cece": 0.02504, "mean_diffs": 6.10146, "max_diffs": 8.01627, "margin": 3.19223}
[2026-05-09 15:16:30,729 INFO][traineradasmoothlossprojlogit.py:336 - log_eval_epoch_info] - 
+---------+---------+---------+---------+
| samples | acc     | acc_5   | macc    |
+---------+---------+---------+---------+
| 5000    | 0.75680 | 0.98280 | 0.75873 |
+---------+---------+---------+---------+
[2026-05-09 15:16:30,729 INFO][traineradasmoothlossprojlogit.py:337 - log_eval_epoch_info] - 
+---------+---------+---------+---------+---------+
| samples | nll     | ece     | aece    | cece    |
+---------+---------+---------+---------+---------+
| 5000    | 0.71794 | 0.03624 | 0.03415 | 0.02504 |
+---------+---------+---------+---------+---------+
[2026-05-09 15:16:30,957 INFO][traineradasmoothlossprojlogit.py:605 - train] - Epoch[18]	Best acc on Val : 0.7940 at epoch 15
[2026-05-09 15:16:30,958 INFO][traineradasmoothlossprojlogit.py:572 - train] - ====================
[2026-05-09 15:16:30,958 INFO][traineradasmoothlossprojlogit.py:573 - train] -  Start epoch 19
[2026-05-09 15:16:30,958 INFO][traineradasmoothlossprojlogit.py:574 - train] - ====================
[2026-05-09 15:16:36,883 INFO][traineradasmoothlossprojlogit.py:300 - log_iter_info] - Train Iter[100/351][19]	{"data_time": 0.00021, "batch_time": 0.05311, "loss": 0.58005, "acc": 0.8125, "mean_diffs": 6.12956}
[2026-05-09 15:16:42,179 INFO][traineradasmoothlossprojlogit.py:300 - log_iter_info] - Train Iter[200/351][19]	{"data_time": 0.0002, "batch_time": 0.05296, "loss": 0.67532, "acc": 0.82031, "mean_diffs": 5.62048}
[2026-05-09 15:16:47,482 INFO][traineradasmoothlossprojlogit.py:300 - log_iter_info] - Train Iter[300/351][19]	{"data_time": 0.00019, "batch_time": 0.0528, "loss": 0.6113, "acc": 0.84375, "mean_diffs": 5.93766}
[2026-05-09 15:16:50,286 INFO][traineradasmoothlossprojlogit.py:319 - log_epoch_info] - Train Epoch[19]	{"samples": 44928, "lr": 0.1, "loss": 0.56157, "acc": 0.84386, "acc_5": 0.99372, "macc": 0.84385, "mean_diffs": 5.92872, "max_diffs": 7.55129, "margin": 3.31319}
[2026-05-09 15:16:51,545 INFO][traineradasmoothlossprojlogit.py:333 - log_eval_epoch_info] - Val Epoch[19]	{"samples": 5000, "loss": 0.96147, "acc": 0.7334, "acc_5": 0.9704, "macc": 0.7322, "nll": 0.82814, "ece": 0.05937, "aece": 0.05929, "cece": 0.03112, "mean_diffs": 5.62919, "max_diffs": 7.25257, "margin": 3.10059}
[2026-05-09 15:16:51,545 INFO][traineradasmoothlossprojlogit.py:336 - log_eval_epoch_info] - 
+---------+---------+---------+---------+
| samples | acc     | acc_5   | macc    |
+---------+---------+---------+---------+
| 5000    | 0.73340 | 0.97040 | 0.73220 |
+---------+---------+---------+---------+
[2026-05-09 15:16:51,545 INFO][traineradasmoothlossprojlogit.py:337 - log_eval_epoch_info] - 
+---------+---------+---------+---------+---------+
| samples | nll     | ece     | aece    | cece    |
+---------+---------+---------+---------+---------+
| 5000    | 0.82814 | 0.05937 | 0.05929 | 0.03112 |
+---------+---------+---------+---------+---------+
[2026-05-09 15:16:51,767 INFO][traineradasmoothlossprojlogit.py:605 - train] - Epoch[19]	Best acc on Val : 0.7940 at epoch 15
[2026-05-09 15:16:51,767 INFO][traineradasmoothlossprojlogit.py:572 - train] - ====================
[2026-05-09 15:16:51,767 INFO][traineradasmoothlossprojlogit.py:573 - train] -  Start epoch 20
[2026-05-09 15:16:51,767 INFO][traineradasmoothlossprojlogit.py:574 - train] - ====================
[2026-05-09 15:16:57,684 INFO][traineradasmoothlossprojlogit.py:300 - log_iter_info] - Train Iter[100/351][20]	{"data_time": 0.0002, "batch_time": 0.05271, "loss": 0.54101, "acc": 0.85156, "mean_diffs": 6.20332}
[2026-05-09 15:17:02,983 INFO][traineradasmoothlossprojlogit.py:300 - log_iter_info] - Train Iter[200/351][20]	{"data_time": 0.00022, "batch_time": 0.05303, "loss": 0.627, "acc": 0.82812, "mean_diffs": 6.09288}
[2026-05-09 15:17:08,286 INFO][traineradasmoothlossprojlogit.py:300 - log_iter_info] - Train Iter[300/351][20]	{"data_time": 0.00018, "batch_time": 0.05283, "loss": 0.43423, "acc": 0.92188, "mean_diffs": 5.85274}
[2026-05-09 15:17:11,098 INFO][traineradasmoothlossprojlogit.py:319 - log_epoch_info] - Train Epoch[20]	{"samples": 44928, "lr": 0.1, "loss": 0.5532, "acc": 0.84604, "acc_5": 0.99279, "macc": 0.84606, "mean_diffs": 5.94727, "max_diffs": 7.54872, "margin": 3.36869}
[2026-05-09 15:17:12,353 INFO][traineradasmoothlossprojlogit.py:333 - log_eval_epoch_info] - Val Epoch[20]	{"samples": 5000, "loss": 0.8063, "acc": 0.7826, "acc_5": 0.9876, "macc": 0.78356, "nll": 0.64261, "ece": 0.02623, "aece": 0.02354, "cece": 0.02179, "mean_diffs": 5.96154, "max_diffs": 7.60028, "margin": 3.42926}
[2026-05-09 15:17:12,353 INFO][traineradasmoothlossprojlogit.py:336 - log_eval_epoch_info] - 
+---------+---------+---------+---------+
| samples | acc     | acc_5   | macc    |
+---------+---------+---------+---------+
| 5000    | 0.78260 | 0.98760 | 0.78356 |
+---------+---------+---------+---------+
[2026-05-09 15:17:12,353 INFO][traineradasmoothlossprojlogit.py:337 - log_eval_epoch_info] - 
+---------+---------+---------+---------+---------+
| samples | nll     | ece     | aece    | cece    |
+---------+---------+---------+---------+---------+
| 5000    | 0.64261 | 0.02623 | 0.02354 | 0.02179 |
+---------+---------+---------+---------+---------+
[2026-05-09 15:17:12,576 INFO][traineradasmoothlossprojlogit.py:605 - train] - Epoch[20]	Best acc on Val : 0.7940 at epoch 15
[2026-05-09 15:17:12,576 INFO][traineradasmoothlossprojlogit.py:572 - train] - ====================
[2026-05-09 15:17:12,576 INFO][traineradasmoothlossprojlogit.py:573 - train] -  Start epoch 21
[2026-05-09 15:17:12,576 INFO][traineradasmoothlossprojlogit.py:574 - train] - ====================
[2026-05-09 15:17:18,524 INFO][traineradasmoothlossprojlogit.py:300 - log_iter_info] - Train Iter[100/351][21]	{"data_time": 0.00022, "batch_time": 0.05316, "loss": 0.5286, "acc": 0.86719, "mean_diffs": 6.10711}
[2026-05-09 15:17:23,837 INFO][traineradasmoothlossprojlogit.py:300 - log_iter_info] - Train Iter[200/351][21]	{"data_time": 0.00027, "batch_time": 0.05305, "loss": 0.58635, "acc": 0.82031, "mean_diffs": 5.87031}
[2026-05-09 15:17:29,152 INFO][traineradasmoothlossprojlogit.py:300 - log_iter_info] - Train Iter[300/351][21]	{"data_time": 0.00038, "batch_time": 0.05322, "loss": 0.54645, "acc": 0.85156, "mean_diffs": 5.64737}
[2026-05-09 15:17:31,950 INFO][traineradasmoothlossprojlogit.py:319 - log_epoch_info] - Train Epoch[21]	{"samples": 44928, "lr": 0.1, "loss": 0.5429, "acc": 0.84829, "acc_5": 0.99299, "macc": 0.84831, "mean_diffs": 5.99926, "max_diffs": 7.60012, "margin": 3.40574}
[2026-05-09 15:17:33,225 INFO][traineradasmoothlossprojlogit.py:333 - log_eval_epoch_info] - Val Epoch[21]	{"samples": 5000, "loss": 0.79951, "acc": 0.7976, "acc_5": 0.991, "macc": 0.79587, "nll": 0.5953, "ece": 0.02101, "aece": 0.01971, "cece": 0.02323, "mean_diffs": 6.2139, "max_diffs": 7.89948, "margin": 3.39222}
[2026-05-09 15:17:33,225 INFO][traineradasmoothlossprojlogit.py:336 - log_eval_epoch_info] - 
+---------+---------+---------+---------+
| samples | acc     | acc_5   | macc    |
+---------+---------+---------+---------+
| 5000    | 0.79760 | 0.99100 | 0.79587 |
+---------+---------+---------+---------+
[2026-05-09 15:17:33,225 INFO][traineradasmoothlossprojlogit.py:337 - log_eval_epoch_info] - 
+---------+---------+---------+---------+---------+
| samples | nll     | ece     | aece    | cece    |
+---------+---------+---------+---------+---------+
| 5000    | 0.59530 | 0.02101 | 0.01971 | 0.02323 |
+---------+---------+---------+---------+---------+
[2026-05-09 15:17:33,661 INFO][traineradasmoothlossprojlogit.py:605 - train] - Epoch[21]	Best acc on Val : 0.7976 at epoch 21
[2026-05-09 15:17:33,661 INFO][traineradasmoothlossprojlogit.py:572 - train] - ====================
[2026-05-09 15:17:33,661 INFO][traineradasmoothlossprojlogit.py:573 - train] -  Start epoch 22
[2026-05-09 15:17:33,661 INFO][traineradasmoothlossprojlogit.py:574 - train] - ====================
[2026-05-09 15:17:39,598 INFO][traineradasmoothlossprojlogit.py:300 - log_iter_info] - Train Iter[100/351][22]	{"data_time": 0.00027, "batch_time": 0.05302, "loss": 0.67102, "acc": 0.83594, "mean_diffs": 5.89794}
[2026-05-09 15:17:44,902 INFO][traineradasmoothlossprojlogit.py:300 - log_iter_info] - Train Iter[200/351][22]	{"data_time": 0.0003, "batch_time": 0.05318, "loss": 0.50242, "acc": 0.875, "mean_diffs": 5.96517}
[2026-05-09 15:17:50,486 INFO][traineradasmoothlossprojlogit.py:300 - log_iter_info] - Train Iter[300/351][22]	{"data_time": 0.00026, "batch_time": 0.05324, "loss": 0.65619, "acc": 0.79688, "mean_diffs": 5.85698}
[2026-05-09 15:17:53,318 INFO][traineradasmoothlossprojlogit.py:319 - log_epoch_info] - Train Epoch[22]	{"samples": 44928, "lr": 0.1, "loss": 0.54936, "acc": 0.84633, "acc_5": 0.99337, "macc": 0.84633, "mean_diffs": 5.94905, "max_diffs": 7.5273, "margin": 3.3779}
[2026-05-09 15:17:54,576 INFO][traineradasmoothlossprojlogit.py:333 - log_eval_epoch_info] - Val Epoch[22]	{"samples": 5000, "loss": 0.90353, "acc": 0.7554, "acc_5": 0.9876, "macc": 0.75382, "nll": 0.72002, "ece": 0.05482, "aece": 0.0551, "cece": 0.02933, "mean_diffs": 6.13364, "max_diffs": 7.92304, "margin": 3.48188}
[2026-05-09 15:17:54,576 INFO][traineradasmoothlossprojlogit.py:336 - log_eval_epoch_info] - 
+---------+---------+---------+---------+
| samples | acc     | acc_5   | macc    |
+---------+---------+---------+---------+
| 5000    | 0.75540 | 0.98760 | 0.75382 |
+---------+---------+---------+---------+
[2026-05-09 15:17:54,577 INFO][traineradasmoothlossprojlogit.py:337 - log_eval_epoch_info] - 
+---------+---------+---------+---------+---------+
| samples | nll     | ece     | aece    | cece    |
+---------+---------+---------+---------+---------+
| 5000    | 0.72002 | 0.05482 | 0.05510 | 0.02933 |
+---------+---------+---------+---------+---------+
[2026-05-09 15:17:54,795 INFO][traineradasmoothlossprojlogit.py:605 - train] - Epoch[22]	Best acc on Val : 0.7976 at epoch 21
[2026-05-09 15:17:54,795 INFO][traineradasmoothlossprojlogit.py:572 - train] - ====================
[2026-05-09 15:17:54,795 INFO][traineradasmoothlossprojlogit.py:573 - train] -  Start epoch 23
[2026-05-09 15:17:54,795 INFO][traineradasmoothlossprojlogit.py:574 - train] - ====================
[2026-05-09 15:18:00,744 INFO][traineradasmoothlossprojlogit.py:300 - log_iter_info] - Train Iter[100/351][23]	{"data_time": 0.00027, "batch_time": 0.05274, "loss": 0.75083, "acc": 0.75781, "mean_diffs": 6.01333}
[2026-05-09 15:18:06,035 INFO][traineradasmoothlossprojlogit.py:300 - log_iter_info] - Train Iter[200/351][23]	{"data_time": 0.00028, "batch_time": 0.0529, "loss": 0.46191, "acc": 0.85156, "mean_diffs": 6.45128}
[2026-05-09 15:18:11,339 INFO][traineradasmoothlossprojlogit.py:300 - log_iter_info] - Train Iter[300/351][23]	{"data_time": 0.00024, "batch_time": 0.0528, "loss": 0.43728, "acc": 0.875, "mean_diffs": 6.34525}
[2026-05-09 15:18:14,137 INFO][traineradasmoothlossprojlogit.py:319 - log_epoch_info] - Train Epoch[23]	{"samples": 44928, "lr": 0.1, "loss": 0.53589, "acc": 0.8496, "acc_5": 0.99412, "macc": 0.84961, "mean_diffs": 6.03845, "max_diffs": 7.62397, "margin": 3.44286}
[2026-05-09 15:18:15,397 INFO][traineradasmoothlossprojlogit.py:333 - log_eval_epoch_info] - Val Epoch[23]	{"samples": 5000, "loss": 0.94495, "acc": 0.7562, "acc_5": 0.9732, "macc": 0.75598, "nll": 0.72816, "ece": 0.03927, "aece": 0.03943, "cece": 0.0272, "mean_diffs": 5.99827, "max_diffs": 7.89547, "margin": 3.29513}
[2026-05-09 15:18:15,397 INFO][traineradasmoothlossprojlogit.py:336 - log_eval_epoch_info] - 
+---------+---------+---------+---------+
| samples | acc     | acc_5   | macc    |
+---------+---------+---------+---------+
| 5000    | 0.75620 | 0.97320 | 0.75598 |
+---------+---------+---------+---------+
[2026-05-09 15:18:15,397 INFO][traineradasmoothlossprojlogit.py:337 - log_eval_epoch_info] - 
+---------+---------+---------+---------+---------+
| samples | nll     | ece     | aece    | cece    |
+---------+---------+---------+---------+---------+
| 5000    | 0.72816 | 0.03927 | 0.03943 | 0.02720 |
+---------+---------+---------+---------+---------+
[2026-05-09 15:18:15,616 INFO][traineradasmoothlossprojlogit.py:605 - train] - Epoch[23]	Best acc on Val : 0.7976 at epoch 21
[2026-05-09 15:18:15,616 INFO][traineradasmoothlossprojlogit.py:572 - train] - ====================
[2026-05-09 15:18:15,617 INFO][traineradasmoothlossprojlogit.py:573 - train] -  Start epoch 24
[2026-05-09 15:18:15,617 INFO][traineradasmoothlossprojlogit.py:574 - train] - ====================
[2026-05-09 15:18:21,531 INFO][traineradasmoothlossprojlogit.py:300 - log_iter_info] - Train Iter[100/351][24]	{"data_time": 0.00026, "batch_time": 0.05304, "loss": 0.47972, "acc": 0.88281, "mean_diffs": 6.30071}
[2026-05-09 15:18:26,825 INFO][traineradasmoothlossprojlogit.py:300 - log_iter_info] - Train Iter[200/351][24]	{"data_time": 0.00025, "batch_time": 0.05299, "loss": 0.45193, "acc": 0.89062, "mean_diffs": 5.55059}
[2026-05-09 15:18:32,133 INFO][traineradasmoothlossprojlogit.py:300 - log_iter_info] - Train Iter[300/351][24]	{"data_time": 0.00019, "batch_time": 0.05285, "loss": 0.55445, "acc": 0.84375, "mean_diffs": 6.09036}
[2026-05-09 15:18:34,962 INFO][traineradasmoothlossprojlogit.py:319 - log_epoch_info] - Train Epoch[24]	{"samples": 44928, "lr": 0.1, "loss": 0.52797, "acc": 0.85386, "acc_5": 0.9937, "macc": 0.85387, "mean_diffs": 6.04944, "max_diffs": 7.63615, "margin": 3.45112}
[2026-05-09 15:18:36,213 INFO][traineradasmoothlossprojlogit.py:333 - log_eval_epoch_info] - Val Epoch[24]	{"samples": 5000, "loss": 0.82651, "acc": 0.7878, "acc_5": 0.9878, "macc": 0.78788, "nll": 0.64408, "ece": 0.04492, "aece": 0.04407, "cece": 0.02526, "mean_diffs": 6.49126, "max_diffs": 8.27932, "margin": 3.56297}
[2026-05-09 15:18:36,213 INFO][traineradasmoothlossprojlogit.py:336 - log_eval_epoch_info] - 
+---------+---------+---------+---------+
| samples | acc     | acc_5   | macc    |
+---------+---------+---------+---------+
| 5000    | 0.78780 | 0.98780 | 0.78788 |
+---------+---------+---------+---------+
[2026-05-09 15:18:36,213 INFO][traineradasmoothlossprojlogit.py:337 - log_eval_epoch_info] - 
+---------+---------+---------+---------+---------+
| samples | nll     | ece     | aece    | cece    |
+---------+---------+---------+---------+---------+
| 5000    | 0.64408 | 0.04492 | 0.04407 | 0.02526 |
+---------+---------+---------+---------+---------+
[2026-05-09 15:18:36,438 INFO][traineradasmoothlossprojlogit.py:605 - train] - Epoch[24]	Best acc on Val : 0.7976 at epoch 21
[2026-05-09 15:18:36,438 INFO][traineradasmoothlossprojlogit.py:572 - train] - ====================
[2026-05-09 15:18:36,438 INFO][traineradasmoothlossprojlogit.py:573 - train] -  Start epoch 25
[2026-05-09 15:18:36,438 INFO][traineradasmoothlossprojlogit.py:574 - train] - ====================
[2026-05-09 15:18:42,345 INFO][traineradasmoothlossprojlogit.py:300 - log_iter_info] - Train Iter[100/351][25]	{"data_time": 0.0002, "batch_time": 0.05306, "loss": 0.6146, "acc": 0.80469, "mean_diffs": 6.15394}
[2026-05-09 15:18:47,651 INFO][traineradasmoothlossprojlogit.py:300 - log_iter_info] - Train Iter[200/351][25]	{"data_time": 0.00025, "batch_time": 0.05322, "loss": 0.56703, "acc": 0.83594, "mean_diffs": 6.17282}
[2026-05-09 15:18:52,960 INFO][traineradasmoothlossprojlogit.py:300 - log_iter_info] - Train Iter[300/351][25]	{"data_time": 0.00019, "batch_time": 0.05452, "loss": 0.47616, "acc": 0.89062, "mean_diffs": 6.09374}
[2026-05-09 15:18:55,763 INFO][traineradasmoothlossprojlogit.py:319 - log_epoch_info] - Train Epoch[25]	{"samples": 44928, "lr": 0.1, "loss": 0.52584, "acc": 0.85397, "acc_5": 0.99359, "macc": 0.85398, "mean_diffs": 6.11285, "max_diffs": 7.72624, "margin": 3.48526}
[2026-05-09 15:18:57,042 INFO][traineradasmoothlossprojlogit.py:333 - log_eval_epoch_info] - Val Epoch[25]	{"samples": 5000, "loss": 0.65427, "acc": 0.8404, "acc_5": 0.9936, "macc": 0.84101, "nll": 0.47572, "ece": 0.01535, "aece": 0.01375, "cece": 0.01362, "mean_diffs": 6.32032, "max_diffs": 8.16666, "margin": 3.5458}
[2026-05-09 15:18:57,042 INFO][traineradasmoothlossprojlogit.py:336 - log_eval_epoch_info] - 
+---------+---------+---------+---------+
| samples | acc     | acc_5   | macc    |
+---------+---------+---------+---------+
| 5000    | 0.84040 | 0.99360 | 0.84101 |
+---------+---------+---------+---------+
[2026-05-09 15:18:57,042 INFO][traineradasmoothlossprojlogit.py:337 - log_eval_epoch_info] - 
+---------+---------+---------+---------+---------+
| samples | nll     | ece     | aece    | cece    |
+---------+---------+---------+---------+---------+
| 5000    | 0.47572 | 0.01535 | 0.01375 | 0.01362 |
+---------+---------+---------+---------+---------+
[2026-05-09 15:18:57,467 INFO][traineradasmoothlossprojlogit.py:605 - train] - Epoch[25]	Best acc on Val : 0.8404 at epoch 25
[2026-05-09 15:18:57,467 INFO][traineradasmoothlossprojlogit.py:572 - train] - ====================
[2026-05-09 15:18:57,467 INFO][traineradasmoothlossprojlogit.py:573 - train] -  Start epoch 26
[2026-05-09 15:18:57,467 INFO][traineradasmoothlossprojlogit.py:574 - train] - ====================
[2026-05-09 15:19:03,638 INFO][traineradasmoothlossprojlogit.py:300 - log_iter_info] - Train Iter[100/351][26]	{"data_time": 0.00034, "batch_time": 0.05312, "loss": 0.61416, "acc": 0.82812, "mean_diffs": 6.16695}
[2026-05-09 15:19:08,951 INFO][traineradasmoothlossprojlogit.py:300 - log_iter_info] - Train Iter[200/351][26]	{"data_time": 0.00022, "batch_time": 0.05305, "loss": 0.50154, "acc": 0.85938, "mean_diffs": 6.24426}
[2026-05-09 15:19:14,270 INFO][traineradasmoothlossprojlogit.py:300 - log_iter_info] - Train Iter[300/351][26]	{"data_time": 0.00023, "batch_time": 0.05297, "loss": 0.50947, "acc": 0.875, "mean_diffs": 6.50391}
[2026-05-09 15:19:17,101 INFO][traineradasmoothlossprojlogit.py:319 - log_epoch_info] - Train Epoch[26]	{"samples": 44928, "lr": 0.1, "loss": 0.52317, "acc": 0.85677, "acc_5": 0.99477, "macc": 0.85681, "mean_diffs": 6.0662, "max_diffs": 7.64482, "margin": 3.51144}
[2026-05-09 15:19:18,362 INFO][traineradasmoothlossprojlogit.py:333 - log_eval_epoch_info] - Val Epoch[26]	{"samples": 5000, "loss": 0.9046, "acc": 0.758, "acc_5": 0.9826, "macc": 0.75824, "nll": 0.71204, "ece": 0.06219, "aece": 0.06201, "cece": 0.02276, "mean_diffs": 6.43222, "max_diffs": 8.25389, "margin": 3.58686}
[2026-05-09 15:19:18,362 INFO][traineradasmoothlossprojlogit.py:336 - log_eval_epoch_info] - 
+---------+---------+---------+---------+
| samples | acc     | acc_5   | macc    |
+---------+---------+---------+---------+
| 5000    | 0.75800 | 0.98260 | 0.75824 |
+---------+---------+---------+---------+
[2026-05-09 15:19:18,362 INFO][traineradasmoothlossprojlogit.py:337 - log_eval_epoch_info] - 
+---------+---------+---------+---------+---------+
| samples | nll     | ece     | aece    | cece    |
+---------+---------+---------+---------+---------+
| 5000    | 0.71204 | 0.06219 | 0.06201 | 0.02276 |
+---------+---------+---------+---------+---------+
[2026-05-09 15:19:18,581 INFO][traineradasmoothlossprojlogit.py:605 - train] - Epoch[26]	Best acc on Val : 0.8404 at epoch 25
[2026-05-09 15:19:18,581 INFO][traineradasmoothlossprojlogit.py:572 - train] - ====================
[2026-05-09 15:19:18,581 INFO][traineradasmoothlossprojlogit.py:573 - train] -  Start epoch 27
[2026-05-09 15:19:18,581 INFO][traineradasmoothlossprojlogit.py:574 - train] - ====================
[2026-05-09 15:19:24,514 INFO][traineradasmoothlossprojlogit.py:300 - log_iter_info] - Train Iter[100/351][27]	{"data_time": 0.00025, "batch_time": 0.05297, "loss": 0.69584, "acc": 0.78906, "mean_diffs": 5.96832}
[2026-05-09 15:19:29,813 INFO][traineradasmoothlossprojlogit.py:300 - log_iter_info] - Train Iter[200/351][27]	{"data_time": 0.00025, "batch_time": 0.05304, "loss": 0.53297, "acc": 0.85156, "mean_diffs": 5.9016}
[2026-05-09 15:19:35,115 INFO][traineradasmoothlossprojlogit.py:300 - log_iter_info] - Train Iter[300/351][27]	{"data_time": 0.00018, "batch_time": 0.05297, "loss": 0.51922, "acc": 0.875, "mean_diffs": 6.20152}
[2026-05-09 15:19:37,909 INFO][traineradasmoothlossprojlogit.py:319 - log_epoch_info] - Train Epoch[27]	{"samples": 44928, "lr": 0.1, "loss": 0.53267, "acc": 0.85343, "acc_5": 0.99303, "macc": 0.85347, "mean_diffs": 6.0138, "max_diffs": 7.56586, "margin": 3.48646}
[2026-05-09 15:19:39,167 INFO][traineradasmoothlossprojlogit.py:333 - log_eval_epoch_info] - Val Epoch[27]	{"samples": 5000, "loss": 0.84029, "acc": 0.763, "acc_5": 0.9856, "macc": 0.76128, "nll": 0.6875, "ece": 0.04458, "aece": 0.0455, "cece": 0.02862, "mean_diffs": 5.76195, "max_diffs": 7.43359, "margin": 3.1564}
[2026-05-09 15:19:39,167 INFO][traineradasmoothlossprojlogit.py:336 - log_eval_epoch_info] - 
+---------+---------+---------+---------+
| samples | acc     | acc_5   | macc    |
+---------+---------+---------+---------+
| 5000    | 0.76300 | 0.98560 | 0.76128 |
+---------+---------+---------+---------+
[2026-05-09 15:19:39,167 INFO][traineradasmoothlossprojlogit.py:337 - log_eval_epoch_info] - 
+---------+---------+---------+---------+---------+
| samples | nll     | ece     | aece    | cece    |
+---------+---------+---------+---------+---------+
| 5000    | 0.68750 | 0.04458 | 0.04550 | 0.02862 |
+---------+---------+---------+---------+---------+
[2026-05-09 15:19:39,388 INFO][traineradasmoothlossprojlogit.py:605 - train] - Epoch[27]	Best acc on Val : 0.8404 at epoch 25
[2026-05-09 15:19:39,388 INFO][traineradasmoothlossprojlogit.py:572 - train] - ====================
[2026-05-09 15:19:39,388 INFO][traineradasmoothlossprojlogit.py:573 - train] -  Start epoch 28
[2026-05-09 15:19:39,388 INFO][traineradasmoothlossprojlogit.py:574 - train] - ====================
[2026-05-09 15:19:45,306 INFO][traineradasmoothlossprojlogit.py:300 - log_iter_info] - Train Iter[100/351][28]	{"data_time": 0.00022, "batch_time": 0.0528, "loss": 0.4674, "acc": 0.875, "mean_diffs": 6.03355}
[2026-05-09 15:19:50,615 INFO][traineradasmoothlossprojlogit.py:300 - log_iter_info] - Train Iter[200/351][28]	{"data_time": 0.00037, "batch_time": 0.05299, "loss": 0.60059, "acc": 0.84375, "mean_diffs": 6.22402}
[2026-05-09 15:19:55,923 INFO][traineradasmoothlossprojlogit.py:300 - log_iter_info] - Train Iter[300/351][28]	{"data_time": 0.0002, "batch_time": 0.05311, "loss": 0.51216, "acc": 0.83594, "mean_diffs": 6.63324}
[2026-05-09 15:19:58,732 INFO][traineradasmoothlossprojlogit.py:319 - log_epoch_info] - Train Epoch[28]	{"samples": 44928, "lr": 0.1, "loss": 0.51923, "acc": 0.85924, "acc_5": 0.9949, "macc": 0.85922, "mean_diffs": 6.07633, "max_diffs": 7.62732, "margin": 3.55896}
[2026-05-09 15:20:00,009 INFO][traineradasmoothlossprojlogit.py:333 - log_eval_epoch_info] - Val Epoch[28]	{"samples": 5000, "loss": 1.05048, "acc": 0.734, "acc_5": 0.9592, "macc": 0.73446, "nll": 0.84454, "ece": 0.04617, "aece": 0.04619, "cece": 0.03178, "mean_diffs": 5.83744, "max_diffs": 7.52882, "margin": 3.0878}
[2026-05-09 15:20:00,010 INFO][traineradasmoothlossprojlogit.py:336 - log_eval_epoch_info] - 
+---------+---------+---------+---------+
| samples | acc     | acc_5   | macc    |
+---------+---------+---------+---------+
| 5000    | 0.73400 | 0.95920 | 0.73446 |
+---------+---------+---------+---------+
[2026-05-09 15:20:00,010 INFO][traineradasmoothlossprojlogit.py:337 - log_eval_epoch_info] - 
+---------+---------+---------+---------+---------+
| samples | nll     | ece     | aece    | cece    |
+---------+---------+---------+---------+---------+
| 5000    | 0.84454 | 0.04617 | 0.04619 | 0.03178 |
+---------+---------+---------+---------+---------+
[2026-05-09 15:20:00,233 INFO][traineradasmoothlossprojlogit.py:605 - train] - Epoch[28]	Best acc on Val : 0.8404 at epoch 25
[2026-05-09 15:20:00,233 INFO][traineradasmoothlossprojlogit.py:572 - train] - ====================
[2026-05-09 15:20:00,233 INFO][traineradasmoothlossprojlogit.py:573 - train] -  Start epoch 29
[2026-05-09 15:20:00,233 INFO][traineradasmoothlossprojlogit.py:574 - train] - ====================
[2026-05-09 15:20:06,126 INFO][traineradasmoothlossprojlogit.py:300 - log_iter_info] - Train Iter[100/351][29]	{"data_time": 0.00027, "batch_time": 0.05298, "loss": 0.50313, "acc": 0.85156, "mean_diffs": 6.15058}
[2026-05-09 15:20:11,418 INFO][traineradasmoothlossprojlogit.py:300 - log_iter_info] - Train Iter[200/351][29]	{"data_time": 0.00021, "batch_time": 0.05293, "loss": 0.58492, "acc": 0.84375, "mean_diffs": 6.30959}
[2026-05-09 15:20:16,712 INFO][traineradasmoothlossprojlogit.py:300 - log_iter_info] - Train Iter[300/351][29]	{"data_time": 0.00018, "batch_time": 0.05295, "loss": 0.50618, "acc": 0.86719, "mean_diffs": 6.48196}
[2026-05-09 15:20:19,508 INFO][traineradasmoothlossprojlogit.py:319 - log_epoch_info] - Train Epoch[29]	{"samples": 44928, "lr": 0.1, "loss": 0.51715, "acc": 0.85759, "acc_5": 0.99437, "macc": 0.85759, "mean_diffs": 6.09489, "max_diffs": 7.65347, "margin": 3.52708}
[2026-05-09 15:20:20,764 INFO][traineradasmoothlossprojlogit.py:333 - log_eval_epoch_info] - Val Epoch[29]	{"samples": 5000, "loss": 0.83701, "acc": 0.7784, "acc_5": 0.986, "macc": 0.77875, "nll": 0.67167, "ece": 0.04807, "aece": 0.04513, "cece": 0.02521, "mean_diffs": 6.06332, "max_diffs": 7.89193, "margin": 3.41082}
[2026-05-09 15:20:20,764 INFO][traineradasmoothlossprojlogit.py:336 - log_eval_epoch_info] - 
+---------+---------+---------+---------+
| samples | acc     | acc_5   | macc    |
+---------+---------+---------+---------+
| 5000    | 0.77840 | 0.98600 | 0.77875 |
+---------+---------+---------+---------+
[2026-05-09 15:20:20,764 INFO][traineradasmoothlossprojlogit.py:337 - log_eval_epoch_info] - 
+---------+---------+---------+---------+---------+
| samples | nll     | ece     | aece    | cece    |
+---------+---------+---------+---------+---------+
| 5000    | 0.67167 | 0.04807 | 0.04513 | 0.02521 |
+---------+---------+---------+---------+---------+
[2026-05-09 15:20:20,983 INFO][traineradasmoothlossprojlogit.py:605 - train] - Epoch[29]	Best acc on Val : 0.8404 at epoch 25
[2026-05-09 15:20:20,983 INFO][traineradasmoothlossprojlogit.py:572 - train] - ====================
[2026-05-09 15:20:20,983 INFO][traineradasmoothlossprojlogit.py:573 - train] -  Start epoch 30
[2026-05-09 15:20:20,983 INFO][traineradasmoothlossprojlogit.py:574 - train] - ====================
[2026-05-09 15:20:26,904 INFO][traineradasmoothlossprojlogit.py:300 - log_iter_info] - Train Iter[100/351][30]	{"data_time": 0.00025, "batch_time": 0.0533, "loss": 0.6948, "acc": 0.82812, "mean_diffs": 5.9636}
[2026-05-09 15:20:32,211 INFO][traineradasmoothlossprojlogit.py:300 - log_iter_info] - Train Iter[200/351][30]	{"data_time": 0.00021, "batch_time": 0.05286, "loss": 0.48161, "acc": 0.85938, "mean_diffs": 6.4667}
[2026-05-09 15:20:37,792 INFO][traineradasmoothlossprojlogit.py:300 - log_iter_info] - Train Iter[300/351][30]	{"data_time": 0.00018, "batch_time": 0.05274, "loss": 0.61724, "acc": 0.86719, "mean_diffs": 6.04025}
[2026-05-09 15:20:40,605 INFO][traineradasmoothlossprojlogit.py:319 - log_epoch_info] - Train Epoch[30]	{"samples": 44928, "lr": 0.1, "loss": 0.50933, "acc": 0.86053, "acc_5": 0.99495, "macc": 0.86054, "mean_diffs": 6.10565, "max_diffs": 7.66106, "margin": 3.57654}
[2026-05-09 15:20:41,894 INFO][traineradasmoothlossprojlogit.py:333 - log_eval_epoch_info] - Val Epoch[30]	{"samples": 5000, "loss": 0.69464, "acc": 0.8086, "acc_5": 0.9906, "macc": 0.80787, "nll": 0.55512, "ece": 0.01648, "aece": 0.01666, "cece": 0.01575, "mean_diffs": 5.8422, "max_diffs": 7.42299, "margin": 3.38601}
[2026-05-09 15:20:41,894 INFO][traineradasmoothlossprojlogit.py:336 - log_eval_epoch_info] - 
+---------+---------+---------+---------+
| samples | acc     | acc_5   | macc    |
+---------+---------+---------+---------+
| 5000    | 0.80860 | 0.99060 | 0.80787 |
+---------+---------+---------+---------+
[2026-05-09 15:20:41,895 INFO][traineradasmoothlossprojlogit.py:337 - log_eval_epoch_info] - 
+---------+---------+---------+---------+---------+
| samples | nll     | ece     | aece    | cece    |
+---------+---------+---------+---------+---------+
| 5000    | 0.55512 | 0.01648 | 0.01666 | 0.01575 |
+---------+---------+---------+---------+---------+
[2026-05-09 15:20:42,113 INFO][traineradasmoothlossprojlogit.py:605 - train] - Epoch[30]	Best acc on Val : 0.8404 at epoch 25
[2026-05-09 15:20:42,113 INFO][traineradasmoothlossprojlogit.py:572 - train] - ====================
[2026-05-09 15:20:42,113 INFO][traineradasmoothlossprojlogit.py:573 - train] -  Start epoch 31
[2026-05-09 15:20:42,113 INFO][traineradasmoothlossprojlogit.py:574 - train] - ====================
[2026-05-09 15:20:48,019 INFO][traineradasmoothlossprojlogit.py:300 - log_iter_info] - Train Iter[100/351][31]	{"data_time": 0.0002, "batch_time": 0.05246, "loss": 0.51181, "acc": 0.86719, "mean_diffs": 6.19834}
[2026-05-09 15:20:53,314 INFO][traineradasmoothlossprojlogit.py:300 - log_iter_info] - Train Iter[200/351][31]	{"data_time": 0.00027, "batch_time": 0.0535, "loss": 0.53399, "acc": 0.82031, "mean_diffs": 5.89842}
[2026-05-09 15:20:58,611 INFO][traineradasmoothlossprojlogit.py:300 - log_iter_info] - Train Iter[300/351][31]	{"data_time": 0.00025, "batch_time": 0.05304, "loss": 0.50467, "acc": 0.875, "mean_diffs": 5.96938}
[2026-05-09 15:21:01,404 INFO][traineradasmoothlossprojlogit.py:319 - log_epoch_info] - Train Epoch[31]	{"samples": 44928, "lr": 0.1, "loss": 0.51108, "acc": 0.859, "acc_5": 0.99479, "macc": 0.85903, "mean_diffs": 6.10389, "max_diffs": 7.61414, "margin": 3.59665}
[2026-05-09 15:21:02,696 INFO][traineradasmoothlossprojlogit.py:333 - log_eval_epoch_info] - Val Epoch[31]	{"samples": 5000, "loss": 0.81661, "acc": 0.818, "acc_5": 0.988, "macc": 0.81848, "nll": 0.55104, "ece": 0.0185, "aece": 0.01858, "cece": 0.01931, "mean_diffs": 6.85659, "max_diffs": 8.72768, "margin": 3.70148}
[2026-05-09 15:21:02,697 INFO][traineradasmoothlossprojlogit.py:336 - log_eval_epoch_info] - 
+---------+---------+---------+---------+
| samples | acc     | acc_5   | macc    |
+---------+---------+---------+---------+
| 5000    | 0.81800 | 0.98800 | 0.81848 |
+---------+---------+---------+---------+
[2026-05-09 15:21:02,697 INFO][traineradasmoothlossprojlogit.py:337 - log_eval_epoch_info] - 
+---------+---------+---------+---------+---------+
| samples | nll     | ece     | aece    | cece    |
+---------+---------+---------+---------+---------+
| 5000    | 0.55104 | 0.01850 | 0.01858 | 0.01931 |
+---------+---------+---------+---------+---------+
[2026-05-09 15:21:02,921 INFO][traineradasmoothlossprojlogit.py:605 - train] - Epoch[31]	Best acc on Val : 0.8404 at epoch 25
[2026-05-09 15:21:02,922 INFO][traineradasmoothlossprojlogit.py:572 - train] - ====================
[2026-05-09 15:21:02,922 INFO][traineradasmoothlossprojlogit.py:573 - train] -  Start epoch 32
[2026-05-09 15:21:02,922 INFO][traineradasmoothlossprojlogit.py:574 - train] - ====================
[2026-05-09 15:21:08,827 INFO][traineradasmoothlossprojlogit.py:300 - log_iter_info] - Train Iter[100/351][32]	{"data_time": 0.0002, "batch_time": 0.05284, "loss": 0.41611, "acc": 0.88281, "mean_diffs": 6.10923}
[2026-05-09 15:21:14,123 INFO][traineradasmoothlossprojlogit.py:300 - log_iter_info] - Train Iter[200/351][32]	{"data_time": 0.00021, "batch_time": 0.05288, "loss": 0.54303, "acc": 0.82812, "mean_diffs": 6.09504}
[2026-05-09 15:21:19,425 INFO][traineradasmoothlossprojlogit.py:300 - log_iter_info] - Train Iter[300/351][32]	{"data_time": 0.0002, "batch_time": 0.05295, "loss": 0.4998, "acc": 0.86719, "mean_diffs": 6.23329}
[2026-05-09 15:21:22,231 INFO][traineradasmoothlossprojlogit.py:319 - log_epoch_info] - Train Epoch[32]	{"samples": 44928, "lr": 0.1, "loss": 0.50519, "acc": 0.86216, "acc_5": 0.9949, "macc": 0.86214, "mean_diffs": 6.10457, "max_diffs": 7.62312, "margin": 3.56287}
[2026-05-09 15:21:23,516 INFO][traineradasmoothlossprojlogit.py:333 - log_eval_epoch_info] - Val Epoch[32]	{"samples": 5000, "loss": 0.8327, "acc": 0.8146, "acc_5": 0.98, "macc": 0.81477, "nll": 0.57959, "ece": 0.0128, "aece": 0.01163, "cece": 0.01666, "mean_diffs": 6.82552, "max_diffs": 8.73162, "margin": 3.72439}
[2026-05-09 15:21:23,516 INFO][traineradasmoothlossprojlogit.py:336 - log_eval_epoch_info] - 
+---------+---------+---------+---------+
| samples | acc     | acc_5   | macc    |
+---------+---------+---------+---------+
| 5000    | 0.81460 | 0.98000 | 0.81477 |
+---------+---------+---------+---------+
[2026-05-09 15:21:23,517 INFO][traineradasmoothlossprojlogit.py:337 - log_eval_epoch_info] - 
+---------+---------+---------+---------+---------+
| samples | nll     | ece     | aece    | cece    |
+---------+---------+---------+---------+---------+
| 5000    | 0.57959 | 0.01280 | 0.01163 | 0.01666 |
+---------+---------+---------+---------+---------+
[2026-05-09 15:21:23,745 INFO][traineradasmoothlossprojlogit.py:605 - train] - Epoch[32]	Best acc on Val : 0.8404 at epoch 25
[2026-05-09 15:21:23,745 INFO][traineradasmoothlossprojlogit.py:572 - train] - ====================
[2026-05-09 15:21:23,745 INFO][traineradasmoothlossprojlogit.py:573 - train] -  Start epoch 33
[2026-05-09 15:21:23,745 INFO][traineradasmoothlossprojlogit.py:574 - train] - ====================
[2026-05-09 15:21:29,658 INFO][traineradasmoothlossprojlogit.py:300 - log_iter_info] - Train Iter[100/351][33]	{"data_time": 0.00022, "batch_time": 0.05318, "loss": 0.63804, "acc": 0.83594, "mean_diffs": 5.97555}
[2026-05-09 15:21:34,961 INFO][traineradasmoothlossprojlogit.py:300 - log_iter_info] - Train Iter[200/351][33]	{"data_time": 0.00027, "batch_time": 0.05273, "loss": 0.46804, "acc": 0.875, "mean_diffs": 6.21083}
[2026-05-09 15:21:40,269 INFO][traineradasmoothlossprojlogit.py:300 - log_iter_info] - Train Iter[300/351][33]	{"data_time": 0.00018, "batch_time": 0.05301, "loss": 0.65031, "acc": 0.78906, "mean_diffs": 5.76095}
[2026-05-09 15:21:43,066 INFO][traineradasmoothlossprojlogit.py:319 - log_epoch_info] - Train Epoch[33]	{"samples": 44928, "lr": 0.1, "loss": 0.50955, "acc": 0.86392, "acc_5": 0.99432, "macc": 0.86392, "mean_diffs": 6.04621, "max_diffs": 7.55174, "margin": 3.57265}
[2026-05-09 15:21:44,360 INFO][traineradasmoothlossprojlogit.py:333 - log_eval_epoch_info] - Val Epoch[33]	{"samples": 5000, "loss": 0.66436, "acc": 0.8452, "acc_5": 0.992, "macc": 0.84612, "nll": 0.45543, "ece": 0.0104, "aece": 0.00937, "cece": 0.01458, "mean_diffs": 6.37809, "max_diffs": 7.99736, "margin": 3.66799}
[2026-05-09 15:21:44,360 INFO][traineradasmoothlossprojlogit.py:336 - log_eval_epoch_info] - 
+---------+---------+---------+---------+
| samples | acc     | acc_5   | macc    |
+---------+---------+---------+---------+
| 5000    | 0.84520 | 0.99200 | 0.84612 |
+---------+---------+---------+---------+
[2026-05-09 15:21:44,360 INFO][traineradasmoothlossprojlogit.py:337 - log_eval_epoch_info] - 
+---------+---------+---------+---------+---------+
| samples | nll     | ece     | aece    | cece    |
+---------+---------+---------+---------+---------+
| 5000    | 0.45543 | 0.01040 | 0.00937 | 0.01458 |
+---------+---------+---------+---------+---------+
[2026-05-09 15:21:44,793 INFO][traineradasmoothlossprojlogit.py:605 - train] - Epoch[33]	Best acc on Val : 0.8452 at epoch 33
[2026-05-09 15:21:44,793 INFO][traineradasmoothlossprojlogit.py:572 - train] - ====================
[2026-05-09 15:21:44,793 INFO][traineradasmoothlossprojlogit.py:573 - train] -  Start epoch 34
[2026-05-09 15:21:44,793 INFO][traineradasmoothlossprojlogit.py:574 - train] - ====================
[2026-05-09 15:21:50,712 INFO][traineradasmoothlossprojlogit.py:300 - log_iter_info] - Train Iter[100/351][34]	{"data_time": 0.00039, "batch_time": 0.05327, "loss": 0.43211, "acc": 0.90625, "mean_diffs": 6.23514}
[2026-05-09 15:21:56,023 INFO][traineradasmoothlossprojlogit.py:300 - log_iter_info] - Train Iter[200/351][34]	{"data_time": 0.00037, "batch_time": 0.05392, "loss": 0.49597, "acc": 0.86719, "mean_diffs": 6.12675}
[2026-05-09 15:22:01,333 INFO][traineradasmoothlossprojlogit.py:300 - log_iter_info] - Train Iter[300/351][34]	{"data_time": 0.00019, "batch_time": 0.05303, "loss": 0.47252, "acc": 0.85938, "mean_diffs": 6.25796}
[2026-05-09 15:22:04,141 INFO][traineradasmoothlossprojlogit.py:319 - log_epoch_info] - Train Epoch[34]	{"samples": 44928, "lr": 0.1, "loss": 0.49793, "acc": 0.86558, "acc_5": 0.99499, "macc": 0.86562, "mean_diffs": 6.11325, "max_diffs": 7.60492, "margin": 3.64418}
[2026-05-09 15:22:05,662 INFO][traineradasmoothlossprojlogit.py:333 - log_eval_epoch_info] - Val Epoch[34]	{"samples": 5000, "loss": 0.74128, "acc": 0.802, "acc_5": 0.9872, "macc": 0.80361, "nll": 0.57982, "ece": 0.02164, "aece": 0.02407, "cece": 0.01983, "mean_diffs": 5.87445, "max_diffs": 7.47643, "margin": 3.29835}
[2026-05-09 15:22:05,662 INFO][traineradasmoothlossprojlogit.py:336 - log_eval_epoch_info] - 
+---------+---------+---------+---------+
| samples | acc     | acc_5   | macc    |
+---------+---------+---------+---------+
| 5000    | 0.80200 | 0.98720 | 0.80361 |
+---------+---------+---------+---------+
[2026-05-09 15:22:05,662 INFO][traineradasmoothlossprojlogit.py:337 - log_eval_epoch_info] - 
+---------+---------+---------+---------+---------+
| samples | nll     | ece     | aece    | cece    |
+---------+---------+---------+---------+---------+
| 5000    | 0.57982 | 0.02164 | 0.02407 | 0.01983 |
+---------+---------+---------+---------+---------+
[2026-05-09 15:22:05,881 INFO][traineradasmoothlossprojlogit.py:605 - train] - Epoch[34]	Best acc on Val : 0.8452 at epoch 33
[2026-05-09 15:22:05,881 INFO][traineradasmoothlossprojlogit.py:572 - train] - ====================
[2026-05-09 15:22:05,881 INFO][traineradasmoothlossprojlogit.py:573 - train] -  Start epoch 35
[2026-05-09 15:22:05,881 INFO][traineradasmoothlossprojlogit.py:574 - train] - ====================
[2026-05-09 15:22:11,797 INFO][traineradasmoothlossprojlogit.py:300 - log_iter_info] - Train Iter[100/351][35]	{"data_time": 0.00024, "batch_time": 0.05279, "loss": 0.6294, "acc": 0.82031, "mean_diffs": 5.65693}
[2026-05-09 15:22:17,094 INFO][traineradasmoothlossprojlogit.py:300 - log_iter_info] - Train Iter[200/351][35]	{"data_time": 0.00024, "batch_time": 0.0529, "loss": 0.54672, "acc": 0.86719, "mean_diffs": 6.19401}
[2026-05-09 15:22:22,391 INFO][traineradasmoothlossprojlogit.py:300 - log_iter_info] - Train Iter[300/351][35]	{"data_time": 0.00018, "batch_time": 0.05281, "loss": 0.40482, "acc": 0.875, "mean_diffs": 6.19484}
[2026-05-09 15:22:25,189 INFO][traineradasmoothlossprojlogit.py:319 - log_epoch_info] - Train Epoch[35]	{"samples": 44928, "lr": 0.1, "loss": 0.49458, "acc": 0.86458, "acc_5": 0.9949, "macc": 0.86459, "mean_diffs": 6.16893, "max_diffs": 7.69362, "margin": 3.6506}
[2026-05-09 15:22:26,473 INFO][traineradasmoothlossprojlogit.py:333 - log_eval_epoch_info] - Val Epoch[35]	{"samples": 5000, "loss": 0.80889, "acc": 0.8138, "acc_5": 0.9818, "macc": 0.81606, "nll": 0.57477, "ece": 0.02446, "aece": 0.02397, "cece": 0.02097, "mean_diffs": 6.60253, "max_diffs": 8.34889, "margin": 3.94216}
[2026-05-09 15:22:26,473 INFO][traineradasmoothlossprojlogit.py:336 - log_eval_epoch_info] - 
+---------+---------+---------+---------+
| samples | acc     | acc_5   | macc    |
+---------+---------+---------+---------+
| 5000    | 0.81380 | 0.98180 | 0.81606 |
+---------+---------+---------+---------+
[2026-05-09 15:22:26,473 INFO][traineradasmoothlossprojlogit.py:337 - log_eval_epoch_info] - 
+---------+---------+---------+---------+---------+
| samples | nll     | ece     | aece    | cece    |
+---------+---------+---------+---------+---------+
| 5000    | 0.57477 | 0.02446 | 0.02397 | 0.02097 |
+---------+---------+---------+---------+---------+
[2026-05-09 15:22:26,695 INFO][traineradasmoothlossprojlogit.py:605 - train] - Epoch[35]	Best acc on Val : 0.8452 at epoch 33
[2026-05-09 15:22:26,695 INFO][traineradasmoothlossprojlogit.py:572 - train] - ====================
[2026-05-09 15:22:26,695 INFO][traineradasmoothlossprojlogit.py:573 - train] -  Start epoch 36
[2026-05-09 15:22:26,695 INFO][traineradasmoothlossprojlogit.py:574 - train] - ====================
[2026-05-09 15:22:32,617 INFO][traineradasmoothlossprojlogit.py:300 - log_iter_info] - Train Iter[100/351][36]	{"data_time": 0.00027, "batch_time": 0.05271, "loss": 0.65071, "acc": 0.78906, "mean_diffs": 5.9363}
[2026-05-09 15:22:37,918 INFO][traineradasmoothlossprojlogit.py:300 - log_iter_info] - Train Iter[200/351][36]	{"data_time": 0.0002, "batch_time": 0.05299, "loss": 0.61214, "acc": 0.84375, "mean_diffs": 6.07999}
[2026-05-09 15:22:43,218 INFO][traineradasmoothlossprojlogit.py:300 - log_iter_info] - Train Iter[300/351][36]	{"data_time": 0.00023, "batch_time": 0.05291, "loss": 0.52838, "acc": 0.85156, "mean_diffs": 6.36122}
[2026-05-09 15:22:46,013 INFO][traineradasmoothlossprojlogit.py:319 - log_epoch_info] - Train Epoch[36]	{"samples": 44928, "lr": 0.1, "loss": 0.49303, "acc": 0.8677, "acc_5": 0.99495, "macc": 0.8677, "mean_diffs": 6.12248, "max_diffs": 7.60823, "margin": 3.65014}
[2026-05-09 15:22:47,264 INFO][traineradasmoothlossprojlogit.py:333 - log_eval_epoch_info] - Val Epoch[36]	{"samples": 5000, "loss": 0.79442, "acc": 0.7796, "acc_5": 0.9884, "macc": 0.77755, "nll": 0.6515, "ece": 0.03646, "aece": 0.03628, "cece": 0.03009, "mean_diffs": 5.68212, "max_diffs": 7.16538, "margin": 3.13092}
[2026-05-09 15:22:47,264 INFO][traineradasmoothlossprojlogit.py:336 - log_eval_epoch_info] - 
+---------+---------+---------+---------+
| samples | acc     | acc_5   | macc    |
+---------+---------+---------+---------+
| 5000    | 0.77960 | 0.98840 | 0.77755 |
+---------+---------+---------+---------+
[2026-05-09 15:22:47,264 INFO][traineradasmoothlossprojlogit.py:337 - log_eval_epoch_info] - 
+---------+---------+---------+---------+---------+
| samples | nll     | ece     | aece    | cece    |
+---------+---------+---------+---------+---------+
| 5000    | 0.65150 | 0.03646 | 0.03628 | 0.03009 |
+---------+---------+---------+---------+---------+
[2026-05-09 15:22:47,487 INFO][traineradasmoothlossprojlogit.py:605 - train] - Epoch[36]	Best acc on Val : 0.8452 at epoch 33
[2026-05-09 15:22:47,487 INFO][traineradasmoothlossprojlogit.py:572 - train] - ====================
[2026-05-09 15:22:47,488 INFO][traineradasmoothlossprojlogit.py:573 - train] -  Start epoch 37
[2026-05-09 15:22:47,488 INFO][traineradasmoothlossprojlogit.py:574 - train] - ====================
[2026-05-09 15:22:53,405 INFO][traineradasmoothlossprojlogit.py:300 - log_iter_info] - Train Iter[100/351][37]	{"data_time": 0.0002, "batch_time": 0.05277, "loss": 0.51967, "acc": 0.85938, "mean_diffs": 6.00063}
[2026-05-09 15:22:58,712 INFO][traineradasmoothlossprojlogit.py:300 - log_iter_info] - Train Iter[200/351][37]	{"data_time": 0.00038, "batch_time": 0.05309, "loss": 0.52565, "acc": 0.86719, "mean_diffs": 6.10306}
[2026-05-09 15:23:04,016 INFO][traineradasmoothlossprojlogit.py:300 - log_iter_info] - Train Iter[300/351][37]	{"data_time": 0.00019, "batch_time": 0.05298, "loss": 0.46505, "acc": 0.875, "mean_diffs": 6.26055}
[2026-05-09 15:23:06,826 INFO][traineradasmoothlossprojlogit.py:319 - log_epoch_info] - Train Epoch[37]	{"samples": 44928, "lr": 0.1, "loss": 0.49492, "acc": 0.86879, "acc_5": 0.99497, "macc": 0.8688, "mean_diffs": 6.08448, "max_diffs": 7.56505, "margin": 3.61538}
[2026-05-09 15:23:08,097 INFO][traineradasmoothlossprojlogit.py:333 - log_eval_epoch_info] - Val Epoch[37]	{"samples": 5000, "loss": 0.83858, "acc": 0.7732, "acc_5": 0.9744, "macc": 0.77136, "nll": 0.70328, "ece": 0.03909, "aece": 0.03892, "cece": 0.02907, "mean_diffs": 5.75375, "max_diffs": 7.43971, "margin": 3.27642}
[2026-05-09 15:23:08,097 INFO][traineradasmoothlossprojlogit.py:336 - log_eval_epoch_info] - 
+---------+---------+---------+---------+
| samples | acc     | acc_5   | macc    |
+---------+---------+---------+---------+
| 5000    | 0.77320 | 0.97440 | 0.77136 |
+---------+---------+---------+---------+
[2026-05-09 15:23:08,097 INFO][traineradasmoothlossprojlogit.py:337 - log_eval_epoch_info] - 
+---------+---------+---------+---------+---------+
| samples | nll     | ece     | aece    | cece    |
+---------+---------+---------+---------+---------+
| 5000    | 0.70328 | 0.03909 | 0.03892 | 0.02907 |
+---------+---------+---------+---------+---------+
[2026-05-09 15:23:08,319 INFO][traineradasmoothlossprojlogit.py:605 - train] - Epoch[37]	Best acc on Val : 0.8452 at epoch 33
[2026-05-09 15:23:08,319 INFO][traineradasmoothlossprojlogit.py:572 - train] - ====================
[2026-05-09 15:23:08,319 INFO][traineradasmoothlossprojlogit.py:573 - train] -  Start epoch 38
[2026-05-09 15:23:08,319 INFO][traineradasmoothlossprojlogit.py:574 - train] - ====================
[2026-05-09 15:23:14,484 INFO][traineradasmoothlossprojlogit.py:300 - log_iter_info] - Train Iter[100/351][38]	{"data_time": 0.00021, "batch_time": 0.05285, "loss": 0.6118, "acc": 0.85156, "mean_diffs": 5.74185}
[2026-05-09 15:23:19,784 INFO][traineradasmoothlossprojlogit.py:300 - log_iter_info] - Train Iter[200/351][38]	{"data_time": 0.0002, "batch_time": 0.05276, "loss": 0.42072, "acc": 0.89062, "mean_diffs": 6.28208}
[2026-05-09 15:23:25,080 INFO][traineradasmoothlossprojlogit.py:300 - log_iter_info] - Train Iter[300/351][38]	{"data_time": 0.00025, "batch_time": 0.05287, "loss": 0.52656, "acc": 0.82812, "mean_diffs": 5.81025}
[2026-05-09 15:23:27,888 INFO][traineradasmoothlossprojlogit.py:319 - log_epoch_info] - Train Epoch[38]	{"samples": 44928, "lr": 0.1, "loss": 0.49522, "acc": 0.86692, "acc_5": 0.99455, "macc": 0.86692, "mean_diffs": 6.1063, "max_diffs": 7.58992, "margin": 3.62666}
[2026-05-09 15:23:29,168 INFO][traineradasmoothlossprojlogit.py:333 - log_eval_epoch_info] - Val Epoch[38]	{"samples": 5000, "loss": 0.80514, "acc": 0.8056, "acc_5": 0.9862, "macc": 0.80667, "nll": 0.58926, "ece": 0.02334, "aece": 0.02204, "cece": 0.02137, "mean_diffs": 6.25888, "max_diffs": 7.93748, "margin": 3.44597}
[2026-05-09 15:23:29,168 INFO][traineradasmoothlossprojlogit.py:336 - log_eval_epoch_info] - 
+---------+---------+---------+---------+
| samples | acc     | acc_5   | macc    |
+---------+---------+---------+---------+
| 5000    | 0.80560 | 0.98620 | 0.80667 |
+---------+---------+---------+---------+
[2026-05-09 15:23:29,168 INFO][traineradasmoothlossprojlogit.py:337 - log_eval_epoch_info] - 
+---------+---------+---------+---------+---------+
| samples | nll     | ece     | aece    | cece    |
+---------+---------+---------+---------+---------+
| 5000    | 0.58926 | 0.02334 | 0.02204 | 0.02137 |
+---------+---------+---------+---------+---------+
[2026-05-09 15:23:29,391 INFO][traineradasmoothlossprojlogit.py:605 - train] - Epoch[38]	Best acc on Val : 0.8452 at epoch 33
[2026-05-09 15:23:29,391 INFO][traineradasmoothlossprojlogit.py:572 - train] - ====================
[2026-05-09 15:23:29,391 INFO][traineradasmoothlossprojlogit.py:573 - train] -  Start epoch 39
[2026-05-09 15:23:29,391 INFO][traineradasmoothlossprojlogit.py:574 - train] - ====================
[2026-05-09 15:23:35,308 INFO][traineradasmoothlossprojlogit.py:300 - log_iter_info] - Train Iter[100/351][39]	{"data_time": 0.00031, "batch_time": 0.05344, "loss": 0.44369, "acc": 0.875, "mean_diffs": 6.15833}
[2026-05-09 15:23:40,606 INFO][traineradasmoothlossprojlogit.py:300 - log_iter_info] - Train Iter[200/351][39]	{"data_time": 0.0002, "batch_time": 0.05289, "loss": 0.49619, "acc": 0.85938, "mean_diffs": 6.29602}
[2026-05-09 15:23:45,906 INFO][traineradasmoothlossprojlogit.py:300 - log_iter_info] - Train Iter[300/351][39]	{"data_time": 0.00019, "batch_time": 0.05295, "loss": 0.56097, "acc": 0.88281, "mean_diffs": 6.39575}
[2026-05-09 15:23:48,709 INFO][traineradasmoothlossprojlogit.py:319 - log_epoch_info] - Train Epoch[39]	{"samples": 44928, "lr": 0.1, "loss": 0.48992, "acc": 0.87044, "acc_5": 0.99548, "macc": 0.87046, "mean_diffs": 6.12519, "max_diffs": 7.60615, "margin": 3.66471}
[2026-05-09 15:23:49,977 INFO][traineradasmoothlossprojlogit.py:333 - log_eval_epoch_info] - Val Epoch[39]	{"samples": 5000, "loss": 0.74183, "acc": 0.8418, "acc_5": 0.988, "macc": 0.84126, "nll": 0.48983, "ece": 0.01922, "aece": 0.02319, "cece": 0.01443, "mean_diffs": 6.47821, "max_diffs": 8.08969, "margin": 3.76638}
[2026-05-09 15:23:49,978 INFO][traineradasmoothlossprojlogit.py:336 - log_eval_epoch_info] - 
+---------+---------+---------+---------+
| samples | acc     | acc_5   | macc    |
+---------+---------+---------+---------+
| 5000    | 0.84180 | 0.98800 | 0.84126 |
+---------+---------+---------+---------+
[2026-05-09 15:23:49,978 INFO][traineradasmoothlossprojlogit.py:337 - log_eval_epoch_info] - 
+---------+---------+---------+---------+---------+
| samples | nll     | ece     | aece    | cece    |
+---------+---------+---------+---------+---------+
| 5000    | 0.48983 | 0.01922 | 0.02319 | 0.01443 |
+---------+---------+---------+---------+---------+
[2026-05-09 15:23:50,198 INFO][traineradasmoothlossprojlogit.py:605 - train] - Epoch[39]	Best acc on Val : 0.8452 at epoch 33
[2026-05-09 15:23:50,198 INFO][traineradasmoothlossprojlogit.py:572 - train] - ====================
[2026-05-09 15:23:50,198 INFO][traineradasmoothlossprojlogit.py:573 - train] -  Start epoch 40
[2026-05-09 15:23:50,198 INFO][traineradasmoothlossprojlogit.py:574 - train] - ====================
[2026-05-09 15:23:56,123 INFO][traineradasmoothlossprojlogit.py:300 - log_iter_info] - Train Iter[100/351][40]	{"data_time": 0.00022, "batch_time": 0.05362, "loss": 0.54776, "acc": 0.83594, "mean_diffs": 6.11173}
[2026-05-09 15:24:01,433 INFO][traineradasmoothlossprojlogit.py:300 - log_iter_info] - Train Iter[200/351][40]	{"data_time": 0.0002, "batch_time": 0.05296, "loss": 0.58357, "acc": 0.84375, "mean_diffs": 5.96027}
[2026-05-09 15:24:06,738 INFO][traineradasmoothlossprojlogit.py:300 - log_iter_info] - Train Iter[300/351][40]	{"data_time": 0.00019, "batch_time": 0.05306, "loss": 0.41599, "acc": 0.91406, "mean_diffs": 5.95065}
[2026-05-09 15:24:09,542 INFO][traineradasmoothlossprojlogit.py:319 - log_epoch_info] - Train Epoch[40]	{"samples": 44928, "lr": 0.1, "loss": 0.48809, "acc": 0.87119, "acc_5": 0.9951, "macc": 0.87121, "mean_diffs": 6.12087, "max_diffs": 7.59028, "margin": 3.67048}
[2026-05-09 15:24:10,846 INFO][traineradasmoothlossprojlogit.py:333 - log_eval_epoch_info] - Val Epoch[40]	{"samples": 5000, "loss": 0.97282, "acc": 0.7744, "acc_5": 0.9872, "macc": 0.77676, "nll": 0.69304, "ece": 0.06262, "aece": 0.06258, "cece": 0.03317, "mean_diffs": 6.83365, "max_diffs": 8.51448, "margin": 3.76923}
[2026-05-09 15:24:10,846 INFO][traineradasmoothlossprojlogit.py:336 - log_eval_epoch_info] - 
+---------+---------+---------+---------+
| samples | acc     | acc_5   | macc    |
+---------+---------+---------+---------+
| 5000    | 0.77440 | 0.98720 | 0.77676 |
+---------+---------+---------+---------+
[2026-05-09 15:24:10,846 INFO][traineradasmoothlossprojlogit.py:337 - log_eval_epoch_info] - 
+---------+---------+---------+---------+---------+
| samples | nll     | ece     | aece    | cece    |
+---------+---------+---------+---------+---------+
| 5000    | 0.69304 | 0.06262 | 0.06258 | 0.03317 |
+---------+---------+---------+---------+---------+
[2026-05-09 15:24:11,070 INFO][traineradasmoothlossprojlogit.py:605 - train] - Epoch[40]	Best acc on Val : 0.8452 at epoch 33
[2026-05-09 15:24:11,070 INFO][traineradasmoothlossprojlogit.py:572 - train] - ====================
[2026-05-09 15:24:11,070 INFO][traineradasmoothlossprojlogit.py:573 - train] -  Start epoch 41
[2026-05-09 15:24:11,070 INFO][traineradasmoothlossprojlogit.py:574 - train] - ====================
[2026-05-09 15:24:16,982 INFO][traineradasmoothlossprojlogit.py:300 - log_iter_info] - Train Iter[100/351][41]	{"data_time": 0.00023, "batch_time": 0.05318, "loss": 0.42643, "acc": 0.88281, "mean_diffs": 6.12458}
[2026-05-09 15:24:22,284 INFO][traineradasmoothlossprojlogit.py:300 - log_iter_info] - Train Iter[200/351][41]	{"data_time": 0.0002, "batch_time": 0.05295, "loss": 0.47086, "acc": 0.84375, "mean_diffs": 6.18657}
[2026-05-09 15:24:27,585 INFO][traineradasmoothlossprojlogit.py:300 - log_iter_info] - Train Iter[300/351][41]	{"data_time": 0.00024, "batch_time": 0.05301, "loss": 0.45778, "acc": 0.89062, "mean_diffs": 5.97495}
[2026-05-09 15:24:30,386 INFO][traineradasmoothlossprojlogit.py:319 - log_epoch_info] - Train Epoch[41]	{"samples": 44928, "lr": 0.1, "loss": 0.48722, "acc": 0.87204, "acc_5": 0.99495, "macc": 0.87204, "mean_diffs": 6.05208, "max_diffs": 7.47508, "margin": 3.67009}
[2026-05-09 15:24:31,652 INFO][traineradasmoothlossprojlogit.py:333 - log_eval_epoch_info] - Val Epoch[41]	{"samples": 5000, "loss": 0.76223, "acc": 0.8216, "acc_5": 0.9914, "macc": 0.82147, "nll": 0.52629, "ece": 0.02222, "aece": 0.01745, "cece": 0.01825, "mean_diffs": 6.57468, "max_diffs": 8.10506, "margin": 3.86651}
[2026-05-09 15:24:31,652 INFO][traineradasmoothlossprojlogit.py:336 - log_eval_epoch_info] - 
+---------+---------+---------+---------+
| samples | acc     | acc_5   | macc    |
+---------+---------+---------+---------+
| 5000    | 0.82160 | 0.99140 | 0.82147 |
+---------+---------+---------+---------+
[2026-05-09 15:24:31,652 INFO][traineradasmoothlossprojlogit.py:337 - log_eval_epoch_info] - 
+---------+---------+---------+---------+---------+
| samples | nll     | ece     | aece    | cece    |
+---------+---------+---------+---------+---------+
| 5000    | 0.52629 | 0.02222 | 0.01745 | 0.01825 |
+---------+---------+---------+---------+---------+
[2026-05-09 15:24:31,875 INFO][traineradasmoothlossprojlogit.py:605 - train] - Epoch[41]	Best acc on Val : 0.8452 at epoch 33
[2026-05-09 15:24:31,875 INFO][traineradasmoothlossprojlogit.py:572 - train] - ====================
[2026-05-09 15:24:31,875 INFO][traineradasmoothlossprojlogit.py:573 - train] -  Start epoch 42
[2026-05-09 15:24:31,875 INFO][traineradasmoothlossprojlogit.py:574 - train] - ====================
[2026-05-09 15:24:38,065 INFO][traineradasmoothlossprojlogit.py:300 - log_iter_info] - Train Iter[100/351][42]	{"data_time": 0.0002, "batch_time": 0.05326, "loss": 0.45692, "acc": 0.89844, "mean_diffs": 5.94458}
[2026-05-09 15:24:43,375 INFO][traineradasmoothlossprojlogit.py:300 - log_iter_info] - Train Iter[200/351][42]	{"data_time": 0.00025, "batch_time": 0.0532, "loss": 0.61891, "acc": 0.83594, "mean_diffs": 5.7108}
[2026-05-09 15:24:48,691 INFO][traineradasmoothlossprojlogit.py:300 - log_iter_info] - Train Iter[300/351][42]	{"data_time": 0.00018, "batch_time": 0.05288, "loss": 0.45798, "acc": 0.875, "mean_diffs": 6.06014}
[2026-05-09 15:24:51,504 INFO][traineradasmoothlossprojlogit.py:319 - log_epoch_info] - Train Epoch[42]	{"samples": 44928, "lr": 0.1, "loss": 0.49198, "acc": 0.87175, "acc_5": 0.9953, "macc": 0.87179, "mean_diffs": 6.04952, "max_diffs": 7.45523, "margin": 3.68052}
[2026-05-09 15:24:52,787 INFO][traineradasmoothlossprojlogit.py:333 - log_eval_epoch_info] - Val Epoch[42]	{"samples": 5000, "loss": 0.66365, "acc": 0.8414, "acc_5": 0.9892, "macc": 0.84121, "nll": 0.48648, "ece": 0.02033, "aece": 0.01615, "cece": 0.0154, "mean_diffs": 5.82251, "max_diffs": 7.33561, "margin": 3.51667}
[2026-05-09 15:24:52,787 INFO][traineradasmoothlossprojlogit.py:336 - log_eval_epoch_info] - 
+---------+---------+---------+---------+
| samples | acc     | acc_5   | macc    |
+---------+---------+---------+---------+
| 5000    | 0.84140 | 0.98920 | 0.84121 |
+---------+---------+---------+---------+
[2026-05-09 15:24:52,788 INFO][traineradasmoothlossprojlogit.py:337 - log_eval_epoch_info] - 
+---------+---------+---------+---------+---------+
| samples | nll     | ece     | aece    | cece    |
+---------+---------+---------+---------+---------+
| 5000    | 0.48648 | 0.02033 | 0.01615 | 0.01540 |
+---------+---------+---------+---------+---------+
[2026-05-09 15:24:53,007 INFO][traineradasmoothlossprojlogit.py:605 - train] - Epoch[42]	Best acc on Val : 0.8452 at epoch 33
[2026-05-09 15:24:53,007 INFO][traineradasmoothlossprojlogit.py:572 - train] - ====================
[2026-05-09 15:24:53,007 INFO][traineradasmoothlossprojlogit.py:573 - train] -  Start epoch 43
[2026-05-09 15:24:53,007 INFO][traineradasmoothlossprojlogit.py:574 - train] - ====================
[2026-05-09 15:24:58,907 INFO][traineradasmoothlossprojlogit.py:300 - log_iter_info] - Train Iter[100/351][43]	{"data_time": 0.00028, "batch_time": 0.05359, "loss": 0.48051, "acc": 0.86719, "mean_diffs": 6.17237}
[2026-05-09 15:25:04,221 INFO][traineradasmoothlossprojlogit.py:300 - log_iter_info] - Train Iter[200/351][43]	{"data_time": 0.00037, "batch_time": 0.05354, "loss": 0.70467, "acc": 0.78906, "mean_diffs": 5.71072}
[2026-05-09 15:25:09,525 INFO][traineradasmoothlossprojlogit.py:300 - log_iter_info] - Train Iter[300/351][43]	{"data_time": 0.00019, "batch_time": 0.05301, "loss": 0.51979, "acc": 0.83594, "mean_diffs": 5.79889}
[2026-05-09 15:25:12,328 INFO][traineradasmoothlossprojlogit.py:319 - log_epoch_info] - Train Epoch[43]	{"samples": 44928, "lr": 0.1, "loss": 0.48577, "acc": 0.87004, "acc_5": 0.9951, "macc": 0.87006, "mean_diffs": 6.09111, "max_diffs": 7.49761, "margin": 3.70598}
[2026-05-09 15:25:13,604 INFO][traineradasmoothlossprojlogit.py:333 - log_eval_epoch_info] - Val Epoch[43]	{"samples": 5000, "loss": 0.74053, "acc": 0.8084, "acc_5": 0.992, "macc": 0.80886, "nll": 0.57193, "ece": 0.03039, "aece": 0.02985, "cece": 0.02178, "mean_diffs": 6.11883, "max_diffs": 7.66436, "margin": 3.58694}
[2026-05-09 15:25:13,604 INFO][traineradasmoothlossprojlogit.py:336 - log_eval_epoch_info] - 
+---------+---------+---------+---------+
| samples | acc     | acc_5   | macc    |
+---------+---------+---------+---------+
| 5000    | 0.80840 | 0.99200 | 0.80886 |
+---------+---------+---------+---------+
[2026-05-09 15:25:13,604 INFO][traineradasmoothlossprojlogit.py:337 - log_eval_epoch_info] - 
+---------+---------+---------+---------+---------+
| samples | nll     | ece     | aece    | cece    |
+---------+---------+---------+---------+---------+
| 5000    | 0.57193 | 0.03039 | 0.02985 | 0.02178 |
+---------+---------+---------+---------+---------+
[2026-05-09 15:25:13,826 INFO][traineradasmoothlossprojlogit.py:605 - train] - Epoch[43]	Best acc on Val : 0.8452 at epoch 33
[2026-05-09 15:25:13,826 INFO][traineradasmoothlossprojlogit.py:572 - train] - ====================
[2026-05-09 15:25:13,826 INFO][traineradasmoothlossprojlogit.py:573 - train] -  Start epoch 44
[2026-05-09 15:25:13,826 INFO][traineradasmoothlossprojlogit.py:574 - train] - ====================
[2026-05-09 15:25:19,744 INFO][traineradasmoothlossprojlogit.py:300 - log_iter_info] - Train Iter[100/351][44]	{"data_time": 0.00018, "batch_time": 0.0522, "loss": 0.43129, "acc": 0.875, "mean_diffs": 6.45843}
[2026-05-09 15:25:25,064 INFO][traineradasmoothlossprojlogit.py:300 - log_iter_info] - Train Iter[200/351][44]	{"data_time": 0.00022, "batch_time": 0.0531, "loss": 0.47334, "acc": 0.88281, "mean_diffs": 6.36209}
[2026-05-09 15:25:30,373 INFO][traineradasmoothlossprojlogit.py:300 - log_iter_info] - Train Iter[300/351][44]	{"data_time": 0.00019, "batch_time": 0.05311, "loss": 0.44652, "acc": 0.89062, "mean_diffs": 5.73124}
[2026-05-09 15:25:33,211 INFO][traineradasmoothlossprojlogit.py:319 - log_epoch_info] - Train Epoch[44]	{"samples": 44928, "lr": 0.1, "loss": 0.48958, "acc": 0.87026, "acc_5": 0.99537, "macc": 0.87029, "mean_diffs": 6.06492, "max_diffs": 7.48199, "margin": 3.69366}
[2026-05-09 15:25:34,465 INFO][traineradasmoothlossprojlogit.py:333 - log_eval_epoch_info] - Val Epoch[44]	{"samples": 5000, "loss": 0.94606, "acc": 0.7272, "acc_5": 0.9744, "macc": 0.72946, "nll": 0.84397, "ece": 0.06386, "aece": 0.06486, "cece": 0.03752, "mean_diffs": 5.50171, "max_diffs": 7.04062, "margin": 2.97122}
[2026-05-09 15:25:34,465 INFO][traineradasmoothlossprojlogit.py:336 - log_eval_epoch_info] - 
+---------+---------+---------+---------+
| samples | acc     | acc_5   | macc    |
+---------+---------+---------+---------+
| 5000    | 0.72720 | 0.97440 | 0.72946 |
+---------+---------+---------+---------+
[2026-05-09 15:25:34,465 INFO][traineradasmoothlossprojlogit.py:337 - log_eval_epoch_info] - 
+---------+---------+---------+---------+---------+
| samples | nll     | ece     | aece    | cece    |
+---------+---------+---------+---------+---------+
| 5000    | 0.84397 | 0.06386 | 0.06486 | 0.03752 |
+---------+---------+---------+---------+---------+
[2026-05-09 15:25:34,695 INFO][traineradasmoothlossprojlogit.py:605 - train] - Epoch[44]	Best acc on Val : 0.8452 at epoch 33
[2026-05-09 15:25:34,695 INFO][traineradasmoothlossprojlogit.py:572 - train] - ====================
[2026-05-09 15:25:34,695 INFO][traineradasmoothlossprojlogit.py:573 - train] -  Start epoch 45
[2026-05-09 15:25:34,695 INFO][traineradasmoothlossprojlogit.py:574 - train] - ====================
[2026-05-09 15:25:40,607 INFO][traineradasmoothlossprojlogit.py:300 - log_iter_info] - Train Iter[100/351][45]	{"data_time": 0.0002, "batch_time": 0.05221, "loss": 0.45277, "acc": 0.875, "mean_diffs": 5.65864}
[2026-05-09 15:25:45,921 INFO][traineradasmoothlossprojlogit.py:300 - log_iter_info] - Train Iter[200/351][45]	{"data_time": 0.00021, "batch_time": 0.0528, "loss": 0.44812, "acc": 0.89062, "mean_diffs": 5.90696}
[2026-05-09 15:25:51,223 INFO][traineradasmoothlossprojlogit.py:300 - log_iter_info] - Train Iter[300/351][45]	{"data_time": 0.00026, "batch_time": 0.0532, "loss": 0.50624, "acc": 0.86719, "mean_diffs": 6.14526}
[2026-05-09 15:25:54,031 INFO][traineradasmoothlossprojlogit.py:319 - log_epoch_info] - Train Epoch[45]	{"samples": 44928, "lr": 0.1, "loss": 0.49121, "acc": 0.87269, "acc_5": 0.99519, "macc": 0.87271, "mean_diffs": 5.96514, "max_diffs": 7.33331, "margin": 3.66973}
[2026-05-09 15:25:55,298 INFO][traineradasmoothlossprojlogit.py:333 - log_eval_epoch_info] - Val Epoch[45]	{"samples": 5000, "loss": 0.97205, "acc": 0.748, "acc_5": 0.9826, "macc": 0.75112, "nll": 0.7912, "ece": 0.06707, "aece": 0.06742, "cece": 0.03855, "mean_diffs": 5.9884, "max_diffs": 7.70981, "margin": 3.39872}
[2026-05-09 15:25:55,298 INFO][traineradasmoothlossprojlogit.py:336 - log_eval_epoch_info] - 
+---------+---------+---------+---------+
| samples | acc     | acc_5   | macc    |
+---------+---------+---------+---------+
| 5000    | 0.74800 | 0.98260 | 0.75112 |
+---------+---------+---------+---------+
[2026-05-09 15:25:55,298 INFO][traineradasmoothlossprojlogit.py:337 - log_eval_epoch_info] - 
+---------+---------+---------+---------+---------+
| samples | nll     | ece     | aece    | cece    |
+---------+---------+---------+---------+---------+
| 5000    | 0.79120 | 0.06707 | 0.06742 | 0.03855 |
+---------+---------+---------+---------+---------+
[2026-05-09 15:25:55,521 INFO][traineradasmoothlossprojlogit.py:605 - train] - Epoch[45]	Best acc on Val : 0.8452 at epoch 33
[2026-05-09 15:25:55,521 INFO][traineradasmoothlossprojlogit.py:572 - train] - ====================
[2026-05-09 15:25:55,521 INFO][traineradasmoothlossprojlogit.py:573 - train] -  Start epoch 46
[2026-05-09 15:25:55,521 INFO][traineradasmoothlossprojlogit.py:574 - train] - ====================
[2026-05-09 15:26:01,689 INFO][traineradasmoothlossprojlogit.py:300 - log_iter_info] - Train Iter[100/351][46]	{"data_time": 0.00025, "batch_time": 0.05269, "loss": 0.46087, "acc": 0.90625, "mean_diffs": 6.09679}
[2026-05-09 15:26:07,014 INFO][traineradasmoothlossprojlogit.py:300 - log_iter_info] - Train Iter[200/351][46]	{"data_time": 0.00021, "batch_time": 0.05277, "loss": 0.58543, "acc": 0.84375, "mean_diffs": 5.78496}
[2026-05-09 15:26:12,339 INFO][traineradasmoothlossprojlogit.py:300 - log_iter_info] - Train Iter[300/351][46]	{"data_time": 0.00019, "batch_time": 0.05314, "loss": 0.436, "acc": 0.89062, "mean_diffs": 5.75253}
[2026-05-09 15:26:15,161 INFO][traineradasmoothlossprojlogit.py:319 - log_epoch_info] - Train Epoch[46]	{"samples": 44928, "lr": 0.1, "loss": 0.48412, "acc": 0.87344, "acc_5": 0.99506, "macc": 0.87343, "mean_diffs": 6.05076, "max_diffs": 7.46788, "margin": 3.69073}
[2026-05-09 15:26:16,432 INFO][traineradasmoothlossprojlogit.py:333 - log_eval_epoch_info] - Val Epoch[46]	{"samples": 5000, "loss": 0.78706, "acc": 0.8316, "acc_5": 0.9878, "macc": 0.8314, "nll": 0.51151, "ece": 0.01228, "aece": 0.01312, "cece": 0.01451, "mean_diffs": 6.61751, "max_diffs": 8.22197, "margin": 3.92152}
[2026-05-09 15:26:16,432 INFO][traineradasmoothlossprojlogit.py:336 - log_eval_epoch_info] - 
+---------+---------+---------+---------+
| samples | acc     | acc_5   | macc    |
+---------+---------+---------+---------+
| 5000    | 0.83160 | 0.98780 | 0.83140 |
+---------+---------+---------+---------+
[2026-05-09 15:26:16,432 INFO][traineradasmoothlossprojlogit.py:337 - log_eval_epoch_info] - 
+---------+---------+---------+---------+---------+
| samples | nll     | ece     | aece    | cece    |
+---------+---------+---------+---------+---------+
| 5000    | 0.51151 | 0.01228 | 0.01312 | 0.01451 |
+---------+---------+---------+---------+---------+
[2026-05-09 15:26:16,659 INFO][traineradasmoothlossprojlogit.py:605 - train] - Epoch[46]	Best acc on Val : 0.8452 at epoch 33
[2026-05-09 15:26:16,659 INFO][traineradasmoothlossprojlogit.py:572 - train] - ====================
[2026-05-09 15:26:16,659 INFO][traineradasmoothlossprojlogit.py:573 - train] -  Start epoch 47
[2026-05-09 15:26:16,659 INFO][traineradasmoothlossprojlogit.py:574 - train] - ====================
[2026-05-09 15:26:22,570 INFO][traineradasmoothlossprojlogit.py:300 - log_iter_info] - Train Iter[100/351][47]	{"data_time": 0.00021, "batch_time": 0.05304, "loss": 0.46201, "acc": 0.88281, "mean_diffs": 6.05198}
[2026-05-09 15:26:27,887 INFO][traineradasmoothlossprojlogit.py:300 - log_iter_info] - Train Iter[200/351][47]	{"data_time": 0.00026, "batch_time": 0.05286, "loss": 0.4934, "acc": 0.86719, "mean_diffs": 5.96314}
[2026-05-09 15:26:33,195 INFO][traineradasmoothlossprojlogit.py:300 - log_iter_info] - Train Iter[300/351][47]	{"data_time": 0.00039, "batch_time": 0.05319, "loss": 0.55693, "acc": 0.82031, "mean_diffs": 5.88672}
[2026-05-09 15:26:36,005 INFO][traineradasmoothlossprojlogit.py:319 - log_epoch_info] - Train Epoch[47]	{"samples": 44928, "lr": 0.1, "loss": 0.48803, "acc": 0.87248, "acc_5": 0.99573, "macc": 0.8725, "mean_diffs": 6.00961, "max_diffs": 7.41115, "margin": 3.67357}
[2026-05-09 15:26:37,285 INFO][traineradasmoothlossprojlogit.py:333 - log_eval_epoch_info] - Val Epoch[47]	{"samples": 5000, "loss": 0.75785, "acc": 0.814, "acc_5": 0.9914, "macc": 0.81441, "nll": 0.55615, "ece": 0.03515, "aece": 0.03583, "cece": 0.02432, "mean_diffs": 6.29376, "max_diffs": 7.81515, "margin": 3.87206}
[2026-05-09 15:26:37,285 INFO][traineradasmoothlossprojlogit.py:336 - log_eval_epoch_info] - 
+---------+---------+---------+---------+
| samples | acc     | acc_5   | macc    |
+---------+---------+---------+---------+
| 5000    | 0.81400 | 0.99140 | 0.81441 |
+---------+---------+---------+---------+
[2026-05-09 15:26:37,285 INFO][traineradasmoothlossprojlogit.py:337 - log_eval_epoch_info] - 
+---------+---------+---------+---------+---------+
| samples | nll     | ece     | aece    | cece    |
+---------+---------+---------+---------+---------+
| 5000    | 0.55615 | 0.03515 | 0.03583 | 0.02432 |
+---------+---------+---------+---------+---------+
[2026-05-09 15:26:37,504 INFO][traineradasmoothlossprojlogit.py:605 - train] - Epoch[47]	Best acc on Val : 0.8452 at epoch 33
[2026-05-09 15:26:37,504 INFO][traineradasmoothlossprojlogit.py:572 - train] - ====================
[2026-05-09 15:26:37,504 INFO][traineradasmoothlossprojlogit.py:573 - train] -  Start epoch 48
[2026-05-09 15:26:37,504 INFO][traineradasmoothlossprojlogit.py:574 - train] - ====================
[2026-05-09 15:26:43,408 INFO][traineradasmoothlossprojlogit.py:300 - log_iter_info] - Train Iter[100/351][48]	{"data_time": 0.00026, "batch_time": 0.05335, "loss": 0.5416, "acc": 0.88281, "mean_diffs": 5.57796}
[2026-05-09 15:26:48,719 INFO][traineradasmoothlossprojlogit.py:300 - log_iter_info] - Train Iter[200/351][48]	{"data_time": 0.00026, "batch_time": 0.05287, "loss": 0.49671, "acc": 0.89062, "mean_diffs": 5.45087}
[2026-05-09 15:26:54,018 INFO][traineradasmoothlossprojlogit.py:300 - log_iter_info] - Train Iter[300/351][48]	{"data_time": 0.00023, "batch_time": 0.0532, "loss": 0.54807, "acc": 0.86719, "mean_diffs": 5.72486}
[2026-05-09 15:26:56,817 INFO][traineradasmoothlossprojlogit.py:319 - log_epoch_info] - Train Epoch[48]	{"samples": 44928, "lr": 0.1, "loss": 0.52497, "acc": 0.878, "acc_5": 0.99535, "macc": 0.87802, "mean_diffs": 5.65465, "max_diffs": 6.91475, "margin": 3.55271}
[2026-05-09 15:26:58,082 INFO][traineradasmoothlossprojlogit.py:333 - log_eval_epoch_info] - Val Epoch[48]	{"samples": 5000, "loss": 0.77603, "acc": 0.7918, "acc_5": 0.9858, "macc": 0.7914, "nll": 0.62322, "ece": 0.01962, "aece": 0.02042, "cece": 0.02368, "mean_diffs": 5.39062, "max_diffs": 6.68716, "margin": 3.16563}
[2026-05-09 15:26:58,083 INFO][traineradasmoothlossprojlogit.py:336 - log_eval_epoch_info] - 
+---------+---------+---------+---------+
| samples | acc     | acc_5   | macc    |
+---------+---------+---------+---------+
| 5000    | 0.79180 | 0.98580 | 0.79140 |
+---------+---------+---------+---------+
[2026-05-09 15:26:58,083 INFO][traineradasmoothlossprojlogit.py:337 - log_eval_epoch_info] - 
+---------+---------+---------+---------+---------+
| samples | nll     | ece     | aece    | cece    |
+---------+---------+---------+---------+---------+
| 5000    | 0.62322 | 0.01962 | 0.02042 | 0.02368 |
+---------+---------+---------+---------+---------+
[2026-05-09 15:26:58,301 INFO][traineradasmoothlossprojlogit.py:605 - train] - Epoch[48]	Best acc on Val : 0.8452 at epoch 33
[2026-05-09 15:26:58,302 INFO][traineradasmoothlossprojlogit.py:572 - train] - ====================
[2026-05-09 15:26:58,302 INFO][traineradasmoothlossprojlogit.py:573 - train] -  Start epoch 49
[2026-05-09 15:26:58,302 INFO][traineradasmoothlossprojlogit.py:574 - train] - ====================
[2026-05-09 15:27:04,223 INFO][traineradasmoothlossprojlogit.py:300 - log_iter_info] - Train Iter[100/351][49]	{"data_time": 0.00022, "batch_time": 0.05318, "loss": 0.47528, "acc": 0.875, "mean_diffs": 5.46531}
[2026-05-09 15:27:09,534 INFO][traineradasmoothlossprojlogit.py:300 - log_iter_info] - Train Iter[200/351][49]	{"data_time": 0.00025, "batch_time": 0.05295, "loss": 0.43706, "acc": 0.90625, "mean_diffs": 5.96717}
[2026-05-09 15:27:14,833 INFO][traineradasmoothlossprojlogit.py:300 - log_iter_info] - Train Iter[300/351][49]	{"data_time": 0.00019, "batch_time": 0.05309, "loss": 0.46044, "acc": 0.875, "mean_diffs": 5.50934}
[2026-05-09 15:27:17,625 INFO][traineradasmoothlossprojlogit.py:319 - log_epoch_info] - Train Epoch[49]	{"samples": 44928, "lr": 0.1, "loss": 0.51391, "acc": 0.87649, "acc_5": 0.99582, "macc": 0.87651, "mean_diffs": 5.58131, "max_diffs": 6.79408, "margin": 3.56626}
[2026-05-09 15:27:18,889 INFO][traineradasmoothlossprojlogit.py:333 - log_eval_epoch_info] - Val Epoch[49]	{"samples": 5000, "loss": 0.75347, "acc": 0.8126, "acc_5": 0.9906, "macc": 0.81214, "nll": 0.57123, "ece": 0.02352, "aece": 0.02027, "cece": 0.02266, "mean_diffs": 5.96013, "max_diffs": 7.42936, "margin": 3.74404}
[2026-05-09 15:27:18,890 INFO][traineradasmoothlossprojlogit.py:336 - log_eval_epoch_info] - 
+---------+---------+---------+---------+
| samples | acc     | acc_5   | macc    |
+---------+---------+---------+---------+
| 5000    | 0.81260 | 0.99060 | 0.81214 |
+---------+---------+---------+---------+
[2026-05-09 15:27:18,890 INFO][traineradasmoothlossprojlogit.py:337 - log_eval_epoch_info] - 
+---------+---------+---------+---------+---------+
| samples | nll     | ece     | aece    | cece    |
+---------+---------+---------+---------+---------+
| 5000    | 0.57123 | 0.02352 | 0.02027 | 0.02266 |
+---------+---------+---------+---------+---------+
[2026-05-09 15:27:19,108 INFO][traineradasmoothlossprojlogit.py:605 - train] - Epoch[49]	Best acc on Val : 0.8452 at epoch 33
[2026-05-09 15:27:19,108 INFO][traineradasmoothlossprojlogit.py:572 - train] - ====================
[2026-05-09 15:27:19,108 INFO][traineradasmoothlossprojlogit.py:573 - train] -  Start epoch 50
[2026-05-09 15:27:19,108 INFO][traineradasmoothlossprojlogit.py:574 - train] - ====================
[2026-05-09 15:27:25,276 INFO][traineradasmoothlossprojlogit.py:300 - log_iter_info] - Train Iter[100/351][50]	{"data_time": 0.0002, "batch_time": 0.05317, "loss": 0.50502, "acc": 0.88281, "mean_diffs": 5.54172}
[2026-05-09 15:27:30,606 INFO][traineradasmoothlossprojlogit.py:300 - log_iter_info] - Train Iter[200/351][50]	{"data_time": 0.00024, "batch_time": 0.05335, "loss": 0.50362, "acc": 0.86719, "mean_diffs": 5.82832}
[2026-05-09 15:27:35,918 INFO][traineradasmoothlossprojlogit.py:300 - log_iter_info] - Train Iter[300/351][50]	{"data_time": 0.00024, "batch_time": 0.05286, "loss": 0.46611, "acc": 0.89062, "mean_diffs": 5.80264}
[2026-05-09 15:27:38,717 INFO][traineradasmoothlossprojlogit.py:319 - log_epoch_info] - Train Epoch[50]	{"samples": 44928, "lr": 0.1, "loss": 0.50135, "acc": 0.8772, "acc_5": 0.99566, "macc": 0.87722, "mean_diffs": 5.73155, "max_diffs": 6.98565, "margin": 3.60282}
[2026-05-09 15:27:39,981 INFO][traineradasmoothlossprojlogit.py:333 - log_eval_epoch_info] - Val Epoch[50]	{"samples": 5000, "loss": 0.65939, "acc": 0.8304, "acc_5": 0.9922, "macc": 0.83092, "nll": 0.48672, "ece": 0.01313, "aece": 0.01298, "cece": 0.01641, "mean_diffs": 5.89391, "max_diffs": 7.34348, "margin": 3.65233}
[2026-05-09 15:27:39,982 INFO][traineradasmoothlossprojlogit.py:336 - log_eval_epoch_info] - 
+---------+---------+---------+---------+
| samples | acc     | acc_5   | macc    |
+---------+---------+---------+---------+
| 5000    | 0.83040 | 0.99220 | 0.83092 |
+---------+---------+---------+---------+
[2026-05-09 15:27:39,982 INFO][traineradasmoothlossprojlogit.py:337 - log_eval_epoch_info] - 
+---------+---------+---------+---------+---------+
| samples | nll     | ece     | aece    | cece    |
+---------+---------+---------+---------+---------+
| 5000    | 0.48672 | 0.01313 | 0.01298 | 0.01641 |
+---------+---------+---------+---------+---------+
[2026-05-09 15:27:40,203 INFO][traineradasmoothlossprojlogit.py:605 - train] - Epoch[50]	Best acc on Val : 0.8452 at epoch 33
[2026-05-09 15:27:40,203 INFO][traineradasmoothlossprojlogit.py:572 - train] - ====================
[2026-05-09 15:27:40,203 INFO][traineradasmoothlossprojlogit.py:573 - train] -  Start epoch 51
[2026-05-09 15:27:40,203 INFO][traineradasmoothlossprojlogit.py:574 - train] - ====================
[2026-05-09 15:27:46,080 INFO][traineradasmoothlossprojlogit.py:300 - log_iter_info] - Train Iter[100/351][51]	{"data_time": 0.00019, "batch_time": 0.05271, "loss": 0.39407, "acc": 0.89844, "mean_diffs": 5.75625}
[2026-05-09 15:27:51,394 INFO][traineradasmoothlossprojlogit.py:300 - log_iter_info] - Train Iter[200/351][51]	{"data_time": 0.00025, "batch_time": 0.05305, "loss": 0.42903, "acc": 0.91406, "mean_diffs": 5.91309}
[2026-05-09 15:27:56,693 INFO][traineradasmoothlossprojlogit.py:300 - log_iter_info] - Train Iter[300/351][51]	{"data_time": 0.00019, "batch_time": 0.0529, "loss": 0.39076, "acc": 0.92188, "mean_diffs": 5.86285}
[2026-05-09 15:27:59,490 INFO][traineradasmoothlossprojlogit.py:319 - log_epoch_info] - Train Epoch[51]	{"samples": 44928, "lr": 0.1, "loss": 0.50825, "acc": 0.87496, "acc_5": 0.99539, "macc": 0.87497, "mean_diffs": 5.71506, "max_diffs": 6.97465, "margin": 3.61419}
[2026-05-09 15:28:00,762 INFO][traineradasmoothlossprojlogit.py:333 - log_eval_epoch_info] - Val Epoch[51]	{"samples": 5000, "loss": 0.7453, "acc": 0.8076, "acc_5": 0.987, "macc": 0.8077, "nll": 0.59298, "ece": 0.03057, "aece": 0.03154, "cece": 0.02289, "mean_diffs": 5.62433, "max_diffs": 6.99492, "margin": 3.59749}
[2026-05-09 15:28:00,762 INFO][traineradasmoothlossprojlogit.py:336 - log_eval_epoch_info] - 
+---------+---------+---------+---------+
| samples | acc     | acc_5   | macc    |
+---------+---------+---------+---------+
| 5000    | 0.80760 | 0.98700 | 0.80770 |
+---------+---------+---------+---------+
[2026-05-09 15:28:00,762 INFO][traineradasmoothlossprojlogit.py:337 - log_eval_epoch_info] - 
+---------+---------+---------+---------+---------+
| samples | nll     | ece     | aece    | cece    |
+---------+---------+---------+---------+---------+
| 5000    | 0.59298 | 0.03057 | 0.03154 | 0.02289 |
+---------+---------+---------+---------+---------+
[2026-05-09 15:28:00,984 INFO][traineradasmoothlossprojlogit.py:605 - train] - Epoch[51]	Best acc on Val : 0.8452 at epoch 33
[2026-05-09 15:28:00,985 INFO][traineradasmoothlossprojlogit.py:572 - train] - ====================
[2026-05-09 15:28:00,985 INFO][traineradasmoothlossprojlogit.py:573 - train] -  Start epoch 52
[2026-05-09 15:28:00,985 INFO][traineradasmoothlossprojlogit.py:574 - train] - ====================
[2026-05-09 15:28:06,881 INFO][traineradasmoothlossprojlogit.py:300 - log_iter_info] - Train Iter[100/351][52]	{"data_time": 0.00027, "batch_time": 0.05268, "loss": 0.51981, "acc": 0.85156, "mean_diffs": 5.79245}
[2026-05-09 15:28:12,201 INFO][traineradasmoothlossprojlogit.py:300 - log_iter_info] - Train Iter[200/351][52]	{"data_time": 0.00025, "batch_time": 0.05308, "loss": 0.54516, "acc": 0.85156, "mean_diffs": 5.67483}
[2026-05-09 15:28:17,511 INFO][traineradasmoothlossprojlogit.py:300 - log_iter_info] - Train Iter[300/351][52]	{"data_time": 0.00019, "batch_time": 0.0532, "loss": 0.39986, "acc": 0.88281, "mean_diffs": 6.00333}
[2026-05-09 15:28:20,316 INFO][traineradasmoothlossprojlogit.py:319 - log_epoch_info] - Train Epoch[52]	{"samples": 44928, "lr": 0.1, "loss": 0.49933, "acc": 0.87531, "acc_5": 0.9953, "macc": 0.87534, "mean_diffs": 5.74523, "max_diffs": 7.0018, "margin": 3.62727}
[2026-05-09 15:28:21,605 INFO][traineradasmoothlossprojlogit.py:333 - log_eval_epoch_info] - Val Epoch[52]	{"samples": 5000, "loss": 0.62456, "acc": 0.8448, "acc_5": 0.99, "macc": 0.84366, "nll": 0.48192, "ece": 0.02263, "aece": 0.02233, "cece": 0.0161, "mean_diffs": 5.3949, "max_diffs": 6.65033, "margin": 3.30119}
[2026-05-09 15:28:21,605 INFO][traineradasmoothlossprojlogit.py:336 - log_eval_epoch_info] - 
+---------+---------+---------+---------+
| samples | acc     | acc_5   | macc    |
+---------+---------+---------+---------+
| 5000    | 0.84480 | 0.99000 | 0.84366 |
+---------+---------+---------+---------+
[2026-05-09 15:28:21,605 INFO][traineradasmoothlossprojlogit.py:337 - log_eval_epoch_info] - 
+---------+---------+---------+---------+---------+
| samples | nll     | ece     | aece    | cece    |
+---------+---------+---------+---------+---------+
| 5000    | 0.48192 | 0.02263 | 0.02233 | 0.01610 |
+---------+---------+---------+---------+---------+
[2026-05-09 15:28:21,826 INFO][traineradasmoothlossprojlogit.py:605 - train] - Epoch[52]	Best acc on Val : 0.8452 at epoch 33
[2026-05-09 15:28:21,826 INFO][traineradasmoothlossprojlogit.py:572 - train] - ====================
[2026-05-09 15:28:21,826 INFO][traineradasmoothlossprojlogit.py:573 - train] -  Start epoch 53
[2026-05-09 15:28:21,827 INFO][traineradasmoothlossprojlogit.py:574 - train] - ====================
[2026-05-09 15:28:27,721 INFO][traineradasmoothlossprojlogit.py:300 - log_iter_info] - Train Iter[100/351][53]	{"data_time": 0.00042, "batch_time": 0.05307, "loss": 0.43805, "acc": 0.89844, "mean_diffs": 5.48481}
[2026-05-09 15:28:33,043 INFO][traineradasmoothlossprojlogit.py:300 - log_iter_info] - Train Iter[200/351][53]	{"data_time": 0.00021, "batch_time": 0.05334, "loss": 0.42738, "acc": 0.89844, "mean_diffs": 6.02818}
[2026-05-09 15:28:38,353 INFO][traineradasmoothlossprojlogit.py:300 - log_iter_info] - Train Iter[300/351][53]	{"data_time": 0.00024, "batch_time": 0.05298, "loss": 0.49558, "acc": 0.89844, "mean_diffs": 5.80202}
[2026-05-09 15:28:41,156 INFO][traineradasmoothlossprojlogit.py:319 - log_epoch_info] - Train Epoch[53]	{"samples": 44928, "lr": 0.1, "loss": 0.50419, "acc": 0.87493, "acc_5": 0.99559, "macc": 0.87496, "mean_diffs": 5.70339, "max_diffs": 6.96704, "margin": 3.58582}
[2026-05-09 15:28:42,435 INFO][traineradasmoothlossprojlogit.py:333 - log_eval_epoch_info] - Val Epoch[53]	{"samples": 5000, "loss": 0.69043, "acc": 0.8198, "acc_5": 0.9898, "macc": 0.81985, "nll": 0.54366, "ece": 0.01192, "aece": 0.009, "cece": 0.01632, "mean_diffs": 5.6502, "max_diffs": 7.15644, "margin": 3.32252}
[2026-05-09 15:28:42,435 INFO][traineradasmoothlossprojlogit.py:336 - log_eval_epoch_info] - 
+---------+---------+---------+---------+
| samples | acc     | acc_5   | macc    |
+---------+---------+---------+---------+
| 5000    | 0.81980 | 0.98980 | 0.81985 |
+---------+---------+---------+---------+
[2026-05-09 15:28:42,435 INFO][traineradasmoothlossprojlogit.py:337 - log_eval_epoch_info] - 
+---------+---------+---------+---------+---------+
| samples | nll     | ece     | aece    | cece    |
+---------+---------+---------+---------+---------+
| 5000    | 0.54366 | 0.01192 | 0.00900 | 0.01632 |
+---------+---------+---------+---------+---------+
[2026-05-09 15:28:42,660 INFO][traineradasmoothlossprojlogit.py:605 - train] - Epoch[53]	Best acc on Val : 0.8452 at epoch 33
[2026-05-09 15:28:42,660 INFO][traineradasmoothlossprojlogit.py:572 - train] - ====================
[2026-05-09 15:28:42,660 INFO][traineradasmoothlossprojlogit.py:573 - train] -  Start epoch 54
[2026-05-09 15:28:42,660 INFO][traineradasmoothlossprojlogit.py:574 - train] - ====================
[2026-05-09 15:28:48,824 INFO][traineradasmoothlossprojlogit.py:300 - log_iter_info] - Train Iter[100/351][54]	{"data_time": 0.00019, "batch_time": 0.05248, "loss": 0.36169, "acc": 0.92969, "mean_diffs": 5.97923}
[2026-05-09 15:28:54,144 INFO][traineradasmoothlossprojlogit.py:300 - log_iter_info] - Train Iter[200/351][54]	{"data_time": 0.00019, "batch_time": 0.05281, "loss": 0.47621, "acc": 0.88281, "mean_diffs": 5.67302}
[2026-05-09 15:28:59,446 INFO][traineradasmoothlossprojlogit.py:300 - log_iter_info] - Train Iter[300/351][54]	{"data_time": 0.00019, "batch_time": 0.05283, "loss": 0.48233, "acc": 0.88281, "mean_diffs": 5.3674}
[2026-05-09 15:29:02,260 INFO][traineradasmoothlossprojlogit.py:319 - log_epoch_info] - Train Epoch[54]	{"samples": 44928, "lr": 0.1, "loss": 0.50238, "acc": 0.876, "acc_5": 0.99557, "macc": 0.87604, "mean_diffs": 5.72201, "max_diffs": 6.98964, "margin": 3.60723}
[2026-05-09 15:29:03,531 INFO][traineradasmoothlossprojlogit.py:333 - log_eval_epoch_info] - Val Epoch[54]	{"samples": 5000, "loss": 0.63282, "acc": 0.8582, "acc_5": 0.9916, "macc": 0.85817, "nll": 0.44703, "ece": 0.02417, "aece": 0.02282, "cece": 0.01414, "mean_diffs": 5.65076, "max_diffs": 7.04761, "margin": 3.47626}
[2026-05-09 15:29:03,532 INFO][traineradasmoothlossprojlogit.py:336 - log_eval_epoch_info] - 
+---------+---------+---------+---------+
| samples | acc     | acc_5   | macc    |
+---------+---------+---------+---------+
| 5000    | 0.85820 | 0.99160 | 0.85817 |
+---------+---------+---------+---------+
[2026-05-09 15:29:03,532 INFO][traineradasmoothlossprojlogit.py:337 - log_eval_epoch_info] - 
+---------+---------+---------+---------+---------+
| samples | nll     | ece     | aece    | cece    |
+---------+---------+---------+---------+---------+
| 5000    | 0.44703 | 0.02417 | 0.02282 | 0.01414 |
+---------+---------+---------+---------+---------+
[2026-05-09 15:29:03,963 INFO][traineradasmoothlossprojlogit.py:605 - train] - Epoch[54]	Best acc on Val : 0.8582 at epoch 54
[2026-05-09 15:29:03,963 INFO][traineradasmoothlossprojlogit.py:572 - train] - ====================
[2026-05-09 15:29:03,963 INFO][traineradasmoothlossprojlogit.py:573 - train] -  Start epoch 55
[2026-05-09 15:29:03,963 INFO][traineradasmoothlossprojlogit.py:574 - train] - ====================
[2026-05-09 15:29:09,868 INFO][traineradasmoothlossprojlogit.py:300 - log_iter_info] - Train Iter[100/351][55]	{"data_time": 0.0002, "batch_time": 0.0529, "loss": 0.46709, "acc": 0.89844, "mean_diffs": 5.79762}
[2026-05-09 15:29:15,185 INFO][traineradasmoothlossprojlogit.py:300 - log_iter_info] - Train Iter[200/351][55]	{"data_time": 0.0002, "batch_time": 0.05293, "loss": 0.58626, "acc": 0.83594, "mean_diffs": 5.76966}
[2026-05-09 15:29:20,487 INFO][traineradasmoothlossprojlogit.py:300 - log_iter_info] - Train Iter[300/351][55]	{"data_time": 0.00035, "batch_time": 0.05314, "loss": 0.46086, "acc": 0.89062, "mean_diffs": 5.78398}
[2026-05-09 15:29:23,292 INFO][traineradasmoothlossprojlogit.py:319 - log_epoch_info] - Train Epoch[55]	{"samples": 44928, "lr": 0.1, "loss": 0.49917, "acc": 0.87769, "acc_5": 0.99613, "macc": 0.87772, "mean_diffs": 5.71571, "max_diffs": 6.96569, "margin": 3.59648}
[2026-05-09 15:29:24,554 INFO][traineradasmoothlossprojlogit.py:333 - log_eval_epoch_info] - Val Epoch[55]	{"samples": 5000, "loss": 0.65461, "acc": 0.8286, "acc_5": 0.9906, "macc": 0.82809, "nll": 0.51458, "ece": 0.01578, "aece": 0.01482, "cece": 0.01658, "mean_diffs": 5.48891, "max_diffs": 6.7683, "margin": 3.24292}
[2026-05-09 15:29:24,555 INFO][traineradasmoothlossprojlogit.py:336 - log_eval_epoch_info] - 
+---------+---------+---------+---------+
| samples | acc     | acc_5   | macc    |
+---------+---------+---------+---------+
| 5000    | 0.82860 | 0.99060 | 0.82809 |
+---------+---------+---------+---------+
[2026-05-09 15:29:24,555 INFO][traineradasmoothlossprojlogit.py:337 - log_eval_epoch_info] - 
+---------+---------+---------+---------+---------+
| samples | nll     | ece     | aece    | cece    |
+---------+---------+---------+---------+---------+
| 5000    | 0.51458 | 0.01578 | 0.01482 | 0.01658 |
+---------+---------+---------+---------+---------+
[2026-05-09 15:29:24,774 INFO][traineradasmoothlossprojlogit.py:605 - train] - Epoch[55]	Best acc on Val : 0.8582 at epoch 54
[2026-05-09 15:29:24,774 INFO][traineradasmoothlossprojlogit.py:572 - train] - ====================
[2026-05-09 15:29:24,775 INFO][traineradasmoothlossprojlogit.py:573 - train] -  Start epoch 56
[2026-05-09 15:29:24,775 INFO][traineradasmoothlossprojlogit.py:574 - train] - ====================
[2026-05-09 15:29:30,678 INFO][traineradasmoothlossprojlogit.py:300 - log_iter_info] - Train Iter[100/351][56]	{"data_time": 0.00023, "batch_time": 0.05269, "loss": 0.54002, "acc": 0.875, "mean_diffs": 5.60881}
[2026-05-09 15:29:35,991 INFO][traineradasmoothlossprojlogit.py:300 - log_iter_info] - Train Iter[200/351][56]	{"data_time": 0.0002, "batch_time": 0.05297, "loss": 0.51003, "acc": 0.88281, "mean_diffs": 5.80466}
[2026-05-09 15:29:41,293 INFO][traineradasmoothlossprojlogit.py:300 - log_iter_info] - Train Iter[300/351][56]	{"data_time": 0.00023, "batch_time": 0.05296, "loss": 0.50907, "acc": 0.875, "mean_diffs": 5.65014}
[2026-05-09 15:29:44,102 INFO][traineradasmoothlossprojlogit.py:319 - log_epoch_info] - Train Epoch[56]	{"samples": 44928, "lr": 0.1, "loss": 0.49876, "acc": 0.8774, "acc_5": 0.99524, "macc": 0.87742, "mean_diffs": 5.73004, "max_diffs": 6.99673, "margin": 3.6136}
[2026-05-09 15:29:45,376 INFO][traineradasmoothlossprojlogit.py:333 - log_eval_epoch_info] - Val Epoch[56]	{"samples": 5000, "loss": 0.62605, "acc": 0.851, "acc_5": 0.9912, "macc": 0.85189, "nll": 0.45546, "ece": 0.0179, "aece": 0.013, "cece": 0.01595, "mean_diffs": 5.95482, "max_diffs": 7.34712, "margin": 3.60457}
[2026-05-09 15:29:45,376 INFO][traineradasmoothlossprojlogit.py:336 - log_eval_epoch_info] - 
+---------+---------+---------+---------+
| samples | acc     | acc_5   | macc    |
+---------+---------+---------+---------+
| 5000    | 0.85100 | 0.99120 | 0.85189 |
+---------+---------+---------+---------+
[2026-05-09 15:29:45,376 INFO][traineradasmoothlossprojlogit.py:337 - log_eval_epoch_info] - 
+---------+---------+---------+---------+---------+
| samples | nll     | ece     | aece    | cece    |
+---------+---------+---------+---------+---------+
| 5000    | 0.45546 | 0.01790 | 0.01300 | 0.01595 |
+---------+---------+---------+---------+---------+
[2026-05-09 15:29:45,605 INFO][traineradasmoothlossprojlogit.py:605 - train] - Epoch[56]	Best acc on Val : 0.8582 at epoch 54
[2026-05-09 15:29:45,605 INFO][traineradasmoothlossprojlogit.py:572 - train] - ====================
[2026-05-09 15:29:45,605 INFO][traineradasmoothlossprojlogit.py:573 - train] -  Start epoch 57
[2026-05-09 15:29:45,606 INFO][traineradasmoothlossprojlogit.py:574 - train] - ====================
[2026-05-09 15:29:51,510 INFO][traineradasmoothlossprojlogit.py:300 - log_iter_info] - Train Iter[100/351][57]	{"data_time": 0.00024, "batch_time": 0.05236, "loss": 0.44113, "acc": 0.90625, "mean_diffs": 5.91598}
[2026-05-09 15:29:56,816 INFO][traineradasmoothlossprojlogit.py:300 - log_iter_info] - Train Iter[200/351][57]	{"data_time": 0.00028, "batch_time": 0.05297, "loss": 0.57624, "acc": 0.82812, "mean_diffs": 5.65453}
[2026-05-09 15:30:02,122 INFO][traineradasmoothlossprojlogit.py:300 - log_iter_info] - Train Iter[300/351][57]	{"data_time": 0.00021, "batch_time": 0.05304, "loss": 0.5039, "acc": 0.88281, "mean_diffs": 5.94566}
[2026-05-09 15:30:04,920 INFO][traineradasmoothlossprojlogit.py:319 - log_epoch_info] - Train Epoch[57]	{"samples": 44928, "lr": 0.1, "loss": 0.49889, "acc": 0.87758, "acc_5": 0.99519, "macc": 0.87759, "mean_diffs": 5.73696, "max_diffs": 6.99403, "margin": 3.63248}
[2026-05-09 15:30:06,201 INFO][traineradasmoothlossprojlogit.py:333 - log_eval_epoch_info] - Val Epoch[57]	{"samples": 5000, "loss": 0.74824, "acc": 0.8012, "acc_5": 0.991, "macc": 0.80235, "nll": 0.59423, "ece": 0.02461, "aece": 0.02503, "cece": 0.02208, "mean_diffs": 5.46, "max_diffs": 6.82279, "margin": 3.36738}
[2026-05-09 15:30:06,201 INFO][traineradasmoothlossprojlogit.py:336 - log_eval_epoch_info] - 
+---------+---------+---------+---------+
| samples | acc     | acc_5   | macc    |
+---------+---------+---------+---------+
| 5000    | 0.80120 | 0.99100 | 0.80235 |
+---------+---------+---------+---------+
[2026-05-09 15:30:06,201 INFO][traineradasmoothlossprojlogit.py:337 - log_eval_epoch_info] - 
+---------+---------+---------+---------+---------+
| samples | nll     | ece     | aece    | cece    |
+---------+---------+---------+---------+---------+
| 5000    | 0.59423 | 0.02461 | 0.02503 | 0.02208 |
+---------+---------+---------+---------+---------+
[2026-05-09 15:30:06,420 INFO][traineradasmoothlossprojlogit.py:605 - train] - Epoch[57]	Best acc on Val : 0.8582 at epoch 54
[2026-05-09 15:30:06,421 INFO][traineradasmoothlossprojlogit.py:572 - train] - ====================
[2026-05-09 15:30:06,421 INFO][traineradasmoothlossprojlogit.py:573 - train] -  Start epoch 58
[2026-05-09 15:30:06,421 INFO][traineradasmoothlossprojlogit.py:574 - train] - ====================
[2026-05-09 15:30:12,577 INFO][traineradasmoothlossprojlogit.py:300 - log_iter_info] - Train Iter[100/351][58]	{"data_time": 0.0002, "batch_time": 0.05269, "loss": 0.43803, "acc": 0.89062, "mean_diffs": 5.75184}
[2026-05-09 15:30:17,897 INFO][traineradasmoothlossprojlogit.py:300 - log_iter_info] - Train Iter[200/351][58]	{"data_time": 0.00028, "batch_time": 0.05304, "loss": 0.62325, "acc": 0.80469, "mean_diffs": 5.55195}
[2026-05-09 15:30:23,205 INFO][traineradasmoothlossprojlogit.py:300 - log_iter_info] - Train Iter[300/351][58]	{"data_time": 0.00022, "batch_time": 0.05302, "loss": 0.61595, "acc": 0.84375, "mean_diffs": 5.87742}
[2026-05-09 15:30:26,031 INFO][traineradasmoothlossprojlogit.py:319 - log_epoch_info] - Train Epoch[58]	{"samples": 44928, "lr": 0.1, "loss": 0.50027, "acc": 0.87616, "acc_5": 0.99515, "macc": 0.87618, "mean_diffs": 5.74792, "max_diffs": 6.99265, "margin": 3.66294}
[2026-05-09 15:30:27,305 INFO][traineradasmoothlossprojlogit.py:333 - log_eval_epoch_info] - Val Epoch[58]	{"samples": 5000, "loss": 0.68595, "acc": 0.8434, "acc_5": 0.9946, "macc": 0.84379, "nll": 0.46569, "ece": 0.01976, "aece": 0.0176, "cece": 0.01923, "mean_diffs": 5.64425, "max_diffs": 6.91918, "margin": 3.64403}
[2026-05-09 15:30:27,305 INFO][traineradasmoothlossprojlogit.py:336 - log_eval_epoch_info] - 
+---------+---------+---------+---------+
| samples | acc     | acc_5   | macc    |
+---------+---------+---------+---------+
| 5000    | 0.84340 | 0.99460 | 0.84379 |
+---------+---------+---------+---------+
[2026-05-09 15:30:27,305 INFO][traineradasmoothlossprojlogit.py:337 - log_eval_epoch_info] - 
+---------+---------+---------+---------+---------+
| samples | nll     | ece     | aece    | cece    |
+---------+---------+---------+---------+---------+
| 5000    | 0.46569 | 0.01976 | 0.01760 | 0.01923 |
+---------+---------+---------+---------+---------+
[2026-05-09 15:30:27,526 INFO][traineradasmoothlossprojlogit.py:605 - train] - Epoch[58]	Best acc on Val : 0.8582 at epoch 54
[2026-05-09 15:30:27,527 INFO][traineradasmoothlossprojlogit.py:572 - train] - ====================
[2026-05-09 15:30:27,527 INFO][traineradasmoothlossprojlogit.py:573 - train] -  Start epoch 59
[2026-05-09 15:30:27,527 INFO][traineradasmoothlossprojlogit.py:574 - train] - ====================
[2026-05-09 15:30:33,469 INFO][traineradasmoothlossprojlogit.py:300 - log_iter_info] - Train Iter[100/351][59]	{"data_time": 0.00021, "batch_time": 0.05288, "loss": 0.51751, "acc": 0.875, "mean_diffs": 5.76641}
[2026-05-09 15:30:38,778 INFO][traineradasmoothlossprojlogit.py:300 - log_iter_info] - Train Iter[200/351][59]	{"data_time": 0.00026, "batch_time": 0.05298, "loss": 0.52958, "acc": 0.875, "mean_diffs": 5.54672}
[2026-05-09 15:30:44,076 INFO][traineradasmoothlossprojlogit.py:300 - log_iter_info] - Train Iter[300/351][59]	{"data_time": 0.00018, "batch_time": 0.05309, "loss": 0.54031, "acc": 0.875, "mean_diffs": 5.92139}
[2026-05-09 15:30:46,885 INFO][traineradasmoothlossprojlogit.py:319 - log_epoch_info] - Train Epoch[59]	{"samples": 44928, "lr": 0.1, "loss": 0.50016, "acc": 0.87625, "acc_5": 0.99584, "macc": 0.87628, "mean_diffs": 5.76532, "max_diffs": 6.99929, "margin": 3.66082}
[2026-05-09 15:30:48,161 INFO][traineradasmoothlossprojlogit.py:333 - log_eval_epoch_info] - Val Epoch[59]	{"samples": 5000, "loss": 0.9306, "acc": 0.7672, "acc_5": 0.9748, "macc": 0.76941, "nll": 0.7323, "ece": 0.04263, "aece": 0.0426, "cece": 0.03143, "mean_diffs": 5.69055, "max_diffs": 7.12501, "margin": 3.29211}
[2026-05-09 15:30:48,161 INFO][traineradasmoothlossprojlogit.py:336 - log_eval_epoch_info] - 
+---------+---------+---------+---------+
| samples | acc     | acc_5   | macc    |
+---------+---------+---------+---------+
| 5000    | 0.76720 | 0.97480 | 0.76941 |
+---------+---------+---------+---------+
[2026-05-09 15:30:48,161 INFO][traineradasmoothlossprojlogit.py:337 - log_eval_epoch_info] - 
+---------+---------+---------+---------+---------+
| samples | nll     | ece     | aece    | cece    |
+---------+---------+---------+---------+---------+
| 5000    | 0.73230 | 0.04263 | 0.04260 | 0.03143 |
+---------+---------+---------+---------+---------+
[2026-05-09 15:30:48,382 INFO][traineradasmoothlossprojlogit.py:605 - train] - Epoch[59]	Best acc on Val : 0.8582 at epoch 54
[2026-05-09 15:30:48,382 INFO][traineradasmoothlossprojlogit.py:572 - train] - ====================
[2026-05-09 15:30:48,382 INFO][traineradasmoothlossprojlogit.py:573 - train] -  Start epoch 60
[2026-05-09 15:30:48,382 INFO][traineradasmoothlossprojlogit.py:574 - train] - ====================
[2026-05-09 15:30:54,284 INFO][traineradasmoothlossprojlogit.py:300 - log_iter_info] - Train Iter[100/351][60]	{"data_time": 0.00025, "batch_time": 0.0526, "loss": 0.69779, "acc": 0.80469, "mean_diffs": 5.60123}
[2026-05-09 15:30:59,595 INFO][traineradasmoothlossprojlogit.py:300 - log_iter_info] - Train Iter[200/351][60]	{"data_time": 0.0002, "batch_time": 0.05286, "loss": 0.50937, "acc": 0.86719, "mean_diffs": 5.87537}
[2026-05-09 15:31:04,903 INFO][traineradasmoothlossprojlogit.py:300 - log_iter_info] - Train Iter[300/351][60]	{"data_time": 0.00023, "batch_time": 0.05309, "loss": 0.51953, "acc": 0.85938, "mean_diffs": 5.80647}
[2026-05-09 15:31:07,716 INFO][traineradasmoothlossprojlogit.py:319 - log_epoch_info] - Train Epoch[60]	{"samples": 44928, "lr": 0.1, "loss": 0.49367, "acc": 0.88108, "acc_5": 0.99519, "macc": 0.88109, "mean_diffs": 5.76641, "max_diffs": 6.9851, "margin": 3.68045}
[2026-05-09 15:31:08,997 INFO][traineradasmoothlossprojlogit.py:333 - log_eval_epoch_info] - Val Epoch[60]	{"samples": 5000, "loss": 0.65383, "acc": 0.8322, "acc_5": 0.9922, "macc": 0.83146, "nll": 0.5153, "ece": 0.01496, "aece": 0.01575, "cece": 0.01601, "mean_diffs": 5.88439, "max_diffs": 7.19807, "margin": 3.8794}
[2026-05-09 15:31:08,997 INFO][traineradasmoothlossprojlogit.py:336 - log_eval_epoch_info] - 
+---------+---------+---------+---------+
| samples | acc     | acc_5   | macc    |
+---------+---------+---------+---------+
| 5000    | 0.83220 | 0.99220 | 0.83146 |
+---------+---------+---------+---------+
[2026-05-09 15:31:08,997 INFO][traineradasmoothlossprojlogit.py:337 - log_eval_epoch_info] - 
+---------+---------+---------+---------+---------+
| samples | nll     | ece     | aece    | cece    |
+---------+---------+---------+---------+---------+
| 5000    | 0.51530 | 0.01496 | 0.01575 | 0.01601 |
+---------+---------+---------+---------+---------+
[2026-05-09 15:31:09,223 INFO][traineradasmoothlossprojlogit.py:605 - train] - Epoch[60]	Best acc on Val : 0.8582 at epoch 54
[2026-05-09 15:31:09,223 INFO][traineradasmoothlossprojlogit.py:572 - train] - ====================
[2026-05-09 15:31:09,223 INFO][traineradasmoothlossprojlogit.py:573 - train] -  Start epoch 61
[2026-05-09 15:31:09,223 INFO][traineradasmoothlossprojlogit.py:574 - train] - ====================
[2026-05-09 15:31:15,125 INFO][traineradasmoothlossprojlogit.py:300 - log_iter_info] - Train Iter[100/351][61]	{"data_time": 0.00025, "batch_time": 0.05305, "loss": 0.48106, "acc": 0.89844, "mean_diffs": 5.99677}
[2026-05-09 15:31:20,432 INFO][traineradasmoothlossprojlogit.py:300 - log_iter_info] - Train Iter[200/351][61]	{"data_time": 0.00038, "batch_time": 0.05288, "loss": 0.42914, "acc": 0.89844, "mean_diffs": 5.99436}
[2026-05-09 15:31:25,729 INFO][traineradasmoothlossprojlogit.py:300 - log_iter_info] - Train Iter[300/351][61]	{"data_time": 0.00018, "batch_time": 0.05299, "loss": 0.42537, "acc": 0.89844, "mean_diffs": 5.98371}
[2026-05-09 15:31:28,531 INFO][traineradasmoothlossprojlogit.py:319 - log_epoch_info] - Train Epoch[61]	{"samples": 44928, "lr": 0.1, "loss": 0.494, "acc": 0.88041, "acc_5": 0.99615, "macc": 0.88044, "mean_diffs": 5.77783, "max_diffs": 7.0088, "margin": 3.67319}
[2026-05-09 15:31:29,808 INFO][traineradasmoothlossprojlogit.py:333 - log_eval_epoch_info] - Val Epoch[61]	{"samples": 5000, "loss": 0.58711, "acc": 0.8568, "acc_5": 0.991, "macc": 0.85657, "nll": 0.44484, "ece": 0.01652, "aece": 0.01476, "cece": 0.01389, "mean_diffs": 5.72377, "max_diffs": 7.01557, "margin": 3.59626}
[2026-05-09 15:31:29,809 INFO][traineradasmoothlossprojlogit.py:336 - log_eval_epoch_info] - 
+---------+---------+---------+---------+
| samples | acc     | acc_5   | macc    |
+---------+---------+---------+---------+
| 5000    | 0.85680 | 0.99100 | 0.85657 |
+---------+---------+---------+---------+
[2026-05-09 15:31:29,809 INFO][traineradasmoothlossprojlogit.py:337 - log_eval_epoch_info] - 
+---------+---------+---------+---------+---------+
| samples | nll     | ece     | aece    | cece    |
+---------+---------+---------+---------+---------+
| 5000    | 0.44484 | 0.01652 | 0.01476 | 0.01389 |
+---------+---------+---------+---------+---------+
[2026-05-09 15:31:30,027 INFO][traineradasmoothlossprojlogit.py:605 - train] - Epoch[61]	Best acc on Val : 0.8582 at epoch 54
[2026-05-09 15:31:30,027 INFO][traineradasmoothlossprojlogit.py:572 - train] - ====================
[2026-05-09 15:31:30,027 INFO][traineradasmoothlossprojlogit.py:573 - train] -  Start epoch 62
[2026-05-09 15:31:30,027 INFO][traineradasmoothlossprojlogit.py:574 - train] - ====================
[2026-05-09 15:31:36,189 INFO][traineradasmoothlossprojlogit.py:300 - log_iter_info] - Train Iter[100/351][62]	{"data_time": 0.0002, "batch_time": 0.05286, "loss": 0.48681, "acc": 0.89844, "mean_diffs": 5.74562}
[2026-05-09 15:31:41,498 INFO][traineradasmoothlossprojlogit.py:300 - log_iter_info] - Train Iter[200/351][62]	{"data_time": 0.00028, "batch_time": 0.05285, "loss": 0.47689, "acc": 0.92188, "mean_diffs": 5.37902}
[2026-05-09 15:31:46,793 INFO][traineradasmoothlossprojlogit.py:300 - log_iter_info] - Train Iter[300/351][62]	{"data_time": 0.00036, "batch_time": 0.05295, "loss": 0.58566, "acc": 0.84375, "mean_diffs": 5.75381}
[2026-05-09 15:31:49,598 INFO][traineradasmoothlossprojlogit.py:319 - log_epoch_info] - Train Epoch[62]	{"samples": 44928, "lr": 0.1, "loss": 0.4991, "acc": 0.87789, "acc_5": 0.99519, "macc": 0.87792, "mean_diffs": 5.70274, "max_diffs": 6.92242, "margin": 3.63397}
[2026-05-09 15:31:50,862 INFO][traineradasmoothlossprojlogit.py:333 - log_eval_epoch_info] - Val Epoch[62]	{"samples": 5000, "loss": 0.87413, "acc": 0.7988, "acc_5": 0.9888, "macc": 0.79833, "nll": 0.64324, "ece": 0.02734, "aece": 0.02423, "cece": 0.02507, "mean_diffs": 5.99817, "max_diffs": 7.39366, "margin": 3.74292}
[2026-05-09 15:31:50,863 INFO][traineradasmoothlossprojlogit.py:336 - log_eval_epoch_info] - 
+---------+---------+---------+---------+
| samples | acc     | acc_5   | macc    |
+---------+---------+---------+---------+
| 5000    | 0.79880 | 0.98880 | 0.79833 |
+---------+---------+---------+---------+
[2026-05-09 15:31:50,863 INFO][traineradasmoothlossprojlogit.py:337 - log_eval_epoch_info] - 
+---------+---------+---------+---------+---------+
| samples | nll     | ece     | aece    | cece    |
+---------+---------+---------+---------+---------+
| 5000    | 0.64324 | 0.02734 | 0.02423 | 0.02507 |
+---------+---------+---------+---------+---------+
[2026-05-09 15:31:51,085 INFO][traineradasmoothlossprojlogit.py:605 - train] - Epoch[62]	Best acc on Val : 0.8582 at epoch 54
[2026-05-09 15:31:51,085 INFO][traineradasmoothlossprojlogit.py:572 - train] - ====================
[2026-05-09 15:31:51,086 INFO][traineradasmoothlossprojlogit.py:573 - train] -  Start epoch 63
[2026-05-09 15:31:51,086 INFO][traineradasmoothlossprojlogit.py:574 - train] - ====================
[2026-05-09 15:31:56,997 INFO][traineradasmoothlossprojlogit.py:300 - log_iter_info] - Train Iter[100/351][63]	{"data_time": 0.00021, "batch_time": 0.05331, "loss": 0.37819, "acc": 0.92188, "mean_diffs": 5.68395}
[2026-05-09 15:32:02,300 INFO][traineradasmoothlossprojlogit.py:300 - log_iter_info] - Train Iter[200/351][63]	{"data_time": 0.00025, "batch_time": 0.05289, "loss": 0.5387, "acc": 0.82812, "mean_diffs": 5.56518}
[2026-05-09 15:32:07,600 INFO][traineradasmoothlossprojlogit.py:300 - log_iter_info] - Train Iter[300/351][63]	{"data_time": 0.00018, "batch_time": 0.05302, "loss": 0.56711, "acc": 0.85156, "mean_diffs": 5.84005}
[2026-05-09 15:32:10,406 INFO][traineradasmoothlossprojlogit.py:319 - log_epoch_info] - Train Epoch[63]	{"samples": 44928, "lr": 0.1, "loss": 0.49399, "acc": 0.87999, "acc_5": 0.99544, "macc": 0.88001, "mean_diffs": 5.7418, "max_diffs": 6.98656, "margin": 3.66276}
[2026-05-09 15:32:11,656 INFO][traineradasmoothlossprojlogit.py:333 - log_eval_epoch_info] - Val Epoch[63]	{"samples": 5000, "loss": 0.9951, "acc": 0.7424, "acc_5": 0.9842, "macc": 0.74353, "nll": 0.78503, "ece": 0.06696, "aece": 0.0669, "cece": 0.03415, "mean_diffs": 6.27102, "max_diffs": 7.81573, "margin": 3.60478}
[2026-05-09 15:32:11,656 INFO][traineradasmoothlossprojlogit.py:336 - log_eval_epoch_info] - 
+---------+---------+---------+---------+
| samples | acc     | acc_5   | macc    |
+---------+---------+---------+---------+
| 5000    | 0.74240 | 0.98420 | 0.74353 |
+---------+---------+---------+---------+
[2026-05-09 15:32:11,656 INFO][traineradasmoothlossprojlogit.py:337 - log_eval_epoch_info] - 
+---------+---------+---------+---------+---------+
| samples | nll     | ece     | aece    | cece    |
+---------+---------+---------+---------+---------+
| 5000    | 0.78503 | 0.06696 | 0.06690 | 0.03415 |
+---------+---------+---------+---------+---------+
[2026-05-09 15:32:11,874 INFO][traineradasmoothlossprojlogit.py:605 - train] - Epoch[63]	Best acc on Val : 0.8582 at epoch 54
[2026-05-09 15:32:11,874 INFO][traineradasmoothlossprojlogit.py:572 - train] - ====================
[2026-05-09 15:32:11,874 INFO][traineradasmoothlossprojlogit.py:573 - train] -  Start epoch 64
[2026-05-09 15:32:11,874 INFO][traineradasmoothlossprojlogit.py:574 - train] - ====================
[2026-05-09 15:32:17,782 INFO][traineradasmoothlossprojlogit.py:300 - log_iter_info] - Train Iter[100/351][64]	{"data_time": 0.00021, "batch_time": 0.0537, "loss": 0.53211, "acc": 0.90625, "mean_diffs": 5.08862}
[2026-05-09 15:32:23,083 INFO][traineradasmoothlossprojlogit.py:300 - log_iter_info] - Train Iter[200/351][64]	{"data_time": 0.00025, "batch_time": 0.05291, "loss": 0.53835, "acc": 0.875, "mean_diffs": 5.85709}
[2026-05-09 15:32:28,378 INFO][traineradasmoothlossprojlogit.py:300 - log_iter_info] - Train Iter[300/351][64]	{"data_time": 0.00019, "batch_time": 0.05299, "loss": 0.52694, "acc": 0.84375, "mean_diffs": 5.71307}
[2026-05-09 15:32:31,172 INFO][traineradasmoothlossprojlogit.py:319 - log_epoch_info] - Train Epoch[64]	{"samples": 44928, "lr": 0.1, "loss": 0.49013, "acc": 0.88007, "acc_5": 0.99604, "macc": 0.88011, "mean_diffs": 5.77084, "max_diffs": 7.02091, "margin": 3.64955}
[2026-05-09 15:32:32,448 INFO][traineradasmoothlossprojlogit.py:333 - log_eval_epoch_info] - Val Epoch[64]	{"samples": 5000, "loss": 0.67968, "acc": 0.8342, "acc_5": 0.99, "macc": 0.83308, "nll": 0.50721, "ece": 0.02351, "aece": 0.02288, "cece": 0.01618, "mean_diffs": 6.26147, "max_diffs": 7.59431, "margin": 3.95962}
[2026-05-09 15:32:32,448 INFO][traineradasmoothlossprojlogit.py:336 - log_eval_epoch_info] - 
+---------+---------+---------+---------+
| samples | acc     | acc_5   | macc    |
+---------+---------+---------+---------+
| 5000    | 0.83420 | 0.99000 | 0.83308 |
+---------+---------+---------+---------+
[2026-05-09 15:32:32,448 INFO][traineradasmoothlossprojlogit.py:337 - log_eval_epoch_info] - 
+---------+---------+---------+---------+---------+
| samples | nll     | ece     | aece    | cece    |
+---------+---------+---------+---------+---------+
| 5000    | 0.50721 | 0.02351 | 0.02288 | 0.01618 |
+---------+---------+---------+---------+---------+
[2026-05-09 15:32:32,672 INFO][traineradasmoothlossprojlogit.py:605 - train] - Epoch[64]	Best acc on Val : 0.8582 at epoch 54
[2026-05-09 15:32:32,672 INFO][traineradasmoothlossprojlogit.py:572 - train] - ====================
[2026-05-09 15:32:32,672 INFO][traineradasmoothlossprojlogit.py:573 - train] -  Start epoch 65
[2026-05-09 15:32:32,672 INFO][traineradasmoothlossprojlogit.py:574 - train] - ====================
[2026-05-09 15:32:38,576 INFO][traineradasmoothlossprojlogit.py:300 - log_iter_info] - Train Iter[100/351][65]	{"data_time": 0.00036, "batch_time": 0.05291, "loss": 0.49606, "acc": 0.86719, "mean_diffs": 5.67116}
[2026-05-09 15:32:43,889 INFO][traineradasmoothlossprojlogit.py:300 - log_iter_info] - Train Iter[200/351][65]	{"data_time": 0.00022, "batch_time": 0.05282, "loss": 0.56882, "acc": 0.85938, "mean_diffs": 5.8957}
[2026-05-09 15:32:49,192 INFO][traineradasmoothlossprojlogit.py:300 - log_iter_info] - Train Iter[300/351][65]	{"data_time": 0.0002, "batch_time": 0.05289, "loss": 0.63927, "acc": 0.78906, "mean_diffs": 5.58096}
[2026-05-09 15:32:51,994 INFO][traineradasmoothlossprojlogit.py:319 - log_epoch_info] - Train Epoch[65]	{"samples": 44928, "lr": 0.1, "loss": 0.48627, "acc": 0.88119, "acc_5": 0.99586, "macc": 0.88119, "mean_diffs": 5.81079, "max_diffs": 7.05719, "margin": 3.70271}
[2026-05-09 15:32:53,269 INFO][traineradasmoothlossprojlogit.py:333 - log_eval_epoch_info] - Val Epoch[65]	{"samples": 5000, "loss": 0.66516, "acc": 0.8294, "acc_5": 0.9876, "macc": 0.82943, "nll": 0.53538, "ece": 0.01693, "aece": 0.01272, "cece": 0.01842, "mean_diffs": 5.48612, "max_diffs": 6.84478, "margin": 3.30405}
[2026-05-09 15:32:53,270 INFO][traineradasmoothlossprojlogit.py:336 - log_eval_epoch_info] - 
+---------+---------+---------+---------+
| samples | acc     | acc_5   | macc    |
+---------+---------+---------+---------+
| 5000    | 0.82940 | 0.98760 | 0.82943 |
+---------+---------+---------+---------+
[2026-05-09 15:32:53,270 INFO][traineradasmoothlossprojlogit.py:337 - log_eval_epoch_info] - 
+---------+---------+---------+---------+---------+
| samples | nll     | ece     | aece    | cece    |
+---------+---------+---------+---------+---------+
| 5000    | 0.53538 | 0.01693 | 0.01272 | 0.01842 |
+---------+---------+---------+---------+---------+
[2026-05-09 15:32:53,490 INFO][traineradasmoothlossprojlogit.py:605 - train] - Epoch[65]	Best acc on Val : 0.8582 at epoch 54
[2026-05-09 15:32:53,490 INFO][traineradasmoothlossprojlogit.py:572 - train] - ====================
[2026-05-09 15:32:53,490 INFO][traineradasmoothlossprojlogit.py:573 - train] -  Start epoch 66
[2026-05-09 15:32:53,490 INFO][traineradasmoothlossprojlogit.py:574 - train] - ====================
[2026-05-09 15:32:59,671 INFO][traineradasmoothlossprojlogit.py:300 - log_iter_info] - Train Iter[100/351][66]	{"data_time": 0.00024, "batch_time": 0.05253, "loss": 0.59944, "acc": 0.82812, "mean_diffs": 5.81816}
[2026-05-09 15:33:04,984 INFO][traineradasmoothlossprojlogit.py:300 - log_iter_info] - Train Iter[200/351][66]	{"data_time": 0.00021, "batch_time": 0.05402, "loss": 0.4467, "acc": 0.89062, "mean_diffs": 5.77766}
[2026-05-09 15:33:10,285 INFO][traineradasmoothlossprojlogit.py:300 - log_iter_info] - Train Iter[300/351][66]	{"data_time": 0.00017, "batch_time": 0.05304, "loss": 0.47623, "acc": 0.89062, "mean_diffs": 5.64582}
[2026-05-09 15:33:13,116 INFO][traineradasmoothlossprojlogit.py:319 - log_epoch_info] - Train Epoch[66]	{"samples": 44928, "lr": 0.1, "loss": 0.48782, "acc": 0.88001, "acc_5": 0.99604, "macc": 0.88004, "mean_diffs": 5.78549, "max_diffs": 7.02979, "margin": 3.6924}
[2026-05-09 15:33:14,385 INFO][traineradasmoothlossprojlogit.py:333 - log_eval_epoch_info] - Val Epoch[66]	{"samples": 5000, "loss": 0.81068, "acc": 0.7712, "acc_5": 0.9838, "macc": 0.7691, "nll": 0.69587, "ece": 0.04099, "aece": 0.04395, "cece": 0.03252, "mean_diffs": 5.09009, "max_diffs": 6.33398, "margin": 3.10548}
[2026-05-09 15:33:14,386 INFO][traineradasmoothlossprojlogit.py:336 - log_eval_epoch_info] - 
+---------+---------+---------+---------+
| samples | acc     | acc_5   | macc    |
+---------+---------+---------+---------+
| 5000    | 0.77120 | 0.98380 | 0.76910 |
+---------+---------+---------+---------+
[2026-05-09 15:33:14,386 INFO][traineradasmoothlossprojlogit.py:337 - log_eval_epoch_info] - 
+---------+---------+---------+---------+---------+
| samples | nll     | ece     | aece    | cece    |
+---------+---------+---------+---------+---------+
| 5000    | 0.69587 | 0.04099 | 0.04395 | 0.03252 |
+---------+---------+---------+---------+---------+
[2026-05-09 15:33:14,611 INFO][traineradasmoothlossprojlogit.py:605 - train] - Epoch[66]	Best acc on Val : 0.8582 at epoch 54
[2026-05-09 15:33:14,611 INFO][traineradasmoothlossprojlogit.py:572 - train] - ====================
[2026-05-09 15:33:14,611 INFO][traineradasmoothlossprojlogit.py:573 - train] -  Start epoch 67
[2026-05-09 15:33:14,611 INFO][traineradasmoothlossprojlogit.py:574 - train] - ====================
[2026-05-09 15:33:20,491 INFO][traineradasmoothlossprojlogit.py:300 - log_iter_info] - Train Iter[100/351][67]	{"data_time": 0.00025, "batch_time": 0.05294, "loss": 0.39894, "acc": 0.92188, "mean_diffs": 6.03495}
[2026-05-09 15:33:25,785 INFO][traineradasmoothlossprojlogit.py:300 - log_iter_info] - Train Iter[200/351][67]	{"data_time": 0.00025, "batch_time": 0.05322, "loss": 0.44186, "acc": 0.90625, "mean_diffs": 5.67366}
[2026-05-09 15:33:31,088 INFO][traineradasmoothlossprojlogit.py:300 - log_iter_info] - Train Iter[300/351][67]	{"data_time": 0.00019, "batch_time": 0.0529, "loss": 0.4005, "acc": 0.91406, "mean_diffs": 5.70842}
[2026-05-09 15:33:33,884 INFO][traineradasmoothlossprojlogit.py:319 - log_epoch_info] - Train Epoch[67]	{"samples": 44928, "lr": 0.1, "loss": 0.49323, "acc": 0.87923, "acc_5": 0.99524, "macc": 0.87925, "mean_diffs": 5.73809, "max_diffs": 6.95867, "margin": 3.66626}
[2026-05-09 15:33:35,151 INFO][traineradasmoothlossprojlogit.py:333 - log_eval_epoch_info] - Val Epoch[67]	{"samples": 5000, "loss": 0.79051, "acc": 0.8106, "acc_5": 0.9856, "macc": 0.81169, "nll": 0.57413, "ece": 0.01099, "aece": 0.01433, "cece": 0.02277, "mean_diffs": 5.86309, "max_diffs": 7.29258, "margin": 3.5635}
[2026-05-09 15:33:35,151 INFO][traineradasmoothlossprojlogit.py:336 - log_eval_epoch_info] - 
+---------+---------+---------+---------+
| samples | acc     | acc_5   | macc    |
+---------+---------+---------+---------+
| 5000    | 0.81060 | 0.98560 | 0.81169 |
+---------+---------+---------+---------+
[2026-05-09 15:33:35,151 INFO][traineradasmoothlossprojlogit.py:337 - log_eval_epoch_info] - 
+---------+---------+---------+---------+---------+
| samples | nll     | ece     | aece    | cece    |
+---------+---------+---------+---------+---------+
| 5000    | 0.57413 | 0.01099 | 0.01433 | 0.02277 |
+---------+---------+---------+---------+---------+
[2026-05-09 15:33:35,373 INFO][traineradasmoothlossprojlogit.py:605 - train] - Epoch[67]	Best acc on Val : 0.8582 at epoch 54
[2026-05-09 15:33:35,374 INFO][traineradasmoothlossprojlogit.py:572 - train] - ====================
[2026-05-09 15:33:35,374 INFO][traineradasmoothlossprojlogit.py:573 - train] -  Start epoch 68
[2026-05-09 15:33:35,374 INFO][traineradasmoothlossprojlogit.py:574 - train] - ====================
[2026-05-09 15:33:41,268 INFO][traineradasmoothlossprojlogit.py:300 - log_iter_info] - Train Iter[100/351][68]	{"data_time": 0.0002, "batch_time": 0.05262, "loss": 0.41812, "acc": 0.90625, "mean_diffs": 5.9029}
[2026-05-09 15:33:46,567 INFO][traineradasmoothlossprojlogit.py:300 - log_iter_info] - Train Iter[200/351][68]	{"data_time": 0.00027, "batch_time": 0.05348, "loss": 0.38084, "acc": 0.92188, "mean_diffs": 6.07208}
[2026-05-09 15:33:51,874 INFO][traineradasmoothlossprojlogit.py:300 - log_iter_info] - Train Iter[300/351][68]	{"data_time": 0.00023, "batch_time": 0.05277, "loss": 0.48975, "acc": 0.88281, "mean_diffs": 5.48123}
[2026-05-09 15:33:54,669 INFO][traineradasmoothlossprojlogit.py:319 - log_epoch_info] - Train Epoch[68]	{"samples": 44928, "lr": 0.1, "loss": 0.48739, "acc": 0.88179, "acc_5": 0.99557, "macc": 0.88182, "mean_diffs": 5.7959, "max_diffs": 7.02014, "margin": 3.71668}
[2026-05-09 15:33:55,942 INFO][traineradasmoothlossprojlogit.py:333 - log_eval_epoch_info] - Val Epoch[68]	{"samples": 5000, "loss": 0.73927, "acc": 0.816, "acc_5": 0.9878, "macc": 0.81638, "nll": 0.57334, "ece": 0.01898, "aece": 0.02048, "cece": 0.02437, "mean_diffs": 5.6749, "max_diffs": 6.98936, "margin": 3.35706}
[2026-05-09 15:33:55,942 INFO][traineradasmoothlossprojlogit.py:336 - log_eval_epoch_info] - 
+---------+---------+---------+---------+
| samples | acc     | acc_5   | macc    |
+---------+---------+---------+---------+
| 5000    | 0.81600 | 0.98780 | 0.81638 |
+---------+---------+---------+---------+
[2026-05-09 15:33:55,943 INFO][traineradasmoothlossprojlogit.py:337 - log_eval_epoch_info] - 
+---------+---------+---------+---------+---------+
| samples | nll     | ece     | aece    | cece    |
+---------+---------+---------+---------+---------+
| 5000    | 0.57334 | 0.01898 | 0.02048 | 0.02437 |
+---------+---------+---------+---------+---------+
[2026-05-09 15:33:56,166 INFO][traineradasmoothlossprojlogit.py:605 - train] - Epoch[68]	Best acc on Val : 0.8582 at epoch 54
[2026-05-09 15:33:56,166 INFO][traineradasmoothlossprojlogit.py:572 - train] - ====================
[2026-05-09 15:33:56,166 INFO][traineradasmoothlossprojlogit.py:573 - train] -  Start epoch 69
[2026-05-09 15:33:56,166 INFO][traineradasmoothlossprojlogit.py:574 - train] - ====================
[2026-05-09 15:34:02,345 INFO][traineradasmoothlossprojlogit.py:300 - log_iter_info] - Train Iter[100/351][69]	{"data_time": 0.00019, "batch_time": 0.05281, "loss": 0.46444, "acc": 0.84375, "mean_diffs": 5.77575}
[2026-05-09 15:34:07,647 INFO][traineradasmoothlossprojlogit.py:300 - log_iter_info] - Train Iter[200/351][69]	{"data_time": 0.00022, "batch_time": 0.05317, "loss": 0.52228, "acc": 0.83594, "mean_diffs": 5.89114}
[2026-05-09 15:34:12,952 INFO][traineradasmoothlossprojlogit.py:300 - log_iter_info] - Train Iter[300/351][69]	{"data_time": 0.00018, "batch_time": 0.05299, "loss": 0.62805, "acc": 0.83594, "mean_diffs": 5.52034}
[2026-05-09 15:34:15,776 INFO][traineradasmoothlossprojlogit.py:319 - log_epoch_info] - Train Epoch[69]	{"samples": 44928, "lr": 0.1, "loss": 0.48795, "acc": 0.8809, "acc_5": 0.99548, "macc": 0.88093, "mean_diffs": 5.77502, "max_diffs": 7.01194, "margin": 3.69579}
[2026-05-09 15:34:17,035 INFO][traineradasmoothlossprojlogit.py:333 - log_eval_epoch_info] - Val Epoch[69]	{"samples": 5000, "loss": 0.82141, "acc": 0.774, "acc_5": 0.9856, "macc": 0.77358, "nll": 0.65689, "ece": 0.0411, "aece": 0.04186, "cece": 0.03208, "mean_diffs": 5.58076, "max_diffs": 6.97099, "margin": 3.33529}
[2026-05-09 15:34:17,035 INFO][traineradasmoothlossprojlogit.py:336 - log_eval_epoch_info] - 
+---------+---------+---------+---------+
| samples | acc     | acc_5   | macc    |
+---------+---------+---------+---------+
| 5000    | 0.77400 | 0.98560 | 0.77358 |
+---------+---------+---------+---------+
[2026-05-09 15:34:17,035 INFO][traineradasmoothlossprojlogit.py:337 - log_eval_epoch_info] - 
+---------+---------+---------+---------+---------+
| samples | nll     | ece     | aece    | cece    |
+---------+---------+---------+---------+---------+
| 5000    | 0.65689 | 0.04110 | 0.04186 | 0.03208 |
+---------+---------+---------+---------+---------+
[2026-05-09 15:34:17,258 INFO][traineradasmoothlossprojlogit.py:605 - train] - Epoch[69]	Best acc on Val : 0.8582 at epoch 54
[2026-05-09 15:34:17,258 INFO][traineradasmoothlossprojlogit.py:572 - train] - ====================
[2026-05-09 15:34:17,258 INFO][traineradasmoothlossprojlogit.py:573 - train] -  Start epoch 70
[2026-05-09 15:34:17,258 INFO][traineradasmoothlossprojlogit.py:574 - train] - ====================
[2026-05-09 15:34:23,152 INFO][traineradasmoothlossprojlogit.py:300 - log_iter_info] - Train Iter[100/351][70]	{"data_time": 0.00021, "batch_time": 0.05293, "loss": 0.60628, "acc": 0.82812, "mean_diffs": 5.84956}
[2026-05-09 15:34:28,445 INFO][traineradasmoothlossprojlogit.py:300 - log_iter_info] - Train Iter[200/351][70]	{"data_time": 0.00023, "batch_time": 0.05358, "loss": 0.43059, "acc": 0.90625, "mean_diffs": 5.99164}
[2026-05-09 15:34:33,755 INFO][traineradasmoothlossprojlogit.py:300 - log_iter_info] - Train Iter[300/351][70]	{"data_time": 0.00018, "batch_time": 0.05267, "loss": 0.42144, "acc": 0.89844, "mean_diffs": 5.88797}
[2026-05-09 15:34:36,557 INFO][traineradasmoothlossprojlogit.py:319 - log_epoch_info] - Train Epoch[70]	{"samples": 44928, "lr": 0.1, "loss": 0.48628, "acc": 0.88007, "acc_5": 0.99562, "macc": 0.88009, "mean_diffs": 5.80724, "max_diffs": 7.03164, "margin": 3.72237}
[2026-05-09 15:34:37,827 INFO][traineradasmoothlossprojlogit.py:333 - log_eval_epoch_info] - Val Epoch[70]	{"samples": 5000, "loss": 0.70497, "acc": 0.8342, "acc_5": 0.9884, "macc": 0.83491, "nll": 0.50965, "ece": 0.01089, "aece": 0.00897, "cece": 0.01622, "mean_diffs": 5.92732, "max_diffs": 7.27155, "margin": 3.73978}
[2026-05-09 15:34:37,827 INFO][traineradasmoothlossprojlogit.py:336 - log_eval_epoch_info] - 
+---------+---------+---------+---------+
| samples | acc     | acc_5   | macc    |
+---------+---------+---------+---------+
| 5000    | 0.83420 | 0.98840 | 0.83491 |
+---------+---------+---------+---------+
[2026-05-09 15:34:37,827 INFO][traineradasmoothlossprojlogit.py:337 - log_eval_epoch_info] - 
+---------+---------+---------+---------+---------+
| samples | nll     | ece     | aece    | cece    |
+---------+---------+---------+---------+---------+
| 5000    | 0.50965 | 0.01089 | 0.00897 | 0.01622 |
+---------+---------+---------+---------+---------+
[2026-05-09 15:34:38,048 INFO][traineradasmoothlossprojlogit.py:605 - train] - Epoch[70]	Best acc on Val : 0.8582 at epoch 54
[2026-05-09 15:34:38,048 INFO][traineradasmoothlossprojlogit.py:572 - train] - ====================
[2026-05-09 15:34:38,048 INFO][traineradasmoothlossprojlogit.py:573 - train] -  Start epoch 71
[2026-05-09 15:34:38,048 INFO][traineradasmoothlossprojlogit.py:574 - train] - ====================
[2026-05-09 15:34:43,957 INFO][traineradasmoothlossprojlogit.py:300 - log_iter_info] - Train Iter[100/351][71]	{"data_time": 0.00024, "batch_time": 0.05307, "loss": 0.42327, "acc": 0.92969, "mean_diffs": 5.6825}
[2026-05-09 15:34:49,251 INFO][traineradasmoothlossprojlogit.py:300 - log_iter_info] - Train Iter[200/351][71]	{"data_time": 0.00019, "batch_time": 0.05261, "loss": 0.47633, "acc": 0.90625, "mean_diffs": 5.51245}
[2026-05-09 15:34:54,562 INFO][traineradasmoothlossprojlogit.py:300 - log_iter_info] - Train Iter[300/351][71]	{"data_time": 0.00018, "batch_time": 0.05308, "loss": 0.55923, "acc": 0.86719, "mean_diffs": 5.40661}
[2026-05-09 15:34:57,370 INFO][traineradasmoothlossprojlogit.py:319 - log_epoch_info] - Train Epoch[71]	{"samples": 44928, "lr": 0.1, "loss": 0.48705, "acc": 0.8823, "acc_5": 0.99526, "macc": 0.88231, "mean_diffs": 5.78407, "max_diffs": 7.00278, "margin": 3.72024}
[2026-05-09 15:34:58,660 INFO][traineradasmoothlossprojlogit.py:333 - log_eval_epoch_info] - Val Epoch[71]	{"samples": 5000, "loss": 0.67782, "acc": 0.8382, "acc_5": 0.9888, "macc": 0.83785, "nll": 0.49407, "ece": 0.01548, "aece": 0.01558, "cece": 0.01423, "mean_diffs": 5.72731, "max_diffs": 7.00266, "margin": 3.55549}
[2026-05-09 15:34:58,660 INFO][traineradasmoothlossprojlogit.py:336 - log_eval_epoch_info] - 
+---------+---------+---------+---------+
| samples | acc     | acc_5   | macc    |
+---------+---------+---------+---------+
| 5000    | 0.83820 | 0.98880 | 0.83785 |
+---------+---------+---------+---------+
[2026-05-09 15:34:58,660 INFO][traineradasmoothlossprojlogit.py:337 - log_eval_epoch_info] - 
+---------+---------+---------+---------+---------+
| samples | nll     | ece     | aece    | cece    |
+---------+---------+---------+---------+---------+
| 5000    | 0.49407 | 0.01548 | 0.01558 | 0.01423 |
+---------+---------+---------+---------+---------+
[2026-05-09 15:34:58,884 INFO][traineradasmoothlossprojlogit.py:605 - train] - Epoch[71]	Best acc on Val : 0.8582 at epoch 54
[2026-05-09 15:34:58,884 INFO][traineradasmoothlossprojlogit.py:572 - train] - ====================
[2026-05-09 15:34:58,884 INFO][traineradasmoothlossprojlogit.py:573 - train] -  Start epoch 72
[2026-05-09 15:34:58,884 INFO][traineradasmoothlossprojlogit.py:574 - train] - ====================
[2026-05-09 15:35:04,793 INFO][traineradasmoothlossprojlogit.py:300 - log_iter_info] - Train Iter[100/351][72]	{"data_time": 0.00021, "batch_time": 0.05285, "loss": 0.47485, "acc": 0.89062, "mean_diffs": 5.98664}
[2026-05-09 15:35:10,098 INFO][traineradasmoothlossprojlogit.py:300 - log_iter_info] - Train Iter[200/351][72]	{"data_time": 0.00025, "batch_time": 0.05285, "loss": 0.54601, "acc": 0.85156, "mean_diffs": 5.51376}
[2026-05-09 15:35:15,423 INFO][traineradasmoothlossprojlogit.py:300 - log_iter_info] - Train Iter[300/351][72]	{"data_time": 0.00019, "batch_time": 0.05306, "loss": 0.58459, "acc": 0.83594, "mean_diffs": 5.45122}
[2026-05-09 15:35:18,228 INFO][traineradasmoothlossprojlogit.py:319 - log_epoch_info] - Train Epoch[72]	{"samples": 44928, "lr": 0.1, "loss": 0.48524, "acc": 0.88114, "acc_5": 0.99628, "macc": 0.88116, "mean_diffs": 5.7564, "max_diffs": 6.96867, "margin": 3.67941}
[2026-05-09 15:35:19,499 INFO][traineradasmoothlossprojlogit.py:333 - log_eval_epoch_info] - Val Epoch[72]	{"samples": 5000, "loss": 0.68295, "acc": 0.8284, "acc_5": 0.9906, "macc": 0.82911, "nll": 0.50183, "ece": 0.0121, "aece": 0.01388, "cece": 0.01784, "mean_diffs": 6.13635, "max_diffs": 7.55445, "margin": 3.57949}
[2026-05-09 15:35:19,500 INFO][traineradasmoothlossprojlogit.py:336 - log_eval_epoch_info] - 
+---------+---------+---------+---------+
| samples | acc     | acc_5   | macc    |
+---------+---------+---------+---------+
| 5000    | 0.82840 | 0.99060 | 0.82911 |
+---------+---------+---------+---------+
[2026-05-09 15:35:19,500 INFO][traineradasmoothlossprojlogit.py:337 - log_eval_epoch_info] - 
+---------+---------+---------+---------+---------+
| samples | nll     | ece     | aece    | cece    |
+---------+---------+---------+---------+---------+
| 5000    | 0.50183 | 0.01210 | 0.01388 | 0.01784 |
+---------+---------+---------+---------+---------+
[2026-05-09 15:35:19,726 INFO][traineradasmoothlossprojlogit.py:605 - train] - Epoch[72]	Best acc on Val : 0.8582 at epoch 54
[2026-05-09 15:35:19,726 INFO][traineradasmoothlossprojlogit.py:572 - train] - ====================
[2026-05-09 15:35:19,726 INFO][traineradasmoothlossprojlogit.py:573 - train] -  Start epoch 73
[2026-05-09 15:35:19,726 INFO][traineradasmoothlossprojlogit.py:574 - train] - ====================
[2026-05-09 15:35:25,908 INFO][traineradasmoothlossprojlogit.py:300 - log_iter_info] - Train Iter[100/351][73]	{"data_time": 0.00025, "batch_time": 0.05286, "loss": 0.4776, "acc": 0.85938, "mean_diffs": 5.74221}
[2026-05-09 15:35:31,204 INFO][traineradasmoothlossprojlogit.py:300 - log_iter_info] - Train Iter[200/351][73]	{"data_time": 0.00025, "batch_time": 0.0526, "loss": 0.553, "acc": 0.86719, "mean_diffs": 5.86233}
[2026-05-09 15:35:36,515 INFO][traineradasmoothlossprojlogit.py:300 - log_iter_info] - Train Iter[300/351][73]	{"data_time": 0.00023, "batch_time": 0.05315, "loss": 0.5129, "acc": 0.89062, "mean_diffs": 5.99854}
[2026-05-09 15:35:39,331 INFO][traineradasmoothlossprojlogit.py:319 - log_epoch_info] - Train Epoch[73]	{"samples": 44928, "lr": 0.1, "loss": 0.48788, "acc": 0.88039, "acc_5": 0.99575, "macc": 0.88041, "mean_diffs": 5.78273, "max_diffs": 7.02437, "margin": 3.68971}
[2026-05-09 15:35:40,590 INFO][traineradasmoothlossprojlogit.py:333 - log_eval_epoch_info] - Val Epoch[73]	{"samples": 5000, "loss": 0.70801, "acc": 0.8222, "acc_5": 0.9916, "macc": 0.82356, "nll": 0.53614, "ece": 0.01379, "aece": 0.01507, "cece": 0.02129, "mean_diffs": 5.86393, "max_diffs": 7.20291, "margin": 3.56133}
[2026-05-09 15:35:40,590 INFO][traineradasmoothlossprojlogit.py:336 - log_eval_epoch_info] - 
+---------+---------+---------+---------+
| samples | acc     | acc_5   | macc    |
+---------+---------+---------+---------+
| 5000    | 0.82220 | 0.99160 | 0.82356 |
+---------+---------+---------+---------+
[2026-05-09 15:35:40,590 INFO][traineradasmoothlossprojlogit.py:337 - log_eval_epoch_info] - 
+---------+---------+---------+---------+---------+
| samples | nll     | ece     | aece    | cece    |
+---------+---------+---------+---------+---------+
| 5000    | 0.53614 | 0.01379 | 0.01507 | 0.02129 |
+---------+---------+---------+---------+---------+
[2026-05-09 15:35:40,813 INFO][traineradasmoothlossprojlogit.py:605 - train] - Epoch[73]	Best acc on Val : 0.8582 at epoch 54
[2026-05-09 15:35:40,813 INFO][traineradasmoothlossprojlogit.py:572 - train] - ====================
[2026-05-09 15:35:40,813 INFO][traineradasmoothlossprojlogit.py:573 - train] -  Start epoch 74
[2026-05-09 15:35:40,813 INFO][traineradasmoothlossprojlogit.py:574 - train] - ====================
[2026-05-09 15:35:46,728 INFO][traineradasmoothlossprojlogit.py:300 - log_iter_info] - Train Iter[100/351][74]	{"data_time": 0.00037, "batch_time": 0.05312, "loss": 0.39726, "acc": 0.89062, "mean_diffs": 5.73282}
[2026-05-09 15:35:52,029 INFO][traineradasmoothlossprojlogit.py:300 - log_iter_info] - Train Iter[200/351][74]	{"data_time": 0.00028, "batch_time": 0.05296, "loss": 0.61647, "acc": 0.85156, "mean_diffs": 5.37185}
[2026-05-09 15:35:57,344 INFO][traineradasmoothlossprojlogit.py:300 - log_iter_info] - Train Iter[300/351][74]	{"data_time": 0.00019, "batch_time": 0.05285, "loss": 0.397, "acc": 0.91406, "mean_diffs": 6.12463}
[2026-05-09 15:36:00,139 INFO][traineradasmoothlossprojlogit.py:319 - log_epoch_info] - Train Epoch[74]	{"samples": 44928, "lr": 0.1, "loss": 0.49147, "acc": 0.87999, "acc_5": 0.99546, "macc": 0.88, "mean_diffs": 5.75993, "max_diffs": 7.005, "margin": 3.68155}
[2026-05-09 15:36:01,398 INFO][traineradasmoothlossprojlogit.py:333 - log_eval_epoch_info] - Val Epoch[74]	{"samples": 5000, "loss": 0.70435, "acc": 0.8258, "acc_5": 0.9896, "macc": 0.82604, "nll": 0.53415, "ece": 0.01543, "aece": 0.01655, "cece": 0.01914, "mean_diffs": 5.57873, "max_diffs": 6.83107, "margin": 3.52377}
[2026-05-09 15:36:01,398 INFO][traineradasmoothlossprojlogit.py:336 - log_eval_epoch_info] - 
+---------+---------+---------+---------+
| samples | acc     | acc_5   | macc    |
+---------+---------+---------+---------+
| 5000    | 0.82580 | 0.98960 | 0.82604 |
+---------+---------+---------+---------+
[2026-05-09 15:36:01,398 INFO][traineradasmoothlossprojlogit.py:337 - log_eval_epoch_info] - 
+---------+---------+---------+---------+---------+
| samples | nll     | ece     | aece    | cece    |
+---------+---------+---------+---------+---------+
| 5000    | 0.53415 | 0.01543 | 0.01655 | 0.01914 |
+---------+---------+---------+---------+---------+
[2026-05-09 15:36:01,619 INFO][traineradasmoothlossprojlogit.py:605 - train] - Epoch[74]	Best acc on Val : 0.8582 at epoch 54
[2026-05-09 15:36:01,619 INFO][traineradasmoothlossprojlogit.py:572 - train] - ====================
[2026-05-09 15:36:01,619 INFO][traineradasmoothlossprojlogit.py:573 - train] -  Start epoch 75
[2026-05-09 15:36:01,619 INFO][traineradasmoothlossprojlogit.py:574 - train] - ====================
[2026-05-09 15:36:07,527 INFO][traineradasmoothlossprojlogit.py:300 - log_iter_info] - Train Iter[100/351][75]	{"data_time": 0.0002, "batch_time": 0.05259, "loss": 0.45185, "acc": 0.89062, "mean_diffs": 5.61868}
[2026-05-09 15:36:12,817 INFO][traineradasmoothlossprojlogit.py:300 - log_iter_info] - Train Iter[200/351][75]	{"data_time": 0.00027, "batch_time": 0.05333, "loss": 0.49936, "acc": 0.875, "mean_diffs": 5.6418}
[2026-05-09 15:36:18,134 INFO][traineradasmoothlossprojlogit.py:300 - log_iter_info] - Train Iter[300/351][75]	{"data_time": 0.00018, "batch_time": 0.05293, "loss": 0.43154, "acc": 0.88281, "mean_diffs": 5.74561}
[2026-05-09 15:36:20,939 INFO][traineradasmoothlossprojlogit.py:319 - log_epoch_info] - Train Epoch[75]	{"samples": 44928, "lr": 0.1, "loss": 0.47596, "acc": 0.88473, "acc_5": 0.99631, "macc": 0.88474, "mean_diffs": 5.85694, "max_diffs": 7.12553, "margin": 3.73399}
[2026-05-09 15:36:22,219 INFO][traineradasmoothlossprojlogit.py:333 - log_eval_epoch_info] - Val Epoch[75]	{"samples": 5000, "loss": 0.97833, "acc": 0.7438, "acc_5": 0.9704, "macc": 0.74486, "nll": 0.77415, "ece": 0.05596, "aece": 0.05576, "cece": 0.02967, "mean_diffs": 5.75681, "max_diffs": 7.18576, "margin": 3.27216}
[2026-05-09 15:36:22,219 INFO][traineradasmoothlossprojlogit.py:336 - log_eval_epoch_info] - 
+---------+---------+---------+---------+
| samples | acc     | acc_5   | macc    |
+---------+---------+---------+---------+
| 5000    | 0.74380 | 0.97040 | 0.74486 |
+---------+---------+---------+---------+
[2026-05-09 15:36:22,220 INFO][traineradasmoothlossprojlogit.py:337 - log_eval_epoch_info] - 
+---------+---------+---------+---------+---------+
| samples | nll     | ece     | aece    | cece    |
+---------+---------+---------+---------+---------+
| 5000    | 0.77415 | 0.05596 | 0.05576 | 0.02967 |
+---------+---------+---------+---------+---------+
[2026-05-09 15:36:22,441 INFO][traineradasmoothlossprojlogit.py:605 - train] - Epoch[75]	Best acc on Val : 0.8582 at epoch 54
[2026-05-09 15:36:22,441 INFO][traineradasmoothlossprojlogit.py:572 - train] - ====================
[2026-05-09 15:36:22,441 INFO][traineradasmoothlossprojlogit.py:573 - train] -  Start epoch 76
[2026-05-09 15:36:22,441 INFO][traineradasmoothlossprojlogit.py:574 - train] - ====================
[2026-05-09 15:36:28,334 INFO][traineradasmoothlossprojlogit.py:300 - log_iter_info] - Train Iter[100/351][76]	{"data_time": 0.0002, "batch_time": 0.05276, "loss": 0.46942, "acc": 0.91406, "mean_diffs": 5.76458}
[2026-05-09 15:36:33,618 INFO][traineradasmoothlossprojlogit.py:300 - log_iter_info] - Train Iter[200/351][76]	{"data_time": 0.00025, "batch_time": 0.05395, "loss": 0.41655, "acc": 0.91406, "mean_diffs": 5.80689}
[2026-05-09 15:36:38,927 INFO][traineradasmoothlossprojlogit.py:300 - log_iter_info] - Train Iter[300/351][76]	{"data_time": 0.00018, "batch_time": 0.05272, "loss": 0.45484, "acc": 0.89844, "mean_diffs": 5.91094}
[2026-05-09 15:36:41,714 INFO][traineradasmoothlossprojlogit.py:319 - log_epoch_info] - Train Epoch[76]	{"samples": 44928, "lr": 0.1, "loss": 0.48249, "acc": 0.88128, "acc_5": 0.99593, "macc": 0.88129, "mean_diffs": 5.86341, "max_diffs": 7.11834, "margin": 3.74641}
[2026-05-09 15:36:42,986 INFO][traineradasmoothlossprojlogit.py:333 - log_eval_epoch_info] - Val Epoch[76]	{"samples": 5000, "loss": 0.63422, "acc": 0.8496, "acc_5": 0.9928, "macc": 0.85069, "nll": 0.45477, "ece": 0.02662, "aece": 0.02648, "cece": 0.0145, "mean_diffs": 5.7607, "max_diffs": 7.10929, "margin": 3.49101}
[2026-05-09 15:36:42,986 INFO][traineradasmoothlossprojlogit.py:336 - log_eval_epoch_info] - 
+---------+---------+---------+---------+
| samples | acc     | acc_5   | macc    |
+---------+---------+---------+---------+
| 5000    | 0.84960 | 0.99280 | 0.85069 |
+---------+---------+---------+---------+
[2026-05-09 15:36:42,986 INFO][traineradasmoothlossprojlogit.py:337 - log_eval_epoch_info] - 
+---------+---------+---------+---------+---------+
| samples | nll     | ece     | aece    | cece    |
+---------+---------+---------+---------+---------+
| 5000    | 0.45477 | 0.02662 | 0.02648 | 0.01450 |
+---------+---------+---------+---------+---------+
[2026-05-09 15:36:43,208 INFO][traineradasmoothlossprojlogit.py:605 - train] - Epoch[76]	Best acc on Val : 0.8582 at epoch 54
[2026-05-09 15:36:43,208 INFO][traineradasmoothlossprojlogit.py:572 - train] - ====================
[2026-05-09 15:36:43,208 INFO][traineradasmoothlossprojlogit.py:573 - train] -  Start epoch 77
[2026-05-09 15:36:43,209 INFO][traineradasmoothlossprojlogit.py:574 - train] - ====================
[2026-05-09 15:36:49,368 INFO][traineradasmoothlossprojlogit.py:300 - log_iter_info] - Train Iter[100/351][77]	{"data_time": 0.0002, "batch_time": 0.05265, "loss": 0.46107, "acc": 0.89844, "mean_diffs": 5.5698}
[2026-05-09 15:36:54,652 INFO][traineradasmoothlossprojlogit.py:300 - log_iter_info] - Train Iter[200/351][77]	{"data_time": 0.00028, "batch_time": 0.05305, "loss": 0.45578, "acc": 0.89844, "mean_diffs": 5.81069}
[2026-05-09 15:36:59,967 INFO][traineradasmoothlossprojlogit.py:300 - log_iter_info] - Train Iter[300/351][77]	{"data_time": 0.00024, "batch_time": 0.05284, "loss": 0.4415, "acc": 0.89062, "mean_diffs": 5.60379}
[2026-05-09 15:37:02,766 INFO][traineradasmoothlossprojlogit.py:319 - log_epoch_info] - Train Epoch[77]	{"samples": 44928, "lr": 0.1, "loss": 0.47916, "acc": 0.88199, "acc_5": 0.99528, "macc": 0.88201, "mean_diffs": 5.84119, "max_diffs": 7.08583, "margin": 3.69638}
[2026-05-09 15:37:04,013 INFO][traineradasmoothlossprojlogit.py:333 - log_eval_epoch_info] - Val Epoch[77]	{"samples": 5000, "loss": 0.70576, "acc": 0.8188, "acc_5": 0.9898, "macc": 0.8175, "nll": 0.53176, "ece": 0.02389, "aece": 0.02209, "cece": 0.02061, "mean_diffs": 5.62222, "max_diffs": 6.95288, "margin": 3.59988}
[2026-05-09 15:37:04,013 INFO][traineradasmoothlossprojlogit.py:336 - log_eval_epoch_info] - 
+---------+---------+---------+---------+
| samples | acc     | acc_5   | macc    |
+---------+---------+---------+---------+
| 5000    | 0.81880 | 0.98980 | 0.81750 |
+---------+---------+---------+---------+
[2026-05-09 15:37:04,014 INFO][traineradasmoothlossprojlogit.py:337 - log_eval_epoch_info] - 
+---------+---------+---------+---------+---------+
| samples | nll     | ece     | aece    | cece    |
+---------+---------+---------+---------+---------+
| 5000    | 0.53176 | 0.02389 | 0.02209 | 0.02061 |
+---------+---------+---------+---------+---------+
[2026-05-09 15:37:04,237 INFO][traineradasmoothlossprojlogit.py:605 - train] - Epoch[77]	Best acc on Val : 0.8582 at epoch 54
[2026-05-09 15:37:04,237 INFO][traineradasmoothlossprojlogit.py:572 - train] - ====================
[2026-05-09 15:37:04,237 INFO][traineradasmoothlossprojlogit.py:573 - train] -  Start epoch 78
[2026-05-09 15:37:04,237 INFO][traineradasmoothlossprojlogit.py:574 - train] - ====================
[2026-05-09 15:37:10,135 INFO][traineradasmoothlossprojlogit.py:300 - log_iter_info] - Train Iter[100/351][78]	{"data_time": 0.00024, "batch_time": 0.05291, "loss": 0.49055, "acc": 0.89062, "mean_diffs": 5.68179}
[2026-05-09 15:37:15,419 INFO][traineradasmoothlossprojlogit.py:300 - log_iter_info] - Train Iter[200/351][78]	{"data_time": 0.0002, "batch_time": 0.05251, "loss": 0.49673, "acc": 0.875, "mean_diffs": 5.7234}
[2026-05-09 15:37:20,731 INFO][traineradasmoothlossprojlogit.py:300 - log_iter_info] - Train Iter[300/351][78]	{"data_time": 0.00019, "batch_time": 0.05279, "loss": 0.36511, "acc": 0.9375, "mean_diffs": 5.89369}
[2026-05-09 15:37:23,539 INFO][traineradasmoothlossprojlogit.py:319 - log_epoch_info] - Train Epoch[78]	{"samples": 44928, "lr": 0.1, "loss": 0.48831, "acc": 0.87985, "acc_5": 0.99535, "macc": 0.87988, "mean_diffs": 5.7983, "max_diffs": 7.04911, "margin": 3.68374}
[2026-05-09 15:37:24,809 INFO][traineradasmoothlossprojlogit.py:333 - log_eval_epoch_info] - Val Epoch[78]	{"samples": 5000, "loss": 0.65133, "acc": 0.832, "acc_5": 0.991, "macc": 0.83122, "nll": 0.51958, "ece": 0.01771, "aece": 0.01697, "cece": 0.01924, "mean_diffs": 5.38656, "max_diffs": 6.68298, "margin": 3.20164}
[2026-05-09 15:37:24,810 INFO][traineradasmoothlossprojlogit.py:336 - log_eval_epoch_info] - 
+---------+---------+---------+---------+
| samples | acc     | acc_5   | macc    |
+---------+---------+---------+---------+
| 5000    | 0.83200 | 0.99100 | 0.83122 |
+---------+---------+---------+---------+
[2026-05-09 15:37:24,810 INFO][traineradasmoothlossprojlogit.py:337 - log_eval_epoch_info] - 
+---------+---------+---------+---------+---------+
| samples | nll     | ece     | aece    | cece    |
+---------+---------+---------+---------+---------+
| 5000    | 0.51958 | 0.01771 | 0.01697 | 0.01924 |
+---------+---------+---------+---------+---------+
[2026-05-09 15:37:25,031 INFO][traineradasmoothlossprojlogit.py:605 - train] - Epoch[78]	Best acc on Val : 0.8582 at epoch 54
[2026-05-09 15:37:25,031 INFO][traineradasmoothlossprojlogit.py:572 - train] - ====================
[2026-05-09 15:37:25,031 INFO][traineradasmoothlossprojlogit.py:573 - train] -  Start epoch 79
[2026-05-09 15:37:25,031 INFO][traineradasmoothlossprojlogit.py:574 - train] - ====================
[2026-05-09 15:37:30,942 INFO][traineradasmoothlossprojlogit.py:300 - log_iter_info] - Train Iter[100/351][79]	{"data_time": 0.00039, "batch_time": 0.05323, "loss": 0.43905, "acc": 0.92188, "mean_diffs": 6.1324}
[2026-05-09 15:37:36,241 INFO][traineradasmoothlossprojlogit.py:300 - log_iter_info] - Train Iter[200/351][79]	{"data_time": 0.00023, "batch_time": 0.05261, "loss": 0.39494, "acc": 0.92969, "mean_diffs": 5.56765}
[2026-05-09 15:37:41,557 INFO][traineradasmoothlossprojlogit.py:300 - log_iter_info] - Train Iter[300/351][79]	{"data_time": 0.00025, "batch_time": 0.0531, "loss": 0.54699, "acc": 0.85938, "mean_diffs": 5.50392}
[2026-05-09 15:37:44,368 INFO][traineradasmoothlossprojlogit.py:319 - log_epoch_info] - Train Epoch[79]	{"samples": 44928, "lr": 0.1, "loss": 0.47832, "acc": 0.88762, "acc_5": 0.99535, "macc": 0.88763, "mean_diffs": 5.79146, "max_diffs": 7.01719, "margin": 3.74058}
[2026-05-09 15:37:45,634 INFO][traineradasmoothlossprojlogit.py:333 - log_eval_epoch_info] - Val Epoch[79]	{"samples": 5000, "loss": 0.81497, "acc": 0.7746, "acc_5": 0.9858, "macc": 0.77387, "nll": 0.67993, "ece": 0.04816, "aece": 0.04546, "cece": 0.03313, "mean_diffs": 5.51202, "max_diffs": 6.87081, "margin": 3.33387}
[2026-05-09 15:37:45,634 INFO][traineradasmoothlossprojlogit.py:336 - log_eval_epoch_info] - 
+---------+---------+---------+---------+
| samples | acc     | acc_5   | macc    |
+---------+---------+---------+---------+
| 5000    | 0.77460 | 0.98580 | 0.77387 |
+---------+---------+---------+---------+
[2026-05-09 15:37:45,634 INFO][traineradasmoothlossprojlogit.py:337 - log_eval_epoch_info] - 
+---------+---------+---------+---------+---------+
| samples | nll     | ece     | aece    | cece    |
+---------+---------+---------+---------+---------+
| 5000    | 0.67993 | 0.04816 | 0.04546 | 0.03313 |
+---------+---------+---------+---------+---------+
[2026-05-09 15:37:45,855 INFO][traineradasmoothlossprojlogit.py:605 - train] - Epoch[79]	Best acc on Val : 0.8582 at epoch 54
[2026-05-09 15:37:45,855 INFO][traineradasmoothlossprojlogit.py:572 - train] - ====================
[2026-05-09 15:37:45,855 INFO][traineradasmoothlossprojlogit.py:573 - train] -  Start epoch 80
[2026-05-09 15:37:45,855 INFO][traineradasmoothlossprojlogit.py:574 - train] - ====================
[2026-05-09 15:37:51,760 INFO][traineradasmoothlossprojlogit.py:300 - log_iter_info] - Train Iter[100/351][80]	{"data_time": 0.00024, "batch_time": 0.05285, "loss": 0.5638, "acc": 0.84375, "mean_diffs": 5.74773}
[2026-05-09 15:37:57,055 INFO][traineradasmoothlossprojlogit.py:300 - log_iter_info] - Train Iter[200/351][80]	{"data_time": 0.00028, "batch_time": 0.05265, "loss": 0.41715, "acc": 0.89844, "mean_diffs": 5.9578}
[2026-05-09 15:38:02,374 INFO][traineradasmoothlossprojlogit.py:300 - log_iter_info] - Train Iter[300/351][80]	{"data_time": 0.00019, "batch_time": 0.05316, "loss": 0.35358, "acc": 0.92188, "mean_diffs": 5.83509}
[2026-05-09 15:38:05,188 INFO][traineradasmoothlossprojlogit.py:319 - log_epoch_info] - Train Epoch[80]	{"samples": 44928, "lr": 0.1, "loss": 0.48031, "acc": 0.88366, "acc_5": 0.99579, "macc": 0.88367, "mean_diffs": 5.78073, "max_diffs": 7.02661, "margin": 3.72149}
[2026-05-09 15:38:06,480 INFO][traineradasmoothlossprojlogit.py:333 - log_eval_epoch_info] - Val Epoch[80]	{"samples": 5000, "loss": 0.87669, "acc": 0.7544, "acc_5": 0.9872, "macc": 0.75595, "nll": 0.74912, "ece": 0.068, "aece": 0.06837, "cece": 0.03531, "mean_diffs": 5.97521, "max_diffs": 7.59241, "margin": 3.22463}
[2026-05-09 15:38:06,481 INFO][traineradasmoothlossprojlogit.py:336 - log_eval_epoch_info] - 
+---------+---------+---------+---------+
| samples | acc     | acc_5   | macc    |
+---------+---------+---------+---------+
| 5000    | 0.75440 | 0.98720 | 0.75595 |
+---------+---------+---------+---------+
[2026-05-09 15:38:06,481 INFO][traineradasmoothlossprojlogit.py:337 - log_eval_epoch_info] - 
+---------+---------+---------+---------+---------+
| samples | nll     | ece     | aece    | cece    |
+---------+---------+---------+---------+---------+
| 5000    | 0.74912 | 0.06800 | 0.06837 | 0.03531 |
+---------+---------+---------+---------+---------+
[2026-05-09 15:38:06,702 INFO][traineradasmoothlossprojlogit.py:605 - train] - Epoch[80]	Best acc on Val : 0.8582 at epoch 54
[2026-05-09 15:38:06,702 INFO][traineradasmoothlossprojlogit.py:572 - train] - ====================
[2026-05-09 15:38:06,702 INFO][traineradasmoothlossprojlogit.py:573 - train] -  Start epoch 81
[2026-05-09 15:38:06,702 INFO][traineradasmoothlossprojlogit.py:574 - train] - ====================
[2026-05-09 15:38:12,899 INFO][traineradasmoothlossprojlogit.py:300 - log_iter_info] - Train Iter[100/351][81]	{"data_time": 0.00039, "batch_time": 0.05292, "loss": 0.64777, "acc": 0.8125, "mean_diffs": 5.68367}
[2026-05-09 15:38:18,194 INFO][traineradasmoothlossprojlogit.py:300 - log_iter_info] - Train Iter[200/351][81]	{"data_time": 0.00039, "batch_time": 0.05276, "loss": 0.52635, "acc": 0.875, "mean_diffs": 5.91774}
[2026-05-09 15:38:23,521 INFO][traineradasmoothlossprojlogit.py:300 - log_iter_info] - Train Iter[300/351][81]	{"data_time": 0.00024, "batch_time": 0.05321, "loss": 0.51854, "acc": 0.86719, "mean_diffs": 5.75609}
[2026-05-09 15:38:26,332 INFO][traineradasmoothlossprojlogit.py:319 - log_epoch_info] - Train Epoch[81]	{"samples": 44928, "lr": 0.1, "loss": 0.48297, "acc": 0.88186, "acc_5": 0.99579, "macc": 0.88188, "mean_diffs": 5.81488, "max_diffs": 7.06588, "margin": 3.73335}
[2026-05-09 15:38:27,624 INFO][traineradasmoothlossprojlogit.py:333 - log_eval_epoch_info] - Val Epoch[81]	{"samples": 5000, "loss": 0.87088, "acc": 0.7738, "acc_5": 0.983, "macc": 0.77317, "nll": 0.68895, "ece": 0.05497, "aece": 0.05455, "cece": 0.03196, "mean_diffs": 5.69649, "max_diffs": 7.03785, "margin": 3.65813}
[2026-05-09 15:38:27,625 INFO][traineradasmoothlossprojlogit.py:336 - log_eval_epoch_info] - 
+---------+---------+---------+---------+
| samples | acc     | acc_5   | macc    |
+---------+---------+---------+---------+
| 5000    | 0.77380 | 0.98300 | 0.77317 |
+---------+---------+---------+---------+
[2026-05-09 15:38:27,625 INFO][traineradasmoothlossprojlogit.py:337 - log_eval_epoch_info] - 
+---------+---------+---------+---------+---------+
| samples | nll     | ece     | aece    | cece    |
+---------+---------+---------+---------+---------+
| 5000    | 0.68895 | 0.05497 | 0.05455 | 0.03196 |
+---------+---------+---------+---------+---------+
[2026-05-09 15:38:27,851 INFO][traineradasmoothlossprojlogit.py:605 - train] - Epoch[81]	Best acc on Val : 0.8582 at epoch 54
[2026-05-09 15:38:27,851 INFO][traineradasmoothlossprojlogit.py:572 - train] - ====================
[2026-05-09 15:38:27,851 INFO][traineradasmoothlossprojlogit.py:573 - train] -  Start epoch 82
[2026-05-09 15:38:27,851 INFO][traineradasmoothlossprojlogit.py:574 - train] - ====================
[2026-05-09 15:38:33,748 INFO][traineradasmoothlossprojlogit.py:300 - log_iter_info] - Train Iter[100/351][82]	{"data_time": 0.00021, "batch_time": 0.05257, "loss": 0.4224, "acc": 0.91406, "mean_diffs": 5.83458}
[2026-05-09 15:38:39,036 INFO][traineradasmoothlossprojlogit.py:300 - log_iter_info] - Train Iter[200/351][82]	{"data_time": 0.0002, "batch_time": 0.05279, "loss": 0.48289, "acc": 0.85156, "mean_diffs": 5.63053}
[2026-05-09 15:38:44,354 INFO][traineradasmoothlossprojlogit.py:300 - log_iter_info] - Train Iter[300/351][82]	{"data_time": 0.00023, "batch_time": 0.05311, "loss": 0.4737, "acc": 0.875, "mean_diffs": 5.93238}
[2026-05-09 15:38:47,154 INFO][traineradasmoothlossprojlogit.py:319 - log_epoch_info] - Train Epoch[82]	{"samples": 44928, "lr": 0.1, "loss": 0.47956, "acc": 0.88275, "acc_5": 0.99624, "macc": 0.88277, "mean_diffs": 5.80882, "max_diffs": 7.04882, "margin": 3.71141}
[2026-05-09 15:38:48,412 INFO][traineradasmoothlossprojlogit.py:333 - log_eval_epoch_info] - Val Epoch[82]	{"samples": 5000, "loss": 0.74854, "acc": 0.824, "acc_5": 0.9888, "macc": 0.82495, "nll": 0.54489, "ece": 0.02145, "aece": 0.01825, "cece": 0.01952, "mean_diffs": 6.31507, "max_diffs": 7.69803, "margin": 3.96854}
[2026-05-09 15:38:48,413 INFO][traineradasmoothlossprojlogit.py:336 - log_eval_epoch_info] - 
+---------+---------+---------+---------+
| samples | acc     | acc_5   | macc    |
+---------+---------+---------+---------+
| 5000    | 0.82400 | 0.98880 | 0.82495 |
+---------+---------+---------+---------+
[2026-05-09 15:38:48,413 INFO][traineradasmoothlossprojlogit.py:337 - log_eval_epoch_info] - 
+---------+---------+---------+---------+---------+
| samples | nll     | ece     | aece    | cece    |
+---------+---------+---------+---------+---------+
| 5000    | 0.54489 | 0.02145 | 0.01825 | 0.01952 |
+---------+---------+---------+---------+---------+
[2026-05-09 15:38:48,634 INFO][traineradasmoothlossprojlogit.py:605 - train] - Epoch[82]	Best acc on Val : 0.8582 at epoch 54
[2026-05-09 15:38:48,634 INFO][traineradasmoothlossprojlogit.py:572 - train] - ====================
[2026-05-09 15:38:48,634 INFO][traineradasmoothlossprojlogit.py:573 - train] -  Start epoch 83
[2026-05-09 15:38:48,634 INFO][traineradasmoothlossprojlogit.py:574 - train] - ====================
[2026-05-09 15:38:54,549 INFO][traineradasmoothlossprojlogit.py:300 - log_iter_info] - Train Iter[100/351][83]	{"data_time": 0.00026, "batch_time": 0.05306, "loss": 0.48748, "acc": 0.89062, "mean_diffs": 5.7916}
[2026-05-09 15:38:59,843 INFO][traineradasmoothlossprojlogit.py:300 - log_iter_info] - Train Iter[200/351][83]	{"data_time": 0.00026, "batch_time": 0.05278, "loss": 0.49675, "acc": 0.875, "mean_diffs": 5.84474}
[2026-05-09 15:39:05,151 INFO][traineradasmoothlossprojlogit.py:300 - log_iter_info] - Train Iter[300/351][83]	{"data_time": 0.00023, "batch_time": 0.0528, "loss": 0.37698, "acc": 0.92188, "mean_diffs": 5.67808}
[2026-05-09 15:39:07,952 INFO][traineradasmoothlossprojlogit.py:319 - log_epoch_info] - Train Epoch[83]	{"samples": 44928, "lr": 0.1, "loss": 0.47893, "acc": 0.88279, "acc_5": 0.99555, "macc": 0.88281, "mean_diffs": 5.826, "max_diffs": 7.07208, "margin": 3.7039}
[2026-05-09 15:39:09,205 INFO][traineradasmoothlossprojlogit.py:333 - log_eval_epoch_info] - Val Epoch[83]	{"samples": 5000, "loss": 0.6589, "acc": 0.8354, "acc_5": 0.9908, "macc": 0.83591, "nll": 0.50157, "ece": 0.02576, "aece": 0.02747, "cece": 0.0196, "mean_diffs": 5.30264, "max_diffs": 6.58374, "margin": 3.25143}
[2026-05-09 15:39:09,205 INFO][traineradasmoothlossprojlogit.py:336 - log_eval_epoch_info] - 
+---------+---------+---------+---------+
| samples | acc     | acc_5   | macc    |
+---------+---------+---------+---------+
| 5000    | 0.83540 | 0.99080 | 0.83591 |
+---------+---------+---------+---------+
[2026-05-09 15:39:09,205 INFO][traineradasmoothlossprojlogit.py:337 - log_eval_epoch_info] - 
+---------+---------+---------+---------+---------+
| samples | nll     | ece     | aece    | cece    |
+---------+---------+---------+---------+---------+
| 5000    | 0.50157 | 0.02576 | 0.02747 | 0.01960 |
+---------+---------+---------+---------+---------+
[2026-05-09 15:39:09,428 INFO][traineradasmoothlossprojlogit.py:605 - train] - Epoch[83]	Best acc on Val : 0.8582 at epoch 54
[2026-05-09 15:39:09,428 INFO][traineradasmoothlossprojlogit.py:572 - train] - ====================
[2026-05-09 15:39:09,428 INFO][traineradasmoothlossprojlogit.py:573 - train] -  Start epoch 84
[2026-05-09 15:39:09,428 INFO][traineradasmoothlossprojlogit.py:574 - train] - ====================
[2026-05-09 15:39:15,321 INFO][traineradasmoothlossprojlogit.py:300 - log_iter_info] - Train Iter[100/351][84]	{"data_time": 0.00036, "batch_time": 0.05308, "loss": 0.43676, "acc": 0.89062, "mean_diffs": 5.87476}
[2026-05-09 15:39:20,617 INFO][traineradasmoothlossprojlogit.py:300 - log_iter_info] - Train Iter[200/351][84]	{"data_time": 0.0002, "batch_time": 0.05254, "loss": 0.56136, "acc": 0.82812, "mean_diffs": 5.63967}
[2026-05-09 15:39:25,928 INFO][traineradasmoothlossprojlogit.py:300 - log_iter_info] - Train Iter[300/351][84]	{"data_time": 0.00018, "batch_time": 0.05308, "loss": 0.51763, "acc": 0.83594, "mean_diffs": 5.83623}
[2026-05-09 15:39:28,735 INFO][traineradasmoothlossprojlogit.py:319 - log_epoch_info] - Train Epoch[84]	{"samples": 44928, "lr": 0.1, "loss": 0.48136, "acc": 0.88281, "acc_5": 0.99584, "macc": 0.88283, "mean_diffs": 5.78407, "max_diffs": 7.00254, "margin": 3.72568}
[2026-05-09 15:39:30,011 INFO][traineradasmoothlossprojlogit.py:333 - log_eval_epoch_info] - Val Epoch[84]	{"samples": 5000, "loss": 0.98047, "acc": 0.7546, "acc_5": 0.9828, "macc": 0.75345, "nll": 0.77611, "ece": 0.07367, "aece": 0.07325, "cece": 0.03531, "mean_diffs": 6.03902, "max_diffs": 7.37603, "margin": 3.61436}
[2026-05-09 15:39:30,011 INFO][traineradasmoothlossprojlogit.py:336 - log_eval_epoch_info] - 
+---------+---------+---------+---------+
| samples | acc     | acc_5   | macc    |
+---------+---------+---------+---------+
| 5000    | 0.75460 | 0.98280 | 0.75345 |
+---------+---------+---------+---------+
[2026-05-09 15:39:30,011 INFO][traineradasmoothlossprojlogit.py:337 - log_eval_epoch_info] - 
+---------+---------+---------+---------+---------+
| samples | nll     | ece     | aece    | cece    |
+---------+---------+---------+---------+---------+
| 5000    | 0.77611 | 0.07367 | 0.07325 | 0.03531 |
+---------+---------+---------+---------+---------+
[2026-05-09 15:39:30,237 INFO][traineradasmoothlossprojlogit.py:605 - train] - Epoch[84]	Best acc on Val : 0.8582 at epoch 54
[2026-05-09 15:39:30,238 INFO][traineradasmoothlossprojlogit.py:572 - train] - ====================
[2026-05-09 15:39:30,238 INFO][traineradasmoothlossprojlogit.py:573 - train] -  Start epoch 85
[2026-05-09 15:39:30,238 INFO][traineradasmoothlossprojlogit.py:574 - train] - ====================
[2026-05-09 15:39:36,429 INFO][traineradasmoothlossprojlogit.py:300 - log_iter_info] - Train Iter[100/351][85]	{"data_time": 0.00023, "batch_time": 0.05284, "loss": 0.58561, "acc": 0.82812, "mean_diffs": 5.70402}
[2026-05-09 15:39:41,720 INFO][traineradasmoothlossprojlogit.py:300 - log_iter_info] - Train Iter[200/351][85]	{"data_time": 0.00024, "batch_time": 0.05277, "loss": 0.5704, "acc": 0.85938, "mean_diffs": 5.79432}
[2026-05-09 15:39:47,029 INFO][traineradasmoothlossprojlogit.py:300 - log_iter_info] - Train Iter[300/351][85]	{"data_time": 0.00019, "batch_time": 0.05276, "loss": 0.46742, "acc": 0.92969, "mean_diffs": 5.8024}
[2026-05-09 15:39:49,842 INFO][traineradasmoothlossprojlogit.py:319 - log_epoch_info] - Train Epoch[85]	{"samples": 44928, "lr": 0.1, "loss": 0.48047, "acc": 0.88359, "acc_5": 0.9959, "macc": 0.88359, "mean_diffs": 5.81611, "max_diffs": 7.01187, "margin": 3.75387}
[2026-05-09 15:39:51,117 INFO][traineradasmoothlossprojlogit.py:333 - log_eval_epoch_info] - Val Epoch[85]	{"samples": 5000, "loss": 0.91718, "acc": 0.7512, "acc_5": 0.98, "macc": 0.7518, "nll": 0.76694, "ece": 0.05946, "aece": 0.0597, "cece": 0.0306, "mean_diffs": 5.33833, "max_diffs": 6.65437, "margin": 3.2317}
[2026-05-09 15:39:51,118 INFO][traineradasmoothlossprojlogit.py:336 - log_eval_epoch_info] - 
+---------+---------+---------+---------+
| samples | acc     | acc_5   | macc    |
+---------+---------+---------+---------+
| 5000    | 0.75120 | 0.98000 | 0.75180 |
+---------+---------+---------+---------+
[2026-05-09 15:39:51,118 INFO][traineradasmoothlossprojlogit.py:337 - log_eval_epoch_info] - 
+---------+---------+---------+---------+---------+
| samples | nll     | ece     | aece    | cece    |
+---------+---------+---------+---------+---------+
| 5000    | 0.76694 | 0.05946 | 0.05970 | 0.03060 |
+---------+---------+---------+---------+---------+
[2026-05-09 15:39:51,338 INFO][traineradasmoothlossprojlogit.py:605 - train] - Epoch[85]	Best acc on Val : 0.8582 at epoch 54
[2026-05-09 15:39:51,338 INFO][traineradasmoothlossprojlogit.py:572 - train] - ====================
[2026-05-09 15:39:51,338 INFO][traineradasmoothlossprojlogit.py:573 - train] -  Start epoch 86
[2026-05-09 15:39:51,339 INFO][traineradasmoothlossprojlogit.py:574 - train] - ====================
[2026-05-09 15:39:57,231 INFO][traineradasmoothlossprojlogit.py:300 - log_iter_info] - Train Iter[100/351][86]	{"data_time": 0.0002, "batch_time": 0.0528, "loss": 0.41534, "acc": 0.90625, "mean_diffs": 6.09009}
[2026-05-09 15:40:02,521 INFO][traineradasmoothlossprojlogit.py:300 - log_iter_info] - Train Iter[200/351][86]	{"data_time": 0.00019, "batch_time": 0.05285, "loss": 0.56937, "acc": 0.83594, "mean_diffs": 5.87422}
[2026-05-09 15:40:07,822 INFO][traineradasmoothlossprojlogit.py:300 - log_iter_info] - Train Iter[300/351][86]	{"data_time": 0.00034, "batch_time": 0.05291, "loss": 0.57399, "acc": 0.84375, "mean_diffs": 5.7104}
[2026-05-09 15:40:10,615 INFO][traineradasmoothlossprojlogit.py:319 - log_epoch_info] - Train Epoch[86]	{"samples": 44928, "lr": 0.1, "loss": 0.47848, "acc": 0.88348, "acc_5": 0.99544, "macc": 0.8835, "mean_diffs": 5.82139, "max_diffs": 7.03027, "margin": 3.74879}
[2026-05-09 15:40:11,870 INFO][traineradasmoothlossprojlogit.py:333 - log_eval_epoch_info] - Val Epoch[86]	{"samples": 5000, "loss": 0.66128, "acc": 0.8378, "acc_5": 0.99, "macc": 0.83761, "nll": 0.49126, "ece": 0.02312, "aece": 0.01944, "cece": 0.01818, "mean_diffs": 5.25101, "max_diffs": 6.45428, "margin": 3.35583}
[2026-05-09 15:40:11,870 INFO][traineradasmoothlossprojlogit.py:336 - log_eval_epoch_info] - 
+---------+---------+---------+---------+
| samples | acc     | acc_5   | macc    |
+---------+---------+---------+---------+
| 5000    | 0.83780 | 0.99000 | 0.83761 |
+---------+---------+---------+---------+
[2026-05-09 15:40:11,870 INFO][traineradasmoothlossprojlogit.py:337 - log_eval_epoch_info] - 
+---------+---------+---------+---------+---------+
| samples | nll     | ece     | aece    | cece    |
+---------+---------+---------+---------+---------+
| 5000    | 0.49126 | 0.02312 | 0.01944 | 0.01818 |
+---------+---------+---------+---------+---------+
[2026-05-09 15:40:12,090 INFO][traineradasmoothlossprojlogit.py:605 - train] - Epoch[86]	Best acc on Val : 0.8582 at epoch 54
[2026-05-09 15:40:12,090 INFO][traineradasmoothlossprojlogit.py:572 - train] - ====================
[2026-05-09 15:40:12,090 INFO][traineradasmoothlossprojlogit.py:573 - train] -  Start epoch 87
[2026-05-09 15:40:12,090 INFO][traineradasmoothlossprojlogit.py:574 - train] - ====================
[2026-05-09 15:40:17,995 INFO][traineradasmoothlossprojlogit.py:300 - log_iter_info] - Train Iter[100/351][87]	{"data_time": 0.00019, "batch_time": 0.05297, "loss": 0.51203, "acc": 0.85938, "mean_diffs": 5.54752}
[2026-05-09 15:40:23,295 INFO][traineradasmoothlossprojlogit.py:300 - log_iter_info] - Train Iter[200/351][87]	{"data_time": 0.00021, "batch_time": 0.0532, "loss": 0.56234, "acc": 0.86719, "mean_diffs": 5.35443}
[2026-05-09 15:40:28,609 INFO][traineradasmoothlossprojlogit.py:300 - log_iter_info] - Train Iter[300/351][87]	{"data_time": 0.00019, "batch_time": 0.05279, "loss": 0.54036, "acc": 0.875, "mean_diffs": 5.66477}
[2026-05-09 15:40:31,424 INFO][traineradasmoothlossprojlogit.py:319 - log_epoch_info] - Train Epoch[87]	{"samples": 44928, "lr": 0.1, "loss": 0.47989, "acc": 0.88453, "acc_5": 0.99564, "macc": 0.88455, "mean_diffs": 5.80863, "max_diffs": 7.00668, "margin": 3.73862}
[2026-05-09 15:40:32,711 INFO][traineradasmoothlossprojlogit.py:333 - log_eval_epoch_info] - Val Epoch[87]	{"samples": 5000, "loss": 0.69895, "acc": 0.8374, "acc_5": 0.992, "macc": 0.83887, "nll": 0.47877, "ece": 0.022, "aece": 0.0228, "cece": 0.02115, "mean_diffs": 6.28179, "max_diffs": 7.5963, "margin": 3.91387}
[2026-05-09 15:40:32,711 INFO][traineradasmoothlossprojlogit.py:336 - log_eval_epoch_info] - 
+---------+---------+---------+---------+
| samples | acc     | acc_5   | macc    |
+---------+---------+---------+---------+
| 5000    | 0.83740 | 0.99200 | 0.83887 |
+---------+---------+---------+---------+
[2026-05-09 15:40:32,711 INFO][traineradasmoothlossprojlogit.py:337 - log_eval_epoch_info] - 
+---------+---------+---------+---------+---------+
| samples | nll     | ece     | aece    | cece    |
+---------+---------+---------+---------+---------+
| 5000    | 0.47877 | 0.02200 | 0.02280 | 0.02115 |
+---------+---------+---------+---------+---------+
[2026-05-09 15:40:32,933 INFO][traineradasmoothlossprojlogit.py:605 - train] - Epoch[87]	Best acc on Val : 0.8582 at epoch 54
[2026-05-09 15:40:32,933 INFO][traineradasmoothlossprojlogit.py:572 - train] - ====================
[2026-05-09 15:40:32,933 INFO][traineradasmoothlossprojlogit.py:573 - train] -  Start epoch 88
[2026-05-09 15:40:32,933 INFO][traineradasmoothlossprojlogit.py:574 - train] - ====================
[2026-05-09 15:40:38,819 INFO][traineradasmoothlossprojlogit.py:300 - log_iter_info] - Train Iter[100/351][88]	{"data_time": 0.00024, "batch_time": 0.05278, "loss": 0.50011, "acc": 0.84375, "mean_diffs": 5.95584}
[2026-05-09 15:40:44,111 INFO][traineradasmoothlossprojlogit.py:300 - log_iter_info] - Train Iter[200/351][88]	{"data_time": 0.0002, "batch_time": 0.05311, "loss": 0.43383, "acc": 0.90625, "mean_diffs": 5.7568}
[2026-05-09 15:40:49,417 INFO][traineradasmoothlossprojlogit.py:300 - log_iter_info] - Train Iter[300/351][88]	{"data_time": 0.00019, "batch_time": 0.05285, "loss": 0.3982, "acc": 0.91406, "mean_diffs": 6.09932}
[2026-05-09 15:40:52,221 INFO][traineradasmoothlossprojlogit.py:319 - log_epoch_info] - Train Epoch[88]	{"samples": 44928, "lr": 0.1, "loss": 0.48161, "acc": 0.88319, "acc_5": 0.99555, "macc": 0.8832, "mean_diffs": 5.81262, "max_diffs": 7.00349, "margin": 3.73121}
[2026-05-09 15:40:53,503 INFO][traineradasmoothlossprojlogit.py:333 - log_eval_epoch_info] - Val Epoch[88]	{"samples": 5000, "loss": 0.67445, "acc": 0.8294, "acc_5": 0.9898, "macc": 0.82925, "nll": 0.5148, "ece": 0.01247, "aece": 0.01341, "cece": 0.0178, "mean_diffs": 5.74892, "max_diffs": 7.04501, "margin": 3.53008}
[2026-05-09 15:40:53,503 INFO][traineradasmoothlossprojlogit.py:336 - log_eval_epoch_info] - 
+---------+---------+---------+---------+
| samples | acc     | acc_5   | macc    |
+---------+---------+---------+---------+
| 5000    | 0.82940 | 0.98980 | 0.82925 |
+---------+---------+---------+---------+
[2026-05-09 15:40:53,503 INFO][traineradasmoothlossprojlogit.py:337 - log_eval_epoch_info] - 
+---------+---------+---------+---------+---------+
| samples | nll     | ece     | aece    | cece    |
+---------+---------+---------+---------+---------+
| 5000    | 0.51480 | 0.01247 | 0.01341 | 0.01780 |
+---------+---------+---------+---------+---------+
[2026-05-09 15:40:53,729 INFO][traineradasmoothlossprojlogit.py:605 - train] - Epoch[88]	Best acc on Val : 0.8582 at epoch 54
[2026-05-09 15:40:53,729 INFO][traineradasmoothlossprojlogit.py:572 - train] - ====================
[2026-05-09 15:40:53,729 INFO][traineradasmoothlossprojlogit.py:573 - train] -  Start epoch 89
[2026-05-09 15:40:53,729 INFO][traineradasmoothlossprojlogit.py:574 - train] - ====================
[2026-05-09 15:40:59,890 INFO][traineradasmoothlossprojlogit.py:300 - log_iter_info] - Train Iter[100/351][89]	{"data_time": 0.00025, "batch_time": 0.05301, "loss": 0.59751, "acc": 0.85156, "mean_diffs": 5.874}
[2026-05-09 15:41:05,193 INFO][traineradasmoothlossprojlogit.py:300 - log_iter_info] - Train Iter[200/351][89]	{"data_time": 0.00026, "batch_time": 0.05319, "loss": 0.51106, "acc": 0.89844, "mean_diffs": 5.70822}
[2026-05-09 15:41:10,509 INFO][traineradasmoothlossprojlogit.py:300 - log_iter_info] - Train Iter[300/351][89]	{"data_time": 0.00025, "batch_time": 0.05299, "loss": 0.42217, "acc": 0.90625, "mean_diffs": 6.00436}
[2026-05-09 15:41:13,327 INFO][traineradasmoothlossprojlogit.py:319 - log_epoch_info] - Train Epoch[89]	{"samples": 44928, "lr": 0.1, "loss": 0.47903, "acc": 0.88286, "acc_5": 0.99615, "macc": 0.88288, "mean_diffs": 5.83385, "max_diffs": 7.03184, "margin": 3.76814}
[2026-05-09 15:41:14,593 INFO][traineradasmoothlossprojlogit.py:333 - log_eval_epoch_info] - Val Epoch[89]	{"samples": 5000, "loss": 0.7084, "acc": 0.8224, "acc_5": 0.9896, "macc": 0.82291, "nll": 0.54061, "ece": 0.03156, "aece": 0.02754, "cece": 0.02118, "mean_diffs": 5.94188, "max_diffs": 7.19252, "margin": 3.78521}
[2026-05-09 15:41:14,594 INFO][traineradasmoothlossprojlogit.py:336 - log_eval_epoch_info] - 
+---------+---------+---------+---------+
| samples | acc     | acc_5   | macc    |
+---------+---------+---------+---------+
| 5000    | 0.82240 | 0.98960 | 0.82291 |
+---------+---------+---------+---------+
[2026-05-09 15:41:14,594 INFO][traineradasmoothlossprojlogit.py:337 - log_eval_epoch_info] - 
+---------+---------+---------+---------+---------+
| samples | nll     | ece     | aece    | cece    |
+---------+---------+---------+---------+---------+
| 5000    | 0.54061 | 0.03156 | 0.02754 | 0.02118 |
+---------+---------+---------+---------+---------+
[2026-05-09 15:41:14,812 INFO][traineradasmoothlossprojlogit.py:605 - train] - Epoch[89]	Best acc on Val : 0.8582 at epoch 54
[2026-05-09 15:41:14,812 INFO][traineradasmoothlossprojlogit.py:572 - train] - ====================
[2026-05-09 15:41:14,812 INFO][traineradasmoothlossprojlogit.py:573 - train] -  Start epoch 90
[2026-05-09 15:41:14,812 INFO][traineradasmoothlossprojlogit.py:574 - train] - ====================
[2026-05-09 15:41:20,707 INFO][traineradasmoothlossprojlogit.py:300 - log_iter_info] - Train Iter[100/351][90]	{"data_time": 0.00021, "batch_time": 0.05287, "loss": 0.4182, "acc": 0.89844, "mean_diffs": 5.98259}
[2026-05-09 15:41:26,012 INFO][traineradasmoothlossprojlogit.py:300 - log_iter_info] - Train Iter[200/351][90]	{"data_time": 0.00021, "batch_time": 0.05359, "loss": 0.33879, "acc": 0.94531, "mean_diffs": 6.10743}
[2026-05-09 15:41:31,331 INFO][traineradasmoothlossprojlogit.py:300 - log_iter_info] - Train Iter[300/351][90]	{"data_time": 0.00025, "batch_time": 0.0532, "loss": 0.39955, "acc": 0.89062, "mean_diffs": 5.93474}
[2026-05-09 15:41:34,135 INFO][traineradasmoothlossprojlogit.py:319 - log_epoch_info] - Train Epoch[90]	{"samples": 44928, "lr": 0.1, "loss": 0.47257, "acc": 0.88582, "acc_5": 0.9955, "macc": 0.88584, "mean_diffs": 5.83105, "max_diffs": 7.0398, "margin": 3.74894}
[2026-05-09 15:41:35,414 INFO][traineradasmoothlossprojlogit.py:333 - log_eval_epoch_info] - Val Epoch[90]	{"samples": 5000, "loss": 0.72528, "acc": 0.8076, "acc_5": 0.985, "macc": 0.80665, "nll": 0.56995, "ece": 0.02311, "aece": 0.02502, "cece": 0.02442, "mean_diffs": 5.48419, "max_diffs": 6.85773, "margin": 3.25683}
[2026-05-09 15:41:35,414 INFO][traineradasmoothlossprojlogit.py:336 - log_eval_epoch_info] - 
+---------+---------+---------+---------+
| samples | acc     | acc_5   | macc    |
+---------+---------+---------+---------+
| 5000    | 0.80760 | 0.98500 | 0.80665 |
+---------+---------+---------+---------+
[2026-05-09 15:41:35,415 INFO][traineradasmoothlossprojlogit.py:337 - log_eval_epoch_info] - 
+---------+---------+---------+---------+---------+
| samples | nll     | ece     | aece    | cece    |
+---------+---------+---------+---------+---------+
| 5000    | 0.56995 | 0.02311 | 0.02502 | 0.02442 |
+---------+---------+---------+---------+---------+
[2026-05-09 15:41:35,638 INFO][traineradasmoothlossprojlogit.py:605 - train] - Epoch[90]	Best acc on Val : 0.8582 at epoch 54
[2026-05-09 15:41:35,638 INFO][traineradasmoothlossprojlogit.py:572 - train] - ====================
[2026-05-09 15:41:35,638 INFO][traineradasmoothlossprojlogit.py:573 - train] -  Start epoch 91
[2026-05-09 15:41:35,638 INFO][traineradasmoothlossprojlogit.py:574 - train] - ====================
[2026-05-09 15:41:41,522 INFO][traineradasmoothlossprojlogit.py:300 - log_iter_info] - Train Iter[100/351][91]	{"data_time": 0.00025, "batch_time": 0.05294, "loss": 0.43971, "acc": 0.91406, "mean_diffs": 5.54051}
[2026-05-09 15:41:46,817 INFO][traineradasmoothlossprojlogit.py:300 - log_iter_info] - Train Iter[200/351][91]	{"data_time": 0.00021, "batch_time": 0.05294, "loss": 0.54214, "acc": 0.85156, "mean_diffs": 6.00205}
[2026-05-09 15:41:52,123 INFO][traineradasmoothlossprojlogit.py:300 - log_iter_info] - Train Iter[300/351][91]	{"data_time": 0.00024, "batch_time": 0.05286, "loss": 0.51863, "acc": 0.85938, "mean_diffs": 5.75244}
[2026-05-09 15:41:54,925 INFO][traineradasmoothlossprojlogit.py:319 - log_epoch_info] - Train Epoch[91]	{"samples": 44928, "lr": 0.1, "loss": 0.48248, "acc": 0.88214, "acc_5": 0.99573, "macc": 0.88218, "mean_diffs": 5.78966, "max_diffs": 6.98944, "margin": 3.70909}
[2026-05-09 15:41:56,186 INFO][traineradasmoothlossprojlogit.py:333 - log_eval_epoch_info] - Val Epoch[91]	{"samples": 5000, "loss": 0.67186, "acc": 0.8248, "acc_5": 0.9888, "macc": 0.82399, "nll": 0.52815, "ece": 0.01599, "aece": 0.01904, "cece": 0.01954, "mean_diffs": 5.5249, "max_diffs": 6.87245, "margin": 3.3451}
[2026-05-09 15:41:56,187 INFO][traineradasmoothlossprojlogit.py:336 - log_eval_epoch_info] - 
+---------+---------+---------+---------+
| samples | acc     | acc_5   | macc    |
+---------+---------+---------+---------+
| 5000    | 0.82480 | 0.98880 | 0.82399 |
+---------+---------+---------+---------+
[2026-05-09 15:41:56,187 INFO][traineradasmoothlossprojlogit.py:337 - log_eval_epoch_info] - 
+---------+---------+---------+---------+---------+
| samples | nll     | ece     | aece    | cece    |
+---------+---------+---------+---------+---------+
| 5000    | 0.52815 | 0.01599 | 0.01904 | 0.01954 |
+---------+---------+---------+---------+---------+
[2026-05-09 15:41:56,410 INFO][traineradasmoothlossprojlogit.py:605 - train] - Epoch[91]	Best acc on Val : 0.8582 at epoch 54
[2026-05-09 15:41:56,410 INFO][traineradasmoothlossprojlogit.py:572 - train] - ====================
[2026-05-09 15:41:56,410 INFO][traineradasmoothlossprojlogit.py:573 - train] -  Start epoch 92
[2026-05-09 15:41:56,410 INFO][traineradasmoothlossprojlogit.py:574 - train] - ====================
[2026-05-09 15:42:02,308 INFO][traineradasmoothlossprojlogit.py:300 - log_iter_info] - Train Iter[100/351][92]	{"data_time": 0.00025, "batch_time": 0.05305, "loss": 0.54041, "acc": 0.875, "mean_diffs": 5.749}
[2026-05-09 15:42:07,605 INFO][traineradasmoothlossprojlogit.py:300 - log_iter_info] - Train Iter[200/351][92]	{"data_time": 0.00026, "batch_time": 0.05291, "loss": 0.45052, "acc": 0.89062, "mean_diffs": 5.76487}
[2026-05-09 15:42:12,909 INFO][traineradasmoothlossprojlogit.py:300 - log_iter_info] - Train Iter[300/351][92]	{"data_time": 0.00027, "batch_time": 0.05379, "loss": 0.42544, "acc": 0.92188, "mean_diffs": 5.85482}
[2026-05-09 15:42:15,715 INFO][traineradasmoothlossprojlogit.py:319 - log_epoch_info] - Train Epoch[92]	{"samples": 44928, "lr": 0.1, "loss": 0.47192, "acc": 0.88357, "acc_5": 0.99553, "macc": 0.88357, "mean_diffs": 5.8263, "max_diffs": 7.02072, "margin": 3.75788}
[2026-05-09 15:42:16,985 INFO][traineradasmoothlossprojlogit.py:333 - log_eval_epoch_info] - Val Epoch[92]	{"samples": 5000, "loss": 0.99726, "acc": 0.7268, "acc_5": 0.9742, "macc": 0.72695, "nll": 0.8351, "ece": 0.07709, "aece": 0.07726, "cece": 0.03558, "mean_diffs": 5.54701, "max_diffs": 6.97539, "margin": 3.26606}
[2026-05-09 15:42:16,985 INFO][traineradasmoothlossprojlogit.py:336 - log_eval_epoch_info] - 
+---------+---------+---------+---------+
| samples | acc     | acc_5   | macc    |
+---------+---------+---------+---------+
| 5000    | 0.72680 | 0.97420 | 0.72695 |
+---------+---------+---------+---------+
[2026-05-09 15:42:16,985 INFO][traineradasmoothlossprojlogit.py:337 - log_eval_epoch_info] - 
+---------+---------+---------+---------+---------+
| samples | nll     | ece     | aece    | cece    |
+---------+---------+---------+---------+---------+
| 5000    | 0.83510 | 0.07709 | 0.07726 | 0.03558 |
+---------+---------+---------+---------+---------+
[2026-05-09 15:42:17,207 INFO][traineradasmoothlossprojlogit.py:605 - train] - Epoch[92]	Best acc on Val : 0.8582 at epoch 54
[2026-05-09 15:42:17,207 INFO][traineradasmoothlossprojlogit.py:572 - train] - ====================
[2026-05-09 15:42:17,207 INFO][traineradasmoothlossprojlogit.py:573 - train] -  Start epoch 93
[2026-05-09 15:42:17,207 INFO][traineradasmoothlossprojlogit.py:574 - train] - ====================
[2026-05-09 15:42:23,384 INFO][traineradasmoothlossprojlogit.py:300 - log_iter_info] - Train Iter[100/351][93]	{"data_time": 0.00025, "batch_time": 0.05307, "loss": 0.44169, "acc": 0.89844, "mean_diffs": 5.68593}
[2026-05-09 15:42:28,684 INFO][traineradasmoothlossprojlogit.py:300 - log_iter_info] - Train Iter[200/351][93]	{"data_time": 0.00021, "batch_time": 0.05295, "loss": 0.58322, "acc": 0.84375, "mean_diffs": 5.70926}
[2026-05-09 15:42:33,998 INFO][traineradasmoothlossprojlogit.py:300 - log_iter_info] - Train Iter[300/351][93]	{"data_time": 0.0002, "batch_time": 0.05369, "loss": 0.55772, "acc": 0.85938, "mean_diffs": 5.63477}
[2026-05-09 15:42:36,808 INFO][traineradasmoothlossprojlogit.py:319 - log_epoch_info] - Train Epoch[93]	{"samples": 44928, "lr": 0.1, "loss": 0.47764, "acc": 0.88388, "acc_5": 0.99535, "macc": 0.8839, "mean_diffs": 5.83676, "max_diffs": 7.04357, "margin": 3.75327}
[2026-05-09 15:42:38,080 INFO][traineradasmoothlossprojlogit.py:333 - log_eval_epoch_info] - Val Epoch[93]	{"samples": 5000, "loss": 0.77029, "acc": 0.795, "acc_5": 0.9866, "macc": 0.79292, "nll": 0.60912, "ece": 0.03107, "aece": 0.03187, "cece": 0.02628, "mean_diffs": 5.45004, "max_diffs": 6.74673, "margin": 3.34039}
[2026-05-09 15:42:38,080 INFO][traineradasmoothlossprojlogit.py:336 - log_eval_epoch_info] - 
+---------+---------+---------+---------+
| samples | acc     | acc_5   | macc    |
+---------+---------+---------+---------+
| 5000    | 0.79500 | 0.98660 | 0.79292 |
+---------+---------+---------+---------+
[2026-05-09 15:42:38,080 INFO][traineradasmoothlossprojlogit.py:337 - log_eval_epoch_info] - 
+---------+---------+---------+---------+---------+
| samples | nll     | ece     | aece    | cece    |
+---------+---------+---------+---------+---------+
| 5000    | 0.60912 | 0.03107 | 0.03187 | 0.02628 |
+---------+---------+---------+---------+---------+
[2026-05-09 15:42:38,303 INFO][traineradasmoothlossprojlogit.py:605 - train] - Epoch[93]	Best acc on Val : 0.8582 at epoch 54
[2026-05-09 15:42:38,303 INFO][traineradasmoothlossprojlogit.py:572 - train] - ====================
[2026-05-09 15:42:38,303 INFO][traineradasmoothlossprojlogit.py:573 - train] -  Start epoch 94
[2026-05-09 15:42:38,303 INFO][traineradasmoothlossprojlogit.py:574 - train] - ====================
[2026-05-09 15:42:44,219 INFO][traineradasmoothlossprojlogit.py:300 - log_iter_info] - Train Iter[100/351][94]	{"data_time": 0.00038, "batch_time": 0.05302, "loss": 0.59231, "acc": 0.85156, "mean_diffs": 5.69361}
[2026-05-09 15:42:49,520 INFO][traineradasmoothlossprojlogit.py:300 - log_iter_info] - Train Iter[200/351][94]	{"data_time": 0.0002, "batch_time": 0.05296, "loss": 0.45155, "acc": 0.88281, "mean_diffs": 5.80563}
[2026-05-09 15:42:54,826 INFO][traineradasmoothlossprojlogit.py:300 - log_iter_info] - Train Iter[300/351][94]	{"data_time": 0.0002, "batch_time": 0.05344, "loss": 0.52516, "acc": 0.85938, "mean_diffs": 5.70854}
[2026-05-09 15:42:57,641 INFO][traineradasmoothlossprojlogit.py:319 - log_epoch_info] - Train Epoch[94]	{"samples": 44928, "lr": 0.1, "loss": 0.47394, "acc": 0.88433, "acc_5": 0.99657, "macc": 0.88432, "mean_diffs": 5.82654, "max_diffs": 7.05588, "margin": 3.73849}
[2026-05-09 15:42:58,895 INFO][traineradasmoothlossprojlogit.py:333 - log_eval_epoch_info] - Val Epoch[94]	{"samples": 5000, "loss": 0.63159, "acc": 0.8448, "acc_5": 0.9902, "macc": 0.84589, "nll": 0.4734, "ece": 0.01319, "aece": 0.01421, "cece": 0.01686, "mean_diffs": 5.87026, "max_diffs": 7.13737, "margin": 3.71926}
[2026-05-09 15:42:58,896 INFO][traineradasmoothlossprojlogit.py:336 - log_eval_epoch_info] - 
+---------+---------+---------+---------+
| samples | acc     | acc_5   | macc    |
+---------+---------+---------+---------+
| 5000    | 0.84480 | 0.99020 | 0.84589 |
+---------+---------+---------+---------+
[2026-05-09 15:42:58,896 INFO][traineradasmoothlossprojlogit.py:337 - log_eval_epoch_info] - 
+---------+---------+---------+---------+---------+
| samples | nll     | ece     | aece    | cece    |
+---------+---------+---------+---------+---------+
| 5000    | 0.47340 | 0.01319 | 0.01421 | 0.01686 |
+---------+---------+---------+---------+---------+
[2026-05-09 15:42:59,115 INFO][traineradasmoothlossprojlogit.py:605 - train] - Epoch[94]	Best acc on Val : 0.8582 at epoch 54
[2026-05-09 15:42:59,115 INFO][traineradasmoothlossprojlogit.py:572 - train] - ====================
[2026-05-09 15:42:59,115 INFO][traineradasmoothlossprojlogit.py:573 - train] -  Start epoch 95
[2026-05-09 15:42:59,115 INFO][traineradasmoothlossprojlogit.py:574 - train] - ====================
[2026-05-09 15:43:04,987 INFO][traineradasmoothlossprojlogit.py:300 - log_iter_info] - Train Iter[100/351][95]	{"data_time": 0.00025, "batch_time": 0.0529, "loss": 0.46819, "acc": 0.88281, "mean_diffs": 5.78204}
[2026-05-09 15:43:10,280 INFO][traineradasmoothlossprojlogit.py:300 - log_iter_info] - Train Iter[200/351][95]	{"data_time": 0.00025, "batch_time": 0.05299, "loss": 0.47235, "acc": 0.875, "mean_diffs": 5.96974}
[2026-05-09 15:43:15,580 INFO][traineradasmoothlossprojlogit.py:300 - log_iter_info] - Train Iter[300/351][95]	{"data_time": 0.00026, "batch_time": 0.05341, "loss": 0.54905, "acc": 0.85156, "mean_diffs": 5.55776}
[2026-05-09 15:43:18,388 INFO][traineradasmoothlossprojlogit.py:319 - log_epoch_info] - Train Epoch[95]	{"samples": 44928, "lr": 0.1, "loss": 0.47724, "acc": 0.88328, "acc_5": 0.99575, "macc": 0.88331, "mean_diffs": 5.8425, "max_diffs": 7.04721, "margin": 3.73668}
[2026-05-09 15:43:19,686 INFO][traineradasmoothlossprojlogit.py:333 - log_eval_epoch_info] - Val Epoch[95]	{"samples": 5000, "loss": 0.63555, "acc": 0.8576, "acc_5": 0.9928, "macc": 0.85765, "nll": 0.45071, "ece": 0.02132, "aece": 0.01945, "cece": 0.01698, "mean_diffs": 5.71336, "max_diffs": 6.95429, "margin": 3.66456}
[2026-05-09 15:43:19,687 INFO][traineradasmoothlossprojlogit.py:336 - log_eval_epoch_info] - 
+---------+---------+---------+---------+
| samples | acc     | acc_5   | macc    |
+---------+---------+---------+---------+
| 5000    | 0.85760 | 0.99280 | 0.85765 |
+---------+---------+---------+---------+
[2026-05-09 15:43:19,687 INFO][traineradasmoothlossprojlogit.py:337 - log_eval_epoch_info] - 
+---------+---------+---------+---------+---------+
| samples | nll     | ece     | aece    | cece    |
+---------+---------+---------+---------+---------+
| 5000    | 0.45071 | 0.02132 | 0.01945 | 0.01698 |
+---------+---------+---------+---------+---------+
[2026-05-09 15:43:19,905 INFO][traineradasmoothlossprojlogit.py:605 - train] - Epoch[95]	Best acc on Val : 0.8582 at epoch 54
[2026-05-09 15:43:19,905 INFO][traineradasmoothlossprojlogit.py:572 - train] - ====================
[2026-05-09 15:43:19,905 INFO][traineradasmoothlossprojlogit.py:573 - train] -  Start epoch 96
[2026-05-09 15:43:19,905 INFO][traineradasmoothlossprojlogit.py:574 - train] - ====================
[2026-05-09 15:43:25,803 INFO][traineradasmoothlossprojlogit.py:300 - log_iter_info] - Train Iter[100/351][96]	{"data_time": 0.0002, "batch_time": 0.05268, "loss": 0.42354, "acc": 0.91406, "mean_diffs": 5.74623}
[2026-05-09 15:43:31,101 INFO][traineradasmoothlossprojlogit.py:300 - log_iter_info] - Train Iter[200/351][96]	{"data_time": 0.00021, "batch_time": 0.05265, "loss": 0.51129, "acc": 0.85938, "mean_diffs": 5.80856}
[2026-05-09 15:43:36,398 INFO][traineradasmoothlossprojlogit.py:300 - log_iter_info] - Train Iter[300/351][96]	{"data_time": 0.00018, "batch_time": 0.05346, "loss": 0.57267, "acc": 0.85938, "mean_diffs": 5.90785}
[2026-05-09 15:43:39,211 INFO][traineradasmoothlossprojlogit.py:319 - log_epoch_info] - Train Epoch[96]	{"samples": 44928, "lr": 0.1, "loss": 0.47214, "acc": 0.88653, "acc_5": 0.99599, "macc": 0.88655, "mean_diffs": 5.85188, "max_diffs": 7.07473, "margin": 3.76629}
[2026-05-09 15:43:40,494 INFO][traineradasmoothlossprojlogit.py:333 - log_eval_epoch_info] - Val Epoch[96]	{"samples": 5000, "loss": 0.64887, "acc": 0.84, "acc_5": 0.99, "macc": 0.83942, "nll": 0.49574, "ece": 0.011, "aece": 0.01026, "cece": 0.01663, "mean_diffs": 5.54466, "max_diffs": 6.85089, "margin": 3.46317}
[2026-05-09 15:43:40,494 INFO][traineradasmoothlossprojlogit.py:336 - log_eval_epoch_info] - 
+---------+---------+---------+---------+
| samples | acc     | acc_5   | macc    |
+---------+---------+---------+---------+
| 5000    | 0.84000 | 0.99000 | 0.83942 |
+---------+---------+---------+---------+
[2026-05-09 15:43:40,494 INFO][traineradasmoothlossprojlogit.py:337 - log_eval_epoch_info] - 
+---------+---------+---------+---------+---------+
| samples | nll     | ece     | aece    | cece    |
+---------+---------+---------+---------+---------+
| 5000    | 0.49574 | 0.01100 | 0.01026 | 0.01663 |
+---------+---------+---------+---------+---------+
[2026-05-09 15:43:40,720 INFO][traineradasmoothlossprojlogit.py:605 - train] - Epoch[96]	Best acc on Val : 0.8582 at epoch 54
[2026-05-09 15:43:40,721 INFO][traineradasmoothlossprojlogit.py:572 - train] - ====================
[2026-05-09 15:43:40,721 INFO][traineradasmoothlossprojlogit.py:573 - train] -  Start epoch 97
[2026-05-09 15:43:40,721 INFO][traineradasmoothlossprojlogit.py:574 - train] - ====================
[2026-05-09 15:43:46,918 INFO][traineradasmoothlossprojlogit.py:300 - log_iter_info] - Train Iter[100/351][97]	{"data_time": 0.00026, "batch_time": 0.05284, "loss": 0.5427, "acc": 0.85938, "mean_diffs": 5.53774}
[2026-05-09 15:43:52,220 INFO][traineradasmoothlossprojlogit.py:300 - log_iter_info] - Train Iter[200/351][97]	{"data_time": 0.00021, "batch_time": 0.05292, "loss": 0.50251, "acc": 0.89062, "mean_diffs": 5.80566}
[2026-05-09 15:43:57,523 INFO][traineradasmoothlossprojlogit.py:300 - log_iter_info] - Train Iter[300/351][97]	{"data_time": 0.00026, "batch_time": 0.05373, "loss": 0.46532, "acc": 0.85938, "mean_diffs": 5.75714}
[2026-05-09 15:44:00,339 INFO][traineradasmoothlossprojlogit.py:319 - log_epoch_info] - Train Epoch[97]	{"samples": 44928, "lr": 0.1, "loss": 0.47668, "acc": 0.88346, "acc_5": 0.99604, "macc": 0.88349, "mean_diffs": 5.85718, "max_diffs": 7.07143, "margin": 3.77663}
[2026-05-09 15:44:01,594 INFO][traineradasmoothlossprojlogit.py:333 - log_eval_epoch_info] - Val Epoch[97]	{"samples": 5000, "loss": 0.62578, "acc": 0.8412, "acc_5": 0.992, "macc": 0.84107, "nll": 0.4667, "ece": 0.01825, "aece": 0.01445, "cece": 0.01526, "mean_diffs": 5.73578, "max_diffs": 7.01422, "margin": 3.64524}
[2026-05-09 15:44:01,594 INFO][traineradasmoothlossprojlogit.py:336 - log_eval_epoch_info] - 
+---------+---------+---------+---------+
| samples | acc     | acc_5   | macc    |
+---------+---------+---------+---------+
| 5000    | 0.84120 | 0.99200 | 0.84107 |
+---------+---------+---------+---------+
[2026-05-09 15:44:01,595 INFO][traineradasmoothlossprojlogit.py:337 - log_eval_epoch_info] - 
+---------+---------+---------+---------+---------+
| samples | nll     | ece     | aece    | cece    |
+---------+---------+---------+---------+---------+
| 5000    | 0.46670 | 0.01825 | 0.01445 | 0.01526 |
+---------+---------+---------+---------+---------+
[2026-05-09 15:44:01,815 INFO][traineradasmoothlossprojlogit.py:605 - train] - Epoch[97]	Best acc on Val : 0.8582 at epoch 54
[2026-05-09 15:44:01,815 INFO][traineradasmoothlossprojlogit.py:572 - train] - ====================
[2026-05-09 15:44:01,815 INFO][traineradasmoothlossprojlogit.py:573 - train] -  Start epoch 98
[2026-05-09 15:44:01,815 INFO][traineradasmoothlossprojlogit.py:574 - train] - ====================
[2026-05-09 15:44:07,706 INFO][traineradasmoothlossprojlogit.py:300 - log_iter_info] - Train Iter[100/351][98]	{"data_time": 0.00024, "batch_time": 0.05301, "loss": 0.435, "acc": 0.91406, "mean_diffs": 6.10411}
[2026-05-09 15:44:13,001 INFO][traineradasmoothlossprojlogit.py:300 - log_iter_info] - Train Iter[200/351][98]	{"data_time": 0.00027, "batch_time": 0.05348, "loss": 0.45537, "acc": 0.90625, "mean_diffs": 6.05281}
[2026-05-09 15:44:18,297 INFO][traineradasmoothlossprojlogit.py:300 - log_iter_info] - Train Iter[300/351][98]	{"data_time": 0.00019, "batch_time": 0.0528, "loss": 0.50379, "acc": 0.89062, "mean_diffs": 5.21782}
[2026-05-09 15:44:21,105 INFO][traineradasmoothlossprojlogit.py:319 - log_epoch_info] - Train Epoch[98]	{"samples": 44928, "lr": 0.1, "loss": 0.47273, "acc": 0.88568, "acc_5": 0.99642, "macc": 0.88571, "mean_diffs": 5.82152, "max_diffs": 7.02184, "margin": 3.77012}
[2026-05-09 15:44:22,357 INFO][traineradasmoothlossprojlogit.py:333 - log_eval_epoch_info] - Val Epoch[98]	{"samples": 5000, "loss": 0.84532, "acc": 0.798, "acc_5": 0.9804, "macc": 0.79896, "nll": 0.65758, "ece": 0.05372, "aece": 0.05304, "cece": 0.02641, "mean_diffs": 5.95769, "max_diffs": 7.3332, "margin": 3.76261}
[2026-05-09 15:44:22,357 INFO][traineradasmoothlossprojlogit.py:336 - log_eval_epoch_info] - 
+---------+---------+---------+---------+
| samples | acc     | acc_5   | macc    |
+---------+---------+---------+---------+
| 5000    | 0.79800 | 0.98040 | 0.79896 |
+---------+---------+---------+---------+
[2026-05-09 15:44:22,357 INFO][traineradasmoothlossprojlogit.py:337 - log_eval_epoch_info] - 
+---------+---------+---------+---------+---------+
| samples | nll     | ece     | aece    | cece    |
+---------+---------+---------+---------+---------+
| 5000    | 0.65758 | 0.05372 | 0.05304 | 0.02641 |
+---------+---------+---------+---------+---------+
[2026-05-09 15:44:22,575 INFO][traineradasmoothlossprojlogit.py:605 - train] - Epoch[98]	Best acc on Val : 0.8582 at epoch 54
[2026-05-09 15:44:22,576 INFO][traineradasmoothlossprojlogit.py:572 - train] - ====================
[2026-05-09 15:44:22,576 INFO][traineradasmoothlossprojlogit.py:573 - train] -  Start epoch 99
[2026-05-09 15:44:22,576 INFO][traineradasmoothlossprojlogit.py:574 - train] - ====================
[2026-05-09 15:44:28,454 INFO][traineradasmoothlossprojlogit.py:300 - log_iter_info] - Train Iter[100/351][99]	{"data_time": 0.00025, "batch_time": 0.05295, "loss": 0.57819, "acc": 0.85938, "mean_diffs": 5.77041}
[2026-05-09 15:44:33,748 INFO][traineradasmoothlossprojlogit.py:300 - log_iter_info] - Train Iter[200/351][99]	{"data_time": 0.0002, "batch_time": 0.05285, "loss": 0.47901, "acc": 0.875, "mean_diffs": 5.80957}
[2026-05-09 15:44:39,050 INFO][traineradasmoothlossprojlogit.py:300 - log_iter_info] - Train Iter[300/351][99]	{"data_time": 0.00018, "batch_time": 0.05273, "loss": 0.57865, "acc": 0.85156, "mean_diffs": 5.64537}
[2026-05-09 15:44:41,866 INFO][traineradasmoothlossprojlogit.py:319 - log_epoch_info] - Train Epoch[99]	{"samples": 44928, "lr": 0.1, "loss": 0.47153, "acc": 0.88593, "acc_5": 0.99584, "macc": 0.88594, "mean_diffs": 5.84658, "max_diffs": 7.04322, "margin": 3.76829}
[2026-05-09 15:44:43,140 INFO][traineradasmoothlossprojlogit.py:333 - log_eval_epoch_info] - Val Epoch[99]	{"samples": 5000, "loss": 0.71458, "acc": 0.8306, "acc_5": 0.9894, "macc": 0.83012, "nll": 0.51441, "ece": 0.01512, "aece": 0.01796, "cece": 0.01875, "mean_diffs": 5.86948, "max_diffs": 7.17036, "margin": 3.81869}
[2026-05-09 15:44:43,140 INFO][traineradasmoothlossprojlogit.py:336 - log_eval_epoch_info] - 
+---------+---------+---------+---------+
| samples | acc     | acc_5   | macc    |
+---------+---------+---------+---------+
| 5000    | 0.83060 | 0.98940 | 0.83012 |
+---------+---------+---------+---------+
[2026-05-09 15:44:43,140 INFO][traineradasmoothlossprojlogit.py:337 - log_eval_epoch_info] - 
+---------+---------+---------+---------+---------+
| samples | nll     | ece     | aece    | cece    |
+---------+---------+---------+---------+---------+
| 5000    | 0.51441 | 0.01512 | 0.01796 | 0.01875 |
+---------+---------+---------+---------+---------+
[2026-05-09 15:44:43,362 INFO][traineradasmoothlossprojlogit.py:605 - train] - Epoch[99]	Best acc on Val : 0.8582 at epoch 54
[2026-05-09 15:44:43,362 INFO][traineradasmoothlossprojlogit.py:572 - train] - ====================
[2026-05-09 15:44:43,362 INFO][traineradasmoothlossprojlogit.py:573 - train] -  Start epoch 100
[2026-05-09 15:44:43,362 INFO][traineradasmoothlossprojlogit.py:574 - train] - ====================
[2026-05-09 15:44:49,272 INFO][traineradasmoothlossprojlogit.py:300 - log_iter_info] - Train Iter[100/351][100]	{"data_time": 0.00021, "batch_time": 0.05303, "loss": 0.57037, "acc": 0.85938, "mean_diffs": 5.87864}
[2026-05-09 15:44:54,567 INFO][traineradasmoothlossprojlogit.py:300 - log_iter_info] - Train Iter[200/351][100]	{"data_time": 0.00026, "batch_time": 0.0531, "loss": 0.53877, "acc": 0.875, "mean_diffs": 5.74843}
[2026-05-09 15:44:59,876 INFO][traineradasmoothlossprojlogit.py:300 - log_iter_info] - Train Iter[300/351][100]	{"data_time": 0.00019, "batch_time": 0.05398, "loss": 0.46658, "acc": 0.88281, "mean_diffs": 5.88477}
[2026-05-09 15:45:02,691 INFO][traineradasmoothlossprojlogit.py:319 - log_epoch_info] - Train Epoch[100]	{"samples": 44928, "lr": 0.1, "loss": 0.47839, "acc": 0.88257, "acc_5": 0.99526, "macc": 0.88258, "mean_diffs": 5.84109, "max_diffs": 7.04947, "margin": 3.73871}
[2026-05-09 15:45:03,972 INFO][traineradasmoothlossprojlogit.py:333 - log_eval_epoch_info] - Val Epoch[100]	{"samples": 5000, "loss": 0.59408, "acc": 0.8546, "acc_5": 0.9912, "macc": 0.8534, "nll": 0.44047, "ece": 0.01655, "aece": 0.01243, "cece": 0.01736, "mean_diffs": 5.80596, "max_diffs": 7.14929, "margin": 3.69952}
[2026-05-09 15:45:03,972 INFO][traineradasmoothlossprojlogit.py:336 - log_eval_epoch_info] - 
+---------+---------+---------+---------+
| samples | acc     | acc_5   | macc    |
+---------+---------+---------+---------+
| 5000    | 0.85460 | 0.99120 | 0.85340 |
+---------+---------+---------+---------+
[2026-05-09 15:45:03,973 INFO][traineradasmoothlossprojlogit.py:337 - log_eval_epoch_info] - 
+---------+---------+---------+---------+---------+
| samples | nll     | ece     | aece    | cece    |
+---------+---------+---------+---------+---------+
| 5000    | 0.44047 | 0.01655 | 0.01243 | 0.01736 |
+---------+---------+---------+---------+---------+
[2026-05-09 15:45:04,193 INFO][traineradasmoothlossprojlogit.py:605 - train] - Epoch[100]	Best acc on Val : 0.8582 at epoch 54
[2026-05-09 15:45:04,193 INFO][traineradasmoothlossprojlogit.py:572 - train] - ====================
[2026-05-09 15:45:04,193 INFO][traineradasmoothlossprojlogit.py:573 - train] -  Start epoch 101
[2026-05-09 15:45:04,193 INFO][traineradasmoothlossprojlogit.py:574 - train] - ====================
[2026-05-09 15:45:10,382 INFO][traineradasmoothlossprojlogit.py:300 - log_iter_info] - Train Iter[100/351][101]	{"data_time": 0.00019, "batch_time": 0.05288, "loss": 0.44238, "acc": 0.92188, "mean_diffs": 6.18565}
[2026-05-09 15:45:15,682 INFO][traineradasmoothlossprojlogit.py:300 - log_iter_info] - Train Iter[200/351][101]	{"data_time": 0.00027, "batch_time": 0.05281, "loss": 0.37423, "acc": 0.91406, "mean_diffs": 6.09682}
[2026-05-09 15:45:20,995 INFO][traineradasmoothlossprojlogit.py:300 - log_iter_info] - Train Iter[300/351][101]	{"data_time": 0.0002, "batch_time": 0.05352, "loss": 0.44861, "acc": 0.89844, "mean_diffs": 6.01177}
[2026-05-09 15:45:23,830 INFO][traineradasmoothlossprojlogit.py:319 - log_epoch_info] - Train Epoch[101]	{"samples": 44928, "lr": 0.1, "loss": 0.4709, "acc": 0.88626, "acc_5": 0.99577, "macc": 0.88629, "mean_diffs": 5.85791, "max_diffs": 7.06251, "margin": 3.77865}
[2026-05-09 15:45:25,104 INFO][traineradasmoothlossprojlogit.py:333 - log_eval_epoch_info] - Val Epoch[101]	{"samples": 5000, "loss": 0.799, "acc": 0.7782, "acc_5": 0.9876, "macc": 0.77751, "nll": 0.68613, "ece": 0.0597, "aece": 0.05861, "cece": 0.03174, "mean_diffs": 5.55848, "max_diffs": 6.92423, "margin": 3.43471}
[2026-05-09 15:45:25,104 INFO][traineradasmoothlossprojlogit.py:336 - log_eval_epoch_info] - 
+---------+---------+---------+---------+
| samples | acc     | acc_5   | macc    |
+---------+---------+---------+---------+
| 5000    | 0.77820 | 0.98760 | 0.77751 |
+---------+---------+---------+---------+
[2026-05-09 15:45:25,104 INFO][traineradasmoothlossprojlogit.py:337 - log_eval_epoch_info] - 
+---------+---------+---------+---------+---------+
| samples | nll     | ece     | aece    | cece    |
+---------+---------+---------+---------+---------+
| 5000    | 0.68613 | 0.05970 | 0.05861 | 0.03174 |
+---------+---------+---------+---------+---------+
[2026-05-09 15:45:25,323 INFO][traineradasmoothlossprojlogit.py:605 - train] - Epoch[101]	Best acc on Val : 0.8582 at epoch 54
[2026-05-09 15:45:25,323 INFO][traineradasmoothlossprojlogit.py:572 - train] - ====================
[2026-05-09 15:45:25,323 INFO][traineradasmoothlossprojlogit.py:573 - train] -  Start epoch 102
[2026-05-09 15:45:25,323 INFO][traineradasmoothlossprojlogit.py:574 - train] - ====================
[2026-05-09 15:45:31,221 INFO][traineradasmoothlossprojlogit.py:300 - log_iter_info] - Train Iter[100/351][102]	{"data_time": 0.0004, "batch_time": 0.05307, "loss": 0.53901, "acc": 0.85938, "mean_diffs": 5.67315}
[2026-05-09 15:45:36,521 INFO][traineradasmoothlossprojlogit.py:300 - log_iter_info] - Train Iter[200/351][102]	{"data_time": 0.00023, "batch_time": 0.05303, "loss": 0.38337, "acc": 0.89844, "mean_diffs": 6.19582}
[2026-05-09 15:45:41,825 INFO][traineradasmoothlossprojlogit.py:300 - log_iter_info] - Train Iter[300/351][102]	{"data_time": 0.00025, "batch_time": 0.05329, "loss": 0.42111, "acc": 0.88281, "mean_diffs": 6.08716}
[2026-05-09 15:45:44,647 INFO][traineradasmoothlossprojlogit.py:319 - log_epoch_info] - Train Epoch[102]	{"samples": 44928, "lr": 0.1, "loss": 0.47698, "acc": 0.88477, "acc_5": 0.99577, "macc": 0.8848, "mean_diffs": 5.82145, "max_diffs": 7.02832, "margin": 3.73453}
[2026-05-09 15:45:45,937 INFO][traineradasmoothlossprojlogit.py:333 - log_eval_epoch_info] - Val Epoch[102]	{"samples": 5000, "loss": 0.74078, "acc": 0.7992, "acc_5": 0.9862, "macc": 0.79869, "nll": 0.61083, "ece": 0.01998, "aece": 0.02015, "cece": 0.02314, "mean_diffs": 5.36873, "max_diffs": 6.72948, "margin": 3.12298}
[2026-05-09 15:45:45,937 INFO][traineradasmoothlossprojlogit.py:336 - log_eval_epoch_info] - 
+---------+---------+---------+---------+
| samples | acc     | acc_5   | macc    |
+---------+---------+---------+---------+
| 5000    | 0.79920 | 0.98620 | 0.79869 |
+---------+---------+---------+---------+
[2026-05-09 15:45:45,937 INFO][traineradasmoothlossprojlogit.py:337 - log_eval_epoch_info] - 
+---------+---------+---------+---------+---------+
| samples | nll     | ece     | aece    | cece    |
+---------+---------+---------+---------+---------+
| 5000    | 0.61083 | 0.01998 | 0.02015 | 0.02314 |
+---------+---------+---------+---------+---------+
[2026-05-09 15:45:46,156 INFO][traineradasmoothlossprojlogit.py:605 - train] - Epoch[102]	Best acc on Val : 0.8582 at epoch 54
[2026-05-09 15:45:46,157 INFO][traineradasmoothlossprojlogit.py:572 - train] - ====================
[2026-05-09 15:45:46,157 INFO][traineradasmoothlossprojlogit.py:573 - train] -  Start epoch 103
[2026-05-09 15:45:46,157 INFO][traineradasmoothlossprojlogit.py:574 - train] - ====================
[2026-05-09 15:45:52,080 INFO][traineradasmoothlossprojlogit.py:300 - log_iter_info] - Train Iter[100/351][103]	{"data_time": 0.00021, "batch_time": 0.05274, "loss": 0.4514, "acc": 0.90625, "mean_diffs": 5.91098}
[2026-05-09 15:45:57,380 INFO][traineradasmoothlossprojlogit.py:300 - log_iter_info] - Train Iter[200/351][103]	{"data_time": 0.00022, "batch_time": 0.05299, "loss": 0.4202, "acc": 0.90625, "mean_diffs": 5.85895}
[2026-05-09 15:46:02,683 INFO][traineradasmoothlossprojlogit.py:300 - log_iter_info] - Train Iter[300/351][103]	{"data_time": 0.0002, "batch_time": 0.05329, "loss": 0.42596, "acc": 0.90625, "mean_diffs": 5.71324}
[2026-05-09 15:46:05,506 INFO][traineradasmoothlossprojlogit.py:319 - log_epoch_info] - Train Epoch[103]	{"samples": 44928, "lr": 0.1, "loss": 0.47785, "acc": 0.88232, "acc_5": 0.99595, "macc": 0.88234, "mean_diffs": 5.83529, "max_diffs": 7.054, "margin": 3.74203}
[2026-05-09 15:46:06,804 INFO][traineradasmoothlossprojlogit.py:333 - log_eval_epoch_info] - Val Epoch[103]	{"samples": 5000, "loss": 0.76408, "acc": 0.795, "acc_5": 0.9816, "macc": 0.79538, "nll": 0.61762, "ece": 0.02374, "aece": 0.02454, "cece": 0.02234, "mean_diffs": 5.43784, "max_diffs": 6.76188, "margin": 3.30345}
[2026-05-09 15:46:06,805 INFO][traineradasmoothlossprojlogit.py:336 - log_eval_epoch_info] - 
+---------+---------+---------+---------+
| samples | acc     | acc_5   | macc    |
+---------+---------+---------+---------+
| 5000    | 0.79500 | 0.98160 | 0.79538 |
+---------+---------+---------+---------+
[2026-05-09 15:46:06,805 INFO][traineradasmoothlossprojlogit.py:337 - log_eval_epoch_info] - 
+---------+---------+---------+---------+---------+
| samples | nll     | ece     | aece    | cece    |
+---------+---------+---------+---------+---------+
| 5000    | 0.61762 | 0.02374 | 0.02454 | 0.02234 |
+---------+---------+---------+---------+---------+
[2026-05-09 15:46:07,024 INFO][traineradasmoothlossprojlogit.py:605 - train] - Epoch[103]	Best acc on Val : 0.8582 at epoch 54
[2026-05-09 15:46:07,025 INFO][traineradasmoothlossprojlogit.py:572 - train] - ====================
[2026-05-09 15:46:07,025 INFO][traineradasmoothlossprojlogit.py:573 - train] -  Start epoch 104
[2026-05-09 15:46:07,025 INFO][traineradasmoothlossprojlogit.py:574 - train] - ====================
[2026-05-09 15:46:12,873 INFO][traineradasmoothlossprojlogit.py:300 - log_iter_info] - Train Iter[100/351][104]	{"data_time": 0.00025, "batch_time": 0.05282, "loss": 0.33498, "acc": 0.96094, "mean_diffs": 5.88568}
[2026-05-09 15:46:18,163 INFO][traineradasmoothlossprojlogit.py:300 - log_iter_info] - Train Iter[200/351][104]	{"data_time": 0.0002, "batch_time": 0.05273, "loss": 0.58314, "acc": 0.86719, "mean_diffs": 5.85689}
[2026-05-09 15:46:23,446 INFO][traineradasmoothlossprojlogit.py:300 - log_iter_info] - Train Iter[300/351][104]	{"data_time": 0.00017, "batch_time": 0.05254, "loss": 0.39215, "acc": 0.92188, "mean_diffs": 5.75533}
[2026-05-09 15:46:26,267 INFO][traineradasmoothlossprojlogit.py:319 - log_epoch_info] - Train Epoch[104]	{"samples": 44928, "lr": 0.1, "loss": 0.47681, "acc": 0.88375, "acc_5": 0.99579, "macc": 0.88376, "mean_diffs": 5.83902, "max_diffs": 7.02365, "margin": 3.78861}
[2026-05-09 15:46:27,550 INFO][traineradasmoothlossprojlogit.py:333 - log_eval_epoch_info] - Val Epoch[104]	{"samples": 5000, "loss": 0.67732, "acc": 0.8296, "acc_5": 0.9882, "macc": 0.83027, "nll": 0.505, "ece": 0.01631, "aece": 0.01583, "cece": 0.01916, "mean_diffs": 5.74532, "max_diffs": 7.02661, "margin": 3.45108}
[2026-05-09 15:46:27,550 INFO][traineradasmoothlossprojlogit.py:336 - log_eval_epoch_info] - 
+---------+---------+---------+---------+
| samples | acc     | acc_5   | macc    |
+---------+---------+---------+---------+
| 5000    | 0.82960 | 0.98820 | 0.83027 |
+---------+---------+---------+---------+
[2026-05-09 15:46:27,550 INFO][traineradasmoothlossprojlogit.py:337 - log_eval_epoch_info] - 
+---------+---------+---------+---------+---------+
| samples | nll     | ece     | aece    | cece    |
+---------+---------+---------+---------+---------+
| 5000    | 0.50500 | 0.01631 | 0.01583 | 0.01916 |
+---------+---------+---------+---------+---------+
[2026-05-09 15:46:27,776 INFO][traineradasmoothlossprojlogit.py:605 - train] - Epoch[104]	Best acc on Val : 0.8582 at epoch 54
[2026-05-09 15:46:27,776 INFO][traineradasmoothlossprojlogit.py:572 - train] - ====================
[2026-05-09 15:46:27,776 INFO][traineradasmoothlossprojlogit.py:573 - train] -  Start epoch 105
[2026-05-09 15:46:27,776 INFO][traineradasmoothlossprojlogit.py:574 - train] - ====================
[2026-05-09 15:46:33,933 INFO][traineradasmoothlossprojlogit.py:300 - log_iter_info] - Train Iter[100/351][105]	{"data_time": 0.00021, "batch_time": 0.0528, "loss": 0.48454, "acc": 0.90625, "mean_diffs": 6.32648}
[2026-05-09 15:46:39,236 INFO][traineradasmoothlossprojlogit.py:300 - log_iter_info] - Train Iter[200/351][105]	{"data_time": 0.0002, "batch_time": 0.05288, "loss": 0.52065, "acc": 0.86719, "mean_diffs": 5.9079}
[2026-05-09 15:46:44,539 INFO][traineradasmoothlossprojlogit.py:300 - log_iter_info] - Train Iter[300/351][105]	{"data_time": 0.00018, "batch_time": 0.05399, "loss": 0.49447, "acc": 0.88281, "mean_diffs": 5.76661}
[2026-05-09 15:46:47,375 INFO][traineradasmoothlossprojlogit.py:319 - log_epoch_info] - Train Epoch[105]	{"samples": 44928, "lr": 0.1, "loss": 0.48305, "acc": 0.8823, "acc_5": 0.99557, "macc": 0.88232, "mean_diffs": 5.80554, "max_diffs": 6.99341, "margin": 3.72988}
[2026-05-09 15:46:48,635 INFO][traineradasmoothlossprojlogit.py:333 - log_eval_epoch_info] - Val Epoch[105]	{"samples": 5000, "loss": 0.65679, "acc": 0.8414, "acc_5": 0.989, "macc": 0.84192, "nll": 0.48178, "ece": 0.01374, "aece": 0.01326, "cece": 0.01759, "mean_diffs": 5.72854, "max_diffs": 7.07007, "margin": 3.64229}
[2026-05-09 15:46:48,636 INFO][traineradasmoothlossprojlogit.py:336 - log_eval_epoch_info] - 
+---------+---------+---------+---------+
| samples | acc     | acc_5   | macc    |
+---------+---------+---------+---------+
| 5000    | 0.84140 | 0.98900 | 0.84192 |
+---------+---------+---------+---------+
[2026-05-09 15:46:48,636 INFO][traineradasmoothlossprojlogit.py:337 - log_eval_epoch_info] - 
+---------+---------+---------+---------+---------+
| samples | nll     | ece     | aece    | cece    |
+---------+---------+---------+---------+---------+
| 5000    | 0.48178 | 0.01374 | 0.01326 | 0.01759 |
+---------+---------+---------+---------+---------+
[2026-05-09 15:46:48,859 INFO][traineradasmoothlossprojlogit.py:605 - train] - Epoch[105]	Best acc on Val : 0.8582 at epoch 54
[2026-05-09 15:46:48,859 INFO][traineradasmoothlossprojlogit.py:572 - train] - ====================
[2026-05-09 15:46:48,859 INFO][traineradasmoothlossprojlogit.py:573 - train] -  Start epoch 106
[2026-05-09 15:46:48,859 INFO][traineradasmoothlossprojlogit.py:574 - train] - ====================
[2026-05-09 15:46:54,754 INFO][traineradasmoothlossprojlogit.py:300 - log_iter_info] - Train Iter[100/351][106]	{"data_time": 0.0003, "batch_time": 0.05334, "loss": 0.34654, "acc": 0.9375, "mean_diffs": 6.16192}
[2026-05-09 15:47:00,051 INFO][traineradasmoothlossprojlogit.py:300 - log_iter_info] - Train Iter[200/351][106]	{"data_time": 0.00041, "batch_time": 0.05322, "loss": 0.42332, "acc": 0.89844, "mean_diffs": 6.19596}
[2026-05-09 15:47:05,341 INFO][traineradasmoothlossprojlogit.py:300 - log_iter_info] - Train Iter[300/351][106]	{"data_time": 0.00023, "batch_time": 0.0528, "loss": 0.50596, "acc": 0.86719, "mean_diffs": 5.52369}
[2026-05-09 15:47:08,173 INFO][traineradasmoothlossprojlogit.py:319 - log_epoch_info] - Train Epoch[106]	{"samples": 44928, "lr": 0.1, "loss": 0.47301, "acc": 0.88462, "acc_5": 0.99626, "macc": 0.88464, "mean_diffs": 5.82221, "max_diffs": 7.03441, "margin": 3.75012}
[2026-05-09 15:47:09,437 INFO][traineradasmoothlossprojlogit.py:333 - log_eval_epoch_info] - Val Epoch[106]	{"samples": 5000, "loss": 0.69782, "acc": 0.8252, "acc_5": 0.9932, "macc": 0.82634, "nll": 0.51873, "ece": 0.01501, "aece": 0.0131, "cece": 0.02031, "mean_diffs": 5.71631, "max_diffs": 7.1154, "margin": 3.4051}
[2026-05-09 15:47:09,437 INFO][traineradasmoothlossprojlogit.py:336 - log_eval_epoch_info] - 
+---------+---------+---------+---------+
| samples | acc     | acc_5   | macc    |
+---------+---------+---------+---------+
| 5000    | 0.82520 | 0.99320 | 0.82634 |
+---------+---------+---------+---------+
[2026-05-09 15:47:09,437 INFO][traineradasmoothlossprojlogit.py:337 - log_eval_epoch_info] - 
+---------+---------+---------+---------+---------+
| samples | nll     | ece     | aece    | cece    |
+---------+---------+---------+---------+---------+
| 5000    | 0.51873 | 0.01501 | 0.01310 | 0.02031 |
+---------+---------+---------+---------+---------+
[2026-05-09 15:47:09,658 INFO][traineradasmoothlossprojlogit.py:605 - train] - Epoch[106]	Best acc on Val : 0.8582 at epoch 54
[2026-05-09 15:47:09,659 INFO][traineradasmoothlossprojlogit.py:572 - train] - ====================
[2026-05-09 15:47:09,659 INFO][traineradasmoothlossprojlogit.py:573 - train] -  Start epoch 107
[2026-05-09 15:47:09,659 INFO][traineradasmoothlossprojlogit.py:574 - train] - ====================
[2026-05-09 15:47:15,567 INFO][traineradasmoothlossprojlogit.py:300 - log_iter_info] - Train Iter[100/351][107]	{"data_time": 0.0002, "batch_time": 0.05279, "loss": 0.48741, "acc": 0.88281, "mean_diffs": 5.67783}
[2026-05-09 15:47:20,860 INFO][traineradasmoothlossprojlogit.py:300 - log_iter_info] - Train Iter[200/351][107]	{"data_time": 0.0002, "batch_time": 0.05258, "loss": 0.55699, "acc": 0.85938, "mean_diffs": 5.79216}
[2026-05-09 15:47:26,154 INFO][traineradasmoothlossprojlogit.py:300 - log_iter_info] - Train Iter[300/351][107]	{"data_time": 0.00018, "batch_time": 0.05261, "loss": 0.51951, "acc": 0.85156, "mean_diffs": 6.06697}
[2026-05-09 15:47:28,985 INFO][traineradasmoothlossprojlogit.py:319 - log_epoch_info] - Train Epoch[107]	{"samples": 44928, "lr": 0.1, "loss": 0.46964, "acc": 0.88628, "acc_5": 0.99653, "macc": 0.88631, "mean_diffs": 5.82995, "max_diffs": 7.04244, "margin": 3.78303}
[2026-05-09 15:47:30,278 INFO][traineradasmoothlossprojlogit.py:333 - log_eval_epoch_info] - Val Epoch[107]	{"samples": 5000, "loss": 0.90781, "acc": 0.7536, "acc_5": 0.9822, "macc": 0.75278, "nll": 0.7835, "ece": 0.07085, "aece": 0.06897, "cece": 0.03169, "mean_diffs": 5.49334, "max_diffs": 6.74118, "margin": 3.46556}
[2026-05-09 15:47:30,278 INFO][traineradasmoothlossprojlogit.py:336 - log_eval_epoch_info] - 
+---------+---------+---------+---------+
| samples | acc     | acc_5   | macc    |
+---------+---------+---------+---------+
| 5000    | 0.75360 | 0.98220 | 0.75278 |
+---------+---------+---------+---------+
[2026-05-09 15:47:30,278 INFO][traineradasmoothlossprojlogit.py:337 - log_eval_epoch_info] - 
+---------+---------+---------+---------+---------+
| samples | nll     | ece     | aece    | cece    |
+---------+---------+---------+---------+---------+
| 5000    | 0.78350 | 0.07085 | 0.06897 | 0.03169 |
+---------+---------+---------+---------+---------+
[2026-05-09 15:47:30,497 INFO][traineradasmoothlossprojlogit.py:605 - train] - Epoch[107]	Best acc on Val : 0.8582 at epoch 54
[2026-05-09 15:47:30,497 INFO][traineradasmoothlossprojlogit.py:572 - train] - ====================
[2026-05-09 15:47:30,497 INFO][traineradasmoothlossprojlogit.py:573 - train] -  Start epoch 108
[2026-05-09 15:47:30,497 INFO][traineradasmoothlossprojlogit.py:574 - train] - ====================
[2026-05-09 15:47:36,398 INFO][traineradasmoothlossprojlogit.py:300 - log_iter_info] - Train Iter[100/351][108]	{"data_time": 0.0002, "batch_time": 0.05293, "loss": 0.5484, "acc": 0.86719, "mean_diffs": 6.05595}
[2026-05-09 15:47:41,690 INFO][traineradasmoothlossprojlogit.py:300 - log_iter_info] - Train Iter[200/351][108]	{"data_time": 0.0002, "batch_time": 0.05264, "loss": 0.42826, "acc": 0.89062, "mean_diffs": 6.02665}
[2026-05-09 15:47:46,984 INFO][traineradasmoothlossprojlogit.py:300 - log_iter_info] - Train Iter[300/351][108]	{"data_time": 0.00017, "batch_time": 0.05269, "loss": 0.43331, "acc": 0.90625, "mean_diffs": 5.89589}
[2026-05-09 15:47:49,795 INFO][traineradasmoothlossprojlogit.py:319 - log_epoch_info] - Train Epoch[108]	{"samples": 44928, "lr": 0.1, "loss": 0.46957, "acc": 0.88738, "acc_5": 0.99546, "macc": 0.88739, "mean_diffs": 5.85457, "max_diffs": 7.07377, "margin": 3.78872}
[2026-05-09 15:47:51,076 INFO][traineradasmoothlossprojlogit.py:333 - log_eval_epoch_info] - Val Epoch[108]	{"samples": 5000, "loss": 0.74556, "acc": 0.807, "acc_5": 0.9884, "macc": 0.80733, "nll": 0.5673, "ece": 0.02633, "aece": 0.02659, "cece": 0.0255, "mean_diffs": 5.67513, "max_diffs": 7.05198, "margin": 3.43648}
[2026-05-09 15:47:51,076 INFO][traineradasmoothlossprojlogit.py:336 - log_eval_epoch_info] - 
+---------+---------+---------+---------+
| samples | acc     | acc_5   | macc    |
+---------+---------+---------+---------+
| 5000    | 0.80700 | 0.98840 | 0.80733 |
+---------+---------+---------+---------+
[2026-05-09 15:47:51,076 INFO][traineradasmoothlossprojlogit.py:337 - log_eval_epoch_info] - 
+---------+---------+---------+---------+---------+
| samples | nll     | ece     | aece    | cece    |
+---------+---------+---------+---------+---------+
| 5000    | 0.56730 | 0.02633 | 0.02659 | 0.02550 |
+---------+---------+---------+---------+---------+
[2026-05-09 15:47:51,299 INFO][traineradasmoothlossprojlogit.py:605 - train] - Epoch[108]	Best acc on Val : 0.8582 at epoch 54
[2026-05-09 15:47:51,299 INFO][traineradasmoothlossprojlogit.py:572 - train] - ====================
[2026-05-09 15:47:51,300 INFO][traineradasmoothlossprojlogit.py:573 - train] -  Start epoch 109
[2026-05-09 15:47:51,300 INFO][traineradasmoothlossprojlogit.py:574 - train] - ====================
[2026-05-09 15:47:57,466 INFO][traineradasmoothlossprojlogit.py:300 - log_iter_info] - Train Iter[100/351][109]	{"data_time": 0.00021, "batch_time": 0.05257, "loss": 0.4286, "acc": 0.875, "mean_diffs": 5.97342}
[2026-05-09 15:48:02,755 INFO][traineradasmoothlossprojlogit.py:300 - log_iter_info] - Train Iter[200/351][109]	{"data_time": 0.00022, "batch_time": 0.05271, "loss": 0.44432, "acc": 0.90625, "mean_diffs": 5.55312}
[2026-05-09 15:48:08,049 INFO][traineradasmoothlossprojlogit.py:300 - log_iter_info] - Train Iter[300/351][109]	{"data_time": 0.00018, "batch_time": 0.05262, "loss": 0.44939, "acc": 0.875, "mean_diffs": 5.81746}
[2026-05-09 15:48:10,863 INFO][traineradasmoothlossprojlogit.py:319 - log_epoch_info] - Train Epoch[109]	{"samples": 44928, "lr": 0.1, "loss": 0.47037, "acc": 0.88795, "acc_5": 0.99588, "macc": 0.88797, "mean_diffs": 5.82497, "max_diffs": 7.03411, "margin": 3.76674}
[2026-05-09 15:48:12,148 INFO][traineradasmoothlossprojlogit.py:333 - log_eval_epoch_info] - Val Epoch[109]	{"samples": 5000, "loss": 0.71099, "acc": 0.8286, "acc_5": 0.991, "macc": 0.82702, "nll": 0.51745, "ece": 0.02278, "aece": 0.02468, "cece": 0.02188, "mean_diffs": 5.915, "max_diffs": 7.20441, "margin": 3.78071}
[2026-05-09 15:48:12,148 INFO][traineradasmoothlossprojlogit.py:336 - log_eval_epoch_info] - 
+---------+---------+---------+---------+
| samples | acc     | acc_5   | macc    |
+---------+---------+---------+---------+
| 5000    | 0.82860 | 0.99100 | 0.82702 |
+---------+---------+---------+---------+
[2026-05-09 15:48:12,148 INFO][traineradasmoothlossprojlogit.py:337 - log_eval_epoch_info] - 
+---------+---------+---------+---------+---------+
| samples | nll     | ece     | aece    | cece    |
+---------+---------+---------+---------+---------+
| 5000    | 0.51745 | 0.02278 | 0.02468 | 0.02188 |
+---------+---------+---------+---------+---------+
[2026-05-09 15:48:12,370 INFO][traineradasmoothlossprojlogit.py:605 - train] - Epoch[109]	Best acc on Val : 0.8582 at epoch 54
[2026-05-09 15:48:12,371 INFO][traineradasmoothlossprojlogit.py:572 - train] - ====================
[2026-05-09 15:48:12,371 INFO][traineradasmoothlossprojlogit.py:573 - train] -  Start epoch 110
[2026-05-09 15:48:12,371 INFO][traineradasmoothlossprojlogit.py:574 - train] - ====================
[2026-05-09 15:48:18,278 INFO][traineradasmoothlossprojlogit.py:300 - log_iter_info] - Train Iter[100/351][110]	{"data_time": 0.0002, "batch_time": 0.05293, "loss": 0.42388, "acc": 0.90625, "mean_diffs": 5.93802}
[2026-05-09 15:48:23,562 INFO][traineradasmoothlossprojlogit.py:300 - log_iter_info] - Train Iter[200/351][110]	{"data_time": 0.00024, "batch_time": 0.05262, "loss": 0.3441, "acc": 0.9375, "mean_diffs": 5.90704}
[2026-05-09 15:48:28,853 INFO][traineradasmoothlossprojlogit.py:300 - log_iter_info] - Train Iter[300/351][110]	{"data_time": 0.00022, "batch_time": 0.05265, "loss": 0.4841, "acc": 0.89062, "mean_diffs": 6.1874}
[2026-05-09 15:48:31,660 INFO][traineradasmoothlossprojlogit.py:319 - log_epoch_info] - Train Epoch[110]	{"samples": 44928, "lr": 0.1, "loss": 0.47408, "acc": 0.88419, "acc_5": 0.99615, "macc": 0.88423, "mean_diffs": 5.84142, "max_diffs": 7.06879, "margin": 3.76874}
[2026-05-09 15:48:32,973 INFO][traineradasmoothlossprojlogit.py:333 - log_eval_epoch_info] - Val Epoch[110]	{"samples": 5000, "loss": 0.73321, "acc": 0.8288, "acc_5": 0.9854, "macc": 0.82951, "nll": 0.53904, "ece": 0.01323, "aece": 0.01358, "cece": 0.02183, "mean_diffs": 5.79644, "max_diffs": 7.24354, "margin": 3.52542}
[2026-05-09 15:48:32,973 INFO][traineradasmoothlossprojlogit.py:336 - log_eval_epoch_info] - 
+---------+---------+---------+---------+
| samples | acc     | acc_5   | macc    |
+---------+---------+---------+---------+
| 5000    | 0.82880 | 0.98540 | 0.82951 |
+---------+---------+---------+---------+
[2026-05-09 15:48:32,973 INFO][traineradasmoothlossprojlogit.py:337 - log_eval_epoch_info] - 
+---------+---------+---------+---------+---------+
| samples | nll     | ece     | aece    | cece    |
+---------+---------+---------+---------+---------+
| 5000    | 0.53904 | 0.01323 | 0.01358 | 0.02183 |
+---------+---------+---------+---------+---------+
[2026-05-09 15:48:33,194 INFO][traineradasmoothlossprojlogit.py:605 - train] - Epoch[110]	Best acc on Val : 0.8582 at epoch 54
[2026-05-09 15:48:33,194 INFO][traineradasmoothlossprojlogit.py:572 - train] - ====================
[2026-05-09 15:48:33,194 INFO][traineradasmoothlossprojlogit.py:573 - train] -  Start epoch 111
[2026-05-09 15:48:33,194 INFO][traineradasmoothlossprojlogit.py:574 - train] - ====================
[2026-05-09 15:48:39,100 INFO][traineradasmoothlossprojlogit.py:300 - log_iter_info] - Train Iter[100/351][111]	{"data_time": 0.0002, "batch_time": 0.05283, "loss": 0.48801, "acc": 0.92188, "mean_diffs": 5.69985}
[2026-05-09 15:48:44,402 INFO][traineradasmoothlossprojlogit.py:300 - log_iter_info] - Train Iter[200/351][111]	{"data_time": 0.00025, "batch_time": 0.05369, "loss": 0.54195, "acc": 0.83594, "mean_diffs": 5.75564}
[2026-05-09 15:48:49,713 INFO][traineradasmoothlossprojlogit.py:300 - log_iter_info] - Train Iter[300/351][111]	{"data_time": 0.00023, "batch_time": 0.053, "loss": 0.58165, "acc": 0.84375, "mean_diffs": 5.53659}
[2026-05-09 15:48:52,524 INFO][traineradasmoothlossprojlogit.py:319 - log_epoch_info] - Train Epoch[111]	{"samples": 44928, "lr": 0.1, "loss": 0.47228, "acc": 0.88377, "acc_5": 0.99593, "macc": 0.88381, "mean_diffs": 5.81941, "max_diffs": 7.02032, "margin": 3.75757}
[2026-05-09 15:48:53,802 INFO][traineradasmoothlossprojlogit.py:333 - log_eval_epoch_info] - Val Epoch[111]	{"samples": 5000, "loss": 0.61899, "acc": 0.874, "acc_5": 0.992, "macc": 0.87381, "nll": 0.40733, "ece": 0.03672, "aece": 0.03656, "cece": 0.01219, "mean_diffs": 5.7515, "max_diffs": 7.01129, "margin": 3.66388}
[2026-05-09 15:48:53,802 INFO][traineradasmoothlossprojlogit.py:336 - log_eval_epoch_info] - 
+---------+---------+---------+---------+
| samples | acc     | acc_5   | macc    |
+---------+---------+---------+---------+
| 5000    | 0.87400 | 0.99200 | 0.87381 |
+---------+---------+---------+---------+
[2026-05-09 15:48:53,802 INFO][traineradasmoothlossprojlogit.py:337 - log_eval_epoch_info] - 
+---------+---------+---------+---------+---------+
| samples | nll     | ece     | aece    | cece    |
+---------+---------+---------+---------+---------+
| 5000    | 0.40733 | 0.03672 | 0.03656 | 0.01219 |
+---------+---------+---------+---------+---------+
[2026-05-09 15:48:54,226 INFO][traineradasmoothlossprojlogit.py:605 - train] - Epoch[111]	Best acc on Val : 0.8740 at epoch 111
[2026-05-09 15:48:54,226 INFO][traineradasmoothlossprojlogit.py:572 - train] - ====================
[2026-05-09 15:48:54,226 INFO][traineradasmoothlossprojlogit.py:573 - train] -  Start epoch 112
[2026-05-09 15:48:54,226 INFO][traineradasmoothlossprojlogit.py:574 - train] - ====================
[2026-05-09 15:49:00,149 INFO][traineradasmoothlossprojlogit.py:300 - log_iter_info] - Train Iter[100/351][112]	{"data_time": 0.00021, "batch_time": 0.05291, "loss": 0.48983, "acc": 0.875, "mean_diffs": 5.37802}
[2026-05-09 15:49:05,445 INFO][traineradasmoothlossprojlogit.py:300 - log_iter_info] - Train Iter[200/351][112]	{"data_time": 0.00021, "batch_time": 0.05287, "loss": 0.44933, "acc": 0.90625, "mean_diffs": 5.6714}
[2026-05-09 15:49:10,743 INFO][traineradasmoothlossprojlogit.py:300 - log_iter_info] - Train Iter[300/351][112]	{"data_time": 0.00021, "batch_time": 0.05279, "loss": 0.29306, "acc": 0.96094, "mean_diffs": 5.96622}
[2026-05-09 15:49:13,556 INFO][traineradasmoothlossprojlogit.py:319 - log_epoch_info] - Train Epoch[112]	{"samples": 44928, "lr": 0.1, "loss": 0.4737, "acc": 0.88762, "acc_5": 0.99606, "macc": 0.88766, "mean_diffs": 5.83396, "max_diffs": 7.02394, "margin": 3.79525}
[2026-05-09 15:49:15,092 INFO][traineradasmoothlossprojlogit.py:333 - log_eval_epoch_info] - Val Epoch[112]	{"samples": 5000, "loss": 0.65617, "acc": 0.8376, "acc_5": 0.9922, "macc": 0.83713, "nll": 0.48944, "ece": 0.02244, "aece": 0.02321, "cece": 0.01675, "mean_diffs": 6.02534, "max_diffs": 7.37214, "margin": 3.83623}
[2026-05-09 15:49:15,092 INFO][traineradasmoothlossprojlogit.py:336 - log_eval_epoch_info] - 
+---------+---------+---------+---------+
| samples | acc     | acc_5   | macc    |
+---------+---------+---------+---------+
| 5000    | 0.83760 | 0.99220 | 0.83713 |
+---------+---------+---------+---------+
[2026-05-09 15:49:15,092 INFO][traineradasmoothlossprojlogit.py:337 - log_eval_epoch_info] - 
+---------+---------+---------+---------+---------+
| samples | nll     | ece     | aece    | cece    |
+---------+---------+---------+---------+---------+
| 5000    | 0.48944 | 0.02244 | 0.02321 | 0.01675 |
+---------+---------+---------+---------+---------+
[2026-05-09 15:49:15,314 INFO][traineradasmoothlossprojlogit.py:605 - train] - Epoch[112]	Best acc on Val : 0.8740 at epoch 111
[2026-05-09 15:49:15,314 INFO][traineradasmoothlossprojlogit.py:572 - train] - ====================
[2026-05-09 15:49:15,314 INFO][traineradasmoothlossprojlogit.py:573 - train] -  Start epoch 113
[2026-05-09 15:49:15,314 INFO][traineradasmoothlossprojlogit.py:574 - train] - ====================
[2026-05-09 15:49:21,219 INFO][traineradasmoothlossprojlogit.py:300 - log_iter_info] - Train Iter[100/351][113]	{"data_time": 0.00025, "batch_time": 0.05331, "loss": 0.54165, "acc": 0.89062, "mean_diffs": 5.9701}
[2026-05-09 15:49:26,518 INFO][traineradasmoothlossprojlogit.py:300 - log_iter_info] - Train Iter[200/351][113]	{"data_time": 0.00026, "batch_time": 0.05294, "loss": 0.45111, "acc": 0.89062, "mean_diffs": 5.85778}
[2026-05-09 15:49:31,829 INFO][traineradasmoothlossprojlogit.py:300 - log_iter_info] - Train Iter[300/351][113]	{"data_time": 0.00019, "batch_time": 0.05274, "loss": 0.48648, "acc": 0.875, "mean_diffs": 5.93724}
[2026-05-09 15:49:34,633 INFO][traineradasmoothlossprojlogit.py:319 - log_epoch_info] - Train Epoch[113]	{"samples": 44928, "lr": 0.1, "loss": 0.47181, "acc": 0.88651, "acc_5": 0.99646, "macc": 0.88653, "mean_diffs": 5.81855, "max_diffs": 7.01952, "margin": 3.76449}
[2026-05-09 15:49:35,902 INFO][traineradasmoothlossprojlogit.py:333 - log_eval_epoch_info] - Val Epoch[113]	{"samples": 5000, "loss": 0.74593, "acc": 0.8118, "acc_5": 0.9884, "macc": 0.81272, "nll": 0.57704, "ece": 0.01871, "aece": 0.0168, "cece": 0.02074, "mean_diffs": 5.42946, "max_diffs": 6.74611, "margin": 3.29133}
[2026-05-09 15:49:35,903 INFO][traineradasmoothlossprojlogit.py:336 - log_eval_epoch_info] - 
+---------+---------+---------+---------+
| samples | acc     | acc_5   | macc    |
+---------+---------+---------+---------+
| 5000    | 0.81180 | 0.98840 | 0.81272 |
+---------+---------+---------+---------+
[2026-05-09 15:49:35,903 INFO][traineradasmoothlossprojlogit.py:337 - log_eval_epoch_info] - 
+---------+---------+---------+---------+---------+
| samples | nll     | ece     | aece    | cece    |
+---------+---------+---------+---------+---------+
| 5000    | 0.57704 | 0.01871 | 0.01680 | 0.02074 |
+---------+---------+---------+---------+---------+
[2026-05-09 15:49:36,124 INFO][traineradasmoothlossprojlogit.py:605 - train] - Epoch[113]	Best acc on Val : 0.8740 at epoch 111
[2026-05-09 15:49:36,124 INFO][traineradasmoothlossprojlogit.py:572 - train] - ====================
[2026-05-09 15:49:36,124 INFO][traineradasmoothlossprojlogit.py:573 - train] -  Start epoch 114
[2026-05-09 15:49:36,124 INFO][traineradasmoothlossprojlogit.py:574 - train] - ====================
[2026-05-09 15:49:42,016 INFO][traineradasmoothlossprojlogit.py:300 - log_iter_info] - Train Iter[100/351][114]	{"data_time": 0.00025, "batch_time": 0.05296, "loss": 0.49704, "acc": 0.89062, "mean_diffs": 5.40059}
[2026-05-09 15:49:47,305 INFO][traineradasmoothlossprojlogit.py:300 - log_iter_info] - Train Iter[200/351][114]	{"data_time": 0.0002, "batch_time": 0.05266, "loss": 0.51823, "acc": 0.85938, "mean_diffs": 5.51746}
[2026-05-09 15:49:52,601 INFO][traineradasmoothlossprojlogit.py:300 - log_iter_info] - Train Iter[300/351][114]	{"data_time": 0.00018, "batch_time": 0.05245, "loss": 0.49935, "acc": 0.85156, "mean_diffs": 5.65027}
[2026-05-09 15:49:55,404 INFO][traineradasmoothlossprojlogit.py:319 - log_epoch_info] - Train Epoch[114]	{"samples": 44928, "lr": 0.1, "loss": 0.4721, "acc": 0.88631, "acc_5": 0.99624, "macc": 0.88632, "mean_diffs": 5.80069, "max_diffs": 6.97845, "margin": 3.77802}
[2026-05-09 15:49:56,701 INFO][traineradasmoothlossprojlogit.py:333 - log_eval_epoch_info] - Val Epoch[114]	{"samples": 5000, "loss": 0.81954, "acc": 0.7856, "acc_5": 0.9832, "macc": 0.78397, "nll": 0.66178, "ece": 0.0259, "aece": 0.02295, "cece": 0.02663, "mean_diffs": 5.18763, "max_diffs": 6.49162, "margin": 2.95907}
[2026-05-09 15:49:56,702 INFO][traineradasmoothlossprojlogit.py:336 - log_eval_epoch_info] - 
+---------+---------+---------+---------+
| samples | acc     | acc_5   | macc    |
+---------+---------+---------+---------+
| 5000    | 0.78560 | 0.98320 | 0.78397 |
+---------+---------+---------+---------+
[2026-05-09 15:49:56,702 INFO][traineradasmoothlossprojlogit.py:337 - log_eval_epoch_info] - 
+---------+---------+---------+---------+---------+
| samples | nll     | ece     | aece    | cece    |
+---------+---------+---------+---------+---------+
| 5000    | 0.66178 | 0.02590 | 0.02295 | 0.02663 |
+---------+---------+---------+---------+---------+
[2026-05-09 15:49:56,922 INFO][traineradasmoothlossprojlogit.py:605 - train] - Epoch[114]	Best acc on Val : 0.8740 at epoch 111
[2026-05-09 15:49:56,922 INFO][traineradasmoothlossprojlogit.py:572 - train] - ====================
[2026-05-09 15:49:56,922 INFO][traineradasmoothlossprojlogit.py:573 - train] -  Start epoch 115
[2026-05-09 15:49:56,922 INFO][traineradasmoothlossprojlogit.py:574 - train] - ====================
[2026-05-09 15:50:02,836 INFO][traineradasmoothlossprojlogit.py:300 - log_iter_info] - Train Iter[100/351][115]	{"data_time": 0.00026, "batch_time": 0.05305, "loss": 0.38357, "acc": 0.92188, "mean_diffs": 5.84866}
[2026-05-09 15:50:08,139 INFO][traineradasmoothlossprojlogit.py:300 - log_iter_info] - Train Iter[200/351][115]	{"data_time": 0.00026, "batch_time": 0.05353, "loss": 0.46285, "acc": 0.90625, "mean_diffs": 6.0446}
[2026-05-09 15:50:13,454 INFO][traineradasmoothlossprojlogit.py:300 - log_iter_info] - Train Iter[300/351][115]	{"data_time": 0.00018, "batch_time": 0.05295, "loss": 0.57741, "acc": 0.83594, "mean_diffs": 5.58371}
[2026-05-09 15:50:16,274 INFO][traineradasmoothlossprojlogit.py:319 - log_epoch_info] - Train Epoch[115]	{"samples": 44928, "lr": 0.1, "loss": 0.47717, "acc": 0.88568, "acc_5": 0.99577, "macc": 0.88571, "mean_diffs": 5.79572, "max_diffs": 6.98384, "margin": 3.76025}
[2026-05-09 15:50:17,529 INFO][traineradasmoothlossprojlogit.py:333 - log_eval_epoch_info] - Val Epoch[115]	{"samples": 5000, "loss": 0.92027, "acc": 0.7518, "acc_5": 0.974, "macc": 0.75305, "nll": 0.76683, "ece": 0.06153, "aece": 0.0619, "cece": 0.03332, "mean_diffs": 5.57475, "max_diffs": 6.97088, "margin": 3.31575}
[2026-05-09 15:50:17,530 INFO][traineradasmoothlossprojlogit.py:336 - log_eval_epoch_info] - 
+---------+---------+---------+---------+
| samples | acc     | acc_5   | macc    |
+---------+---------+---------+---------+
| 5000    | 0.75180 | 0.97400 | 0.75305 |
+---------+---------+---------+---------+
[2026-05-09 15:50:17,530 INFO][traineradasmoothlossprojlogit.py:337 - log_eval_epoch_info] - 
+---------+---------+---------+---------+---------+
| samples | nll     | ece     | aece    | cece    |
+---------+---------+---------+---------+---------+
| 5000    | 0.76683 | 0.06153 | 0.06190 | 0.03332 |
+---------+---------+---------+---------+---------+
[2026-05-09 15:50:17,753 INFO][traineradasmoothlossprojlogit.py:605 - train] - Epoch[115]	Best acc on Val : 0.8740 at epoch 111
[2026-05-09 15:50:17,753 INFO][traineradasmoothlossprojlogit.py:572 - train] - ====================
[2026-05-09 15:50:17,753 INFO][traineradasmoothlossprojlogit.py:573 - train] -  Start epoch 116
[2026-05-09 15:50:17,753 INFO][traineradasmoothlossprojlogit.py:574 - train] - ====================
[2026-05-09 15:50:23,932 INFO][traineradasmoothlossprojlogit.py:300 - log_iter_info] - Train Iter[100/351][116]	{"data_time": 0.00026, "batch_time": 0.05283, "loss": 0.43691, "acc": 0.88281, "mean_diffs": 5.79202}
[2026-05-09 15:50:29,231 INFO][traineradasmoothlossprojlogit.py:300 - log_iter_info] - Train Iter[200/351][116]	{"data_time": 0.00022, "batch_time": 0.05287, "loss": 0.38865, "acc": 0.89844, "mean_diffs": 6.36802}
[2026-05-09 15:50:34,532 INFO][traineradasmoothlossprojlogit.py:300 - log_iter_info] - Train Iter[300/351][116]	{"data_time": 0.00024, "batch_time": 0.05291, "loss": 0.41272, "acc": 0.92188, "mean_diffs": 5.86133}
[2026-05-09 15:50:37,344 INFO][traineradasmoothlossprojlogit.py:319 - log_epoch_info] - Train Epoch[116]	{"samples": 44928, "lr": 0.1, "loss": 0.4711, "acc": 0.88486, "acc_5": 0.99648, "macc": 0.88488, "mean_diffs": 5.88756, "max_diffs": 7.10164, "margin": 3.76237}
[2026-05-09 15:50:38,613 INFO][traineradasmoothlossprojlogit.py:333 - log_eval_epoch_info] - Val Epoch[116]	{"samples": 5000, "loss": 0.7425, "acc": 0.8118, "acc_5": 0.9892, "macc": 0.81167, "nll": 0.55718, "ece": 0.0336, "aece": 0.03009, "cece": 0.02303, "mean_diffs": 6.17234, "max_diffs": 7.5791, "margin": 3.70408}
[2026-05-09 15:50:38,614 INFO][traineradasmoothlossprojlogit.py:336 - log_eval_epoch_info] - 
+---------+---------+---------+---------+
| samples | acc     | acc_5   | macc    |
+---------+---------+---------+---------+
| 5000    | 0.81180 | 0.98920 | 0.81167 |
+---------+---------+---------+---------+
[2026-05-09 15:50:38,614 INFO][traineradasmoothlossprojlogit.py:337 - log_eval_epoch_info] - 
+---------+---------+---------+---------+---------+
| samples | nll     | ece     | aece    | cece    |
+---------+---------+---------+---------+---------+
| 5000    | 0.55718 | 0.03360 | 0.03009 | 0.02303 |
+---------+---------+---------+---------+---------+
[2026-05-09 15:50:38,847 INFO][traineradasmoothlossprojlogit.py:605 - train] - Epoch[116]	Best acc on Val : 0.8740 at epoch 111
[2026-05-09 15:50:38,847 INFO][traineradasmoothlossprojlogit.py:572 - train] - ====================
[2026-05-09 15:50:38,847 INFO][traineradasmoothlossprojlogit.py:573 - train] -  Start epoch 117
[2026-05-09 15:50:38,847 INFO][traineradasmoothlossprojlogit.py:574 - train] - ====================
[2026-05-09 15:50:44,764 INFO][traineradasmoothlossprojlogit.py:300 - log_iter_info] - Train Iter[100/351][117]	{"data_time": 0.00021, "batch_time": 0.05279, "loss": 0.37806, "acc": 0.9375, "mean_diffs": 5.71397}
[2026-05-09 15:50:50,057 INFO][traineradasmoothlossprojlogit.py:300 - log_iter_info] - Train Iter[200/351][117]	{"data_time": 0.0002, "batch_time": 0.05268, "loss": 0.43283, "acc": 0.89062, "mean_diffs": 5.37222}
[2026-05-09 15:50:55,352 INFO][traineradasmoothlossprojlogit.py:300 - log_iter_info] - Train Iter[300/351][117]	{"data_time": 0.00026, "batch_time": 0.05279, "loss": 0.56182, "acc": 0.83594, "mean_diffs": 5.69671}
[2026-05-09 15:50:58,157 INFO][traineradasmoothlossprojlogit.py:319 - log_epoch_info] - Train Epoch[117]	{"samples": 44928, "lr": 0.1, "loss": 0.47299, "acc": 0.8849, "acc_5": 0.99628, "macc": 0.88492, "mean_diffs": 5.83524, "max_diffs": 7.02874, "margin": 3.77003}
[2026-05-09 15:50:59,426 INFO][traineradasmoothlossprojlogit.py:333 - log_eval_epoch_info] - Val Epoch[117]	{"samples": 5000, "loss": 0.71084, "acc": 0.8158, "acc_5": 0.9916, "macc": 0.81635, "nll": 0.54392, "ece": 0.01541, "aece": 0.02108, "cece": 0.02229, "mean_diffs": 5.44212, "max_diffs": 6.66083, "margin": 3.35481}
[2026-05-09 15:50:59,426 INFO][traineradasmoothlossprojlogit.py:336 - log_eval_epoch_info] - 
+---------+---------+---------+---------+
| samples | acc     | acc_5   | macc    |
+---------+---------+---------+---------+
| 5000    | 0.81580 | 0.99160 | 0.81635 |
+---------+---------+---------+---------+
[2026-05-09 15:50:59,427 INFO][traineradasmoothlossprojlogit.py:337 - log_eval_epoch_info] - 
+---------+---------+---------+---------+---------+
| samples | nll     | ece     | aece    | cece    |
+---------+---------+---------+---------+---------+
| 5000    | 0.54392 | 0.01541 | 0.02108 | 0.02229 |
+---------+---------+---------+---------+---------+
[2026-05-09 15:50:59,651 INFO][traineradasmoothlossprojlogit.py:605 - train] - Epoch[117]	Best acc on Val : 0.8740 at epoch 111
[2026-05-09 15:50:59,651 INFO][traineradasmoothlossprojlogit.py:572 - train] - ====================
[2026-05-09 15:50:59,651 INFO][traineradasmoothlossprojlogit.py:573 - train] -  Start epoch 118
[2026-05-09 15:50:59,651 INFO][traineradasmoothlossprojlogit.py:574 - train] - ====================
[2026-05-09 15:51:05,581 INFO][traineradasmoothlossprojlogit.py:300 - log_iter_info] - Train Iter[100/351][118]	{"data_time": 0.00019, "batch_time": 0.05306, "loss": 0.54294, "acc": 0.85938, "mean_diffs": 5.68177}
[2026-05-09 15:51:10,875 INFO][traineradasmoothlossprojlogit.py:300 - log_iter_info] - Train Iter[200/351][118]	{"data_time": 0.00026, "batch_time": 0.05356, "loss": 0.51139, "acc": 0.85938, "mean_diffs": 5.57312}
[2026-05-09 15:51:16,173 INFO][traineradasmoothlossprojlogit.py:300 - log_iter_info] - Train Iter[300/351][118]	{"data_time": 0.00023, "batch_time": 0.05296, "loss": 0.39371, "acc": 0.89844, "mean_diffs": 6.01971}
[2026-05-09 15:51:18,983 INFO][traineradasmoothlossprojlogit.py:319 - log_epoch_info] - Train Epoch[118]	{"samples": 44928, "lr": 0.1, "loss": 0.46947, "acc": 0.88718, "acc_5": 0.99628, "macc": 0.88719, "mean_diffs": 5.85022, "max_diffs": 7.04126, "margin": 3.80057}
[2026-05-09 15:51:20,236 INFO][traineradasmoothlossprojlogit.py:333 - log_eval_epoch_info] - Val Epoch[118]	{"samples": 5000, "loss": 0.66111, "acc": 0.8436, "acc_5": 0.9898, "macc": 0.84271, "nll": 0.47107, "ece": 0.02303, "aece": 0.01732, "cece": 0.02031, "mean_diffs": 6.02437, "max_diffs": 7.40274, "margin": 3.75104}
[2026-05-09 15:51:20,237 INFO][traineradasmoothlossprojlogit.py:336 - log_eval_epoch_info] - 
+---------+---------+---------+---------+
| samples | acc     | acc_5   | macc    |
+---------+---------+---------+---------+
| 5000    | 0.84360 | 0.98980 | 0.84271 |
+---------+---------+---------+---------+
[2026-05-09 15:51:20,237 INFO][traineradasmoothlossprojlogit.py:337 - log_eval_epoch_info] - 
+---------+---------+---------+---------+---------+
| samples | nll     | ece     | aece    | cece    |
+---------+---------+---------+---------+---------+
| 5000    | 0.47107 | 0.02303 | 0.01732 | 0.02031 |
+---------+---------+---------+---------+---------+
[2026-05-09 15:51:20,465 INFO][traineradasmoothlossprojlogit.py:605 - train] - Epoch[118]	Best acc on Val : 0.8740 at epoch 111
[2026-05-09 15:51:20,465 INFO][traineradasmoothlossprojlogit.py:572 - train] - ====================
[2026-05-09 15:51:20,465 INFO][traineradasmoothlossprojlogit.py:573 - train] -  Start epoch 119
[2026-05-09 15:51:20,465 INFO][traineradasmoothlossprojlogit.py:574 - train] - ====================
[2026-05-09 15:51:26,354 INFO][traineradasmoothlossprojlogit.py:300 - log_iter_info] - Train Iter[100/351][119]	{"data_time": 0.00019, "batch_time": 0.05277, "loss": 0.5361, "acc": 0.875, "mean_diffs": 5.98485}
[2026-05-09 15:51:31,650 INFO][traineradasmoothlossprojlogit.py:300 - log_iter_info] - Train Iter[200/351][119]	{"data_time": 0.00027, "batch_time": 0.0531, "loss": 0.46182, "acc": 0.89062, "mean_diffs": 5.542}
[2026-05-09 15:51:36,950 INFO][traineradasmoothlossprojlogit.py:300 - log_iter_info] - Train Iter[300/351][119]	{"data_time": 0.00019, "batch_time": 0.0529, "loss": 0.43718, "acc": 0.89844, "mean_diffs": 6.10065}
[2026-05-09 15:51:39,744 INFO][traineradasmoothlossprojlogit.py:319 - log_epoch_info] - Train Epoch[119]	{"samples": 44928, "lr": 0.1, "loss": 0.46417, "acc": 0.89, "acc_5": 0.99608, "macc": 0.89003, "mean_diffs": 5.85884, "max_diffs": 7.05525, "margin": 3.80022}
[2026-05-09 15:51:41,013 INFO][traineradasmoothlossprojlogit.py:333 - log_eval_epoch_info] - Val Epoch[119]	{"samples": 5000, "loss": 0.62969, "acc": 0.8406, "acc_5": 0.9912, "macc": 0.84096, "nll": 0.46562, "ece": 0.0113, "aece": 0.01243, "cece": 0.01591, "mean_diffs": 5.85154, "max_diffs": 7.17464, "margin": 3.64194}
[2026-05-09 15:51:41,013 INFO][traineradasmoothlossprojlogit.py:336 - log_eval_epoch_info] - 
+---------+---------+---------+---------+
| samples | acc     | acc_5   | macc    |
+---------+---------+---------+---------+
| 5000    | 0.84060 | 0.99120 | 0.84096 |
+---------+---------+---------+---------+
[2026-05-09 15:51:41,014 INFO][traineradasmoothlossprojlogit.py:337 - log_eval_epoch_info] - 
+---------+---------+---------+---------+---------+
| samples | nll     | ece     | aece    | cece    |
+---------+---------+---------+---------+---------+
| 5000    | 0.46562 | 0.01130 | 0.01243 | 0.01591 |
+---------+---------+---------+---------+---------+
[2026-05-09 15:51:41,236 INFO][traineradasmoothlossprojlogit.py:605 - train] - Epoch[119]	Best acc on Val : 0.8740 at epoch 111
[2026-05-09 15:51:41,236 INFO][traineradasmoothlossprojlogit.py:572 - train] - ====================
[2026-05-09 15:51:41,236 INFO][traineradasmoothlossprojlogit.py:573 - train] -  Start epoch 120
[2026-05-09 15:51:41,236 INFO][traineradasmoothlossprojlogit.py:574 - train] - ====================
[2026-05-09 15:51:47,142 INFO][traineradasmoothlossprojlogit.py:300 - log_iter_info] - Train Iter[100/351][120]	{"data_time": 0.00025, "batch_time": 0.05268, "loss": 0.38442, "acc": 0.92188, "mean_diffs": 6.1604}
[2026-05-09 15:51:52,436 INFO][traineradasmoothlossprojlogit.py:300 - log_iter_info] - Train Iter[200/351][120]	{"data_time": 0.00026, "batch_time": 0.05273, "loss": 0.48729, "acc": 0.875, "mean_diffs": 5.88288}
[2026-05-09 15:51:57,736 INFO][traineradasmoothlossprojlogit.py:300 - log_iter_info] - Train Iter[300/351][120]	{"data_time": 0.00018, "batch_time": 0.05287, "loss": 0.39566, "acc": 0.94531, "mean_diffs": 6.09801}
[2026-05-09 15:52:00,525 INFO][traineradasmoothlossprojlogit.py:319 - log_epoch_info] - Train Epoch[120]	{"samples": 44928, "lr": 0.1, "loss": 0.46754, "acc": 0.8876, "acc_5": 0.99608, "macc": 0.88762, "mean_diffs": 5.86043, "max_diffs": 7.0632, "margin": 3.8142}
[2026-05-09 15:52:02,051 INFO][traineradasmoothlossprojlogit.py:333 - log_eval_epoch_info] - Val Epoch[120]	{"samples": 5000, "loss": 0.66689, "acc": 0.8366, "acc_5": 0.988, "macc": 0.83716, "nll": 0.4957, "ece": 0.01579, "aece": 0.01274, "cece": 0.0212, "mean_diffs": 5.71639, "max_diffs": 7.07285, "margin": 3.65479}
[2026-05-09 15:52:02,052 INFO][traineradasmoothlossprojlogit.py:336 - log_eval_epoch_info] - 
+---------+---------+---------+---------+
| samples | acc     | acc_5   | macc    |
+---------+---------+---------+---------+
| 5000    | 0.83660 | 0.98800 | 0.83716 |
+---------+---------+---------+---------+
[2026-05-09 15:52:02,052 INFO][traineradasmoothlossprojlogit.py:337 - log_eval_epoch_info] - 
+---------+---------+---------+---------+---------+
| samples | nll     | ece     | aece    | cece    |
+---------+---------+---------+---------+---------+
| 5000    | 0.49570 | 0.01579 | 0.01274 | 0.02120 |
+---------+---------+---------+---------+---------+
[2026-05-09 15:52:02,274 INFO][traineradasmoothlossprojlogit.py:605 - train] - Epoch[120]	Best acc on Val : 0.8740 at epoch 111
[2026-05-09 15:52:02,274 INFO][traineradasmoothlossprojlogit.py:572 - train] - ====================
[2026-05-09 15:52:02,274 INFO][traineradasmoothlossprojlogit.py:573 - train] -  Start epoch 121
[2026-05-09 15:52:02,274 INFO][traineradasmoothlossprojlogit.py:574 - train] - ====================
[2026-05-09 15:52:08,171 INFO][traineradasmoothlossprojlogit.py:300 - log_iter_info] - Train Iter[100/351][121]	{"data_time": 0.00021, "batch_time": 0.05268, "loss": 0.58371, "acc": 0.82031, "mean_diffs": 5.66451}
[2026-05-09 15:52:13,459 INFO][traineradasmoothlossprojlogit.py:300 - log_iter_info] - Train Iter[200/351][121]	{"data_time": 0.00026, "batch_time": 0.05298, "loss": 0.37233, "acc": 0.92188, "mean_diffs": 5.97726}
[2026-05-09 15:52:18,759 INFO][traineradasmoothlossprojlogit.py:300 - log_iter_info] - Train Iter[300/351][121]	{"data_time": 0.00024, "batch_time": 0.05291, "loss": 0.45697, "acc": 0.90625, "mean_diffs": 5.7634}
[2026-05-09 15:52:21,546 INFO][traineradasmoothlossprojlogit.py:319 - log_epoch_info] - Train Epoch[121]	{"samples": 44928, "lr": 0.1, "loss": 0.47795, "acc": 0.88384, "acc_5": 0.99624, "macc": 0.88385, "mean_diffs": 5.79057, "max_diffs": 6.97904, "margin": 3.74926}
[2026-05-09 15:52:22,843 INFO][traineradasmoothlossprojlogit.py:333 - log_eval_epoch_info] - Val Epoch[121]	{"samples": 5000, "loss": 0.68374, "acc": 0.8208, "acc_5": 0.9918, "macc": 0.82254, "nll": 0.535, "ece": 0.01404, "aece": 0.01657, "cece": 0.02232, "mean_diffs": 5.5527, "max_diffs": 6.85829, "margin": 3.35886}
[2026-05-09 15:52:22,844 INFO][traineradasmoothlossprojlogit.py:336 - log_eval_epoch_info] - 
+---------+---------+---------+---------+
| samples | acc     | acc_5   | macc    |
+---------+---------+---------+---------+
| 5000    | 0.82080 | 0.99180 | 0.82254 |
+---------+---------+---------+---------+
[2026-05-09 15:52:22,844 INFO][traineradasmoothlossprojlogit.py:337 - log_eval_epoch_info] - 
+---------+---------+---------+---------+---------+
| samples | nll     | ece     | aece    | cece    |
+---------+---------+---------+---------+---------+
| 5000    | 0.53500 | 0.01404 | 0.01657 | 0.02232 |
+---------+---------+---------+---------+---------+
[2026-05-09 15:52:23,068 INFO][traineradasmoothlossprojlogit.py:605 - train] - Epoch[121]	Best acc on Val : 0.8740 at epoch 111
[2026-05-09 15:52:23,069 INFO][traineradasmoothlossprojlogit.py:572 - train] - ====================
[2026-05-09 15:52:23,069 INFO][traineradasmoothlossprojlogit.py:573 - train] -  Start epoch 122
[2026-05-09 15:52:23,069 INFO][traineradasmoothlossprojlogit.py:574 - train] - ====================
[2026-05-09 15:52:28,953 INFO][traineradasmoothlossprojlogit.py:300 - log_iter_info] - Train Iter[100/351][122]	{"data_time": 0.0002, "batch_time": 0.05323, "loss": 0.43596, "acc": 0.89844, "mean_diffs": 5.9094}
[2026-05-09 15:52:34,239 INFO][traineradasmoothlossprojlogit.py:300 - log_iter_info] - Train Iter[200/351][122]	{"data_time": 0.00025, "batch_time": 0.05269, "loss": 0.54324, "acc": 0.85938, "mean_diffs": 5.22761}
[2026-05-09 15:52:39,533 INFO][traineradasmoothlossprojlogit.py:300 - log_iter_info] - Train Iter[300/351][122]	{"data_time": 0.00018, "batch_time": 0.0526, "loss": 0.50496, "acc": 0.85156, "mean_diffs": 5.63337}
[2026-05-09 15:52:42,326 INFO][traineradasmoothlossprojlogit.py:319 - log_epoch_info] - Train Epoch[122]	{"samples": 44928, "lr": 0.1, "loss": 0.47303, "acc": 0.88628, "acc_5": 0.99568, "macc": 0.8863, "mean_diffs": 5.82017, "max_diffs": 7.01029, "margin": 3.79227}
[2026-05-09 15:52:43,610 INFO][traineradasmoothlossprojlogit.py:333 - log_eval_epoch_info] - Val Epoch[122]	{"samples": 5000, "loss": 0.76364, "acc": 0.8116, "acc_5": 0.9912, "macc": 0.81142, "nll": 0.57344, "ece": 0.0266, "aece": 0.02551, "cece": 0.02203, "mean_diffs": 5.67827, "max_diffs": 7.00189, "margin": 3.54209}
[2026-05-09 15:52:43,610 INFO][traineradasmoothlossprojlogit.py:336 - log_eval_epoch_info] - 
+---------+---------+---------+---------+
| samples | acc     | acc_5   | macc    |
+---------+---------+---------+---------+
| 5000    | 0.81160 | 0.99120 | 0.81142 |
+---------+---------+---------+---------+
[2026-05-09 15:52:43,611 INFO][traineradasmoothlossprojlogit.py:337 - log_eval_epoch_info] - 
+---------+---------+---------+---------+---------+
| samples | nll     | ece     | aece    | cece    |
+---------+---------+---------+---------+---------+
| 5000    | 0.57344 | 0.02660 | 0.02551 | 0.02203 |
+---------+---------+---------+---------+---------+
[2026-05-09 15:52:43,840 INFO][traineradasmoothlossprojlogit.py:605 - train] - Epoch[122]	Best acc on Val : 0.8740 at epoch 111
[2026-05-09 15:52:43,840 INFO][traineradasmoothlossprojlogit.py:572 - train] - ====================
[2026-05-09 15:52:43,840 INFO][traineradasmoothlossprojlogit.py:573 - train] -  Start epoch 123
[2026-05-09 15:52:43,840 INFO][traineradasmoothlossprojlogit.py:574 - train] - ====================
[2026-05-09 15:52:49,757 INFO][traineradasmoothlossprojlogit.py:300 - log_iter_info] - Train Iter[100/351][123]	{"data_time": 0.00019, "batch_time": 0.05312, "loss": 0.50292, "acc": 0.88281, "mean_diffs": 5.77939}
[2026-05-09 15:52:55,053 INFO][traineradasmoothlossprojlogit.py:300 - log_iter_info] - Train Iter[200/351][123]	{"data_time": 0.0002, "batch_time": 0.0535, "loss": 0.43714, "acc": 0.90625, "mean_diffs": 5.78511}
[2026-05-09 15:53:00,358 INFO][traineradasmoothlossprojlogit.py:300 - log_iter_info] - Train Iter[300/351][123]	{"data_time": 0.00025, "batch_time": 0.0529, "loss": 0.50275, "acc": 0.85938, "mean_diffs": 5.80142}
[2026-05-09 15:53:03,150 INFO][traineradasmoothlossprojlogit.py:319 - log_epoch_info] - Train Epoch[123]	{"samples": 44928, "lr": 0.1, "loss": 0.47789, "acc": 0.88642, "acc_5": 0.99562, "macc": 0.88645, "mean_diffs": 5.78416, "max_diffs": 6.96316, "margin": 3.7515}
[2026-05-09 15:53:04,407 INFO][traineradasmoothlossprojlogit.py:333 - log_eval_epoch_info] - Val Epoch[123]	{"samples": 5000, "loss": 0.94474, "acc": 0.7766, "acc_5": 0.9854, "macc": 0.77762, "nll": 0.72613, "ece": 0.04308, "aece": 0.04086, "cece": 0.02844, "mean_diffs": 6.0488, "max_diffs": 7.44547, "margin": 3.76257}
[2026-05-09 15:53:04,407 INFO][traineradasmoothlossprojlogit.py:336 - log_eval_epoch_info] - 
+---------+---------+---------+---------+
| samples | acc     | acc_5   | macc    |
+---------+---------+---------+---------+
| 5000    | 0.77660 | 0.98540 | 0.77762 |
+---------+---------+---------+---------+
[2026-05-09 15:53:04,408 INFO][traineradasmoothlossprojlogit.py:337 - log_eval_epoch_info] - 
+---------+---------+---------+---------+---------+
| samples | nll     | ece     | aece    | cece    |
+---------+---------+---------+---------+---------+
| 5000    | 0.72613 | 0.04308 | 0.04086 | 0.02844 |
+---------+---------+---------+---------+---------+
[2026-05-09 15:53:04,631 INFO][traineradasmoothlossprojlogit.py:605 - train] - Epoch[123]	Best acc on Val : 0.8740 at epoch 111
[2026-05-09 15:53:04,631 INFO][traineradasmoothlossprojlogit.py:572 - train] - ====================
[2026-05-09 15:53:04,632 INFO][traineradasmoothlossprojlogit.py:573 - train] -  Start epoch 124
[2026-05-09 15:53:04,632 INFO][traineradasmoothlossprojlogit.py:574 - train] - ====================
[2026-05-09 15:53:10,850 INFO][traineradasmoothlossprojlogit.py:300 - log_iter_info] - Train Iter[100/351][124]	{"data_time": 0.0002, "batch_time": 0.05295, "loss": 0.48374, "acc": 0.90625, "mean_diffs": 5.93362}
[2026-05-09 15:53:16,148 INFO][traineradasmoothlossprojlogit.py:300 - log_iter_info] - Train Iter[200/351][124]	{"data_time": 0.00039, "batch_time": 0.05313, "loss": 0.4912, "acc": 0.85938, "mean_diffs": 5.93817}
[2026-05-09 15:53:21,458 INFO][traineradasmoothlossprojlogit.py:300 - log_iter_info] - Train Iter[300/351][124]	{"data_time": 0.00019, "batch_time": 0.05289, "loss": 0.45089, "acc": 0.89844, "mean_diffs": 5.48111}
[2026-05-09 15:53:24,257 INFO][traineradasmoothlossprojlogit.py:319 - log_epoch_info] - Train Epoch[124]	{"samples": 44928, "lr": 0.1, "loss": 0.4667, "acc": 0.8874, "acc_5": 0.99595, "macc": 0.88741, "mean_diffs": 5.84018, "max_diffs": 7.01945, "margin": 3.80774}
[2026-05-09 15:53:25,545 INFO][traineradasmoothlossprojlogit.py:333 - log_eval_epoch_info] - Val Epoch[124]	{"samples": 5000, "loss": 0.72772, "acc": 0.815, "acc_5": 0.9846, "macc": 0.81429, "nll": 0.56274, "ece": 0.0227, "aece": 0.02167, "cece": 0.02021, "mean_diffs": 5.76745, "max_diffs": 7.10134, "margin": 3.59446}
[2026-05-09 15:53:25,545 INFO][traineradasmoothlossprojlogit.py:336 - log_eval_epoch_info] - 
+---------+---------+---------+---------+
| samples | acc     | acc_5   | macc    |
+---------+---------+---------+---------+
| 5000    | 0.81500 | 0.98460 | 0.81429 |
+---------+---------+---------+---------+
[2026-05-09 15:53:25,545 INFO][traineradasmoothlossprojlogit.py:337 - log_eval_epoch_info] - 
+---------+---------+---------+---------+---------+
| samples | nll     | ece     | aece    | cece    |
+---------+---------+---------+---------+---------+
| 5000    | 0.56274 | 0.02270 | 0.02167 | 0.02021 |
+---------+---------+---------+---------+---------+
[2026-05-09 15:53:25,763 INFO][traineradasmoothlossprojlogit.py:605 - train] - Epoch[124]	Best acc on Val : 0.8740 at epoch 111
[2026-05-09 15:53:25,764 INFO][traineradasmoothlossprojlogit.py:572 - train] - ====================
[2026-05-09 15:53:25,764 INFO][traineradasmoothlossprojlogit.py:573 - train] -  Start epoch 125
[2026-05-09 15:53:25,764 INFO][traineradasmoothlossprojlogit.py:574 - train] - ====================
[2026-05-09 15:53:31,663 INFO][traineradasmoothlossprojlogit.py:300 - log_iter_info] - Train Iter[100/351][125]	{"data_time": 0.00025, "batch_time": 0.0527, "loss": 0.42903, "acc": 0.92969, "mean_diffs": 5.52841}
[2026-05-09 15:53:36,951 INFO][traineradasmoothlossprojlogit.py:300 - log_iter_info] - Train Iter[200/351][125]	{"data_time": 0.00019, "batch_time": 0.05297, "loss": 0.4306, "acc": 0.89844, "mean_diffs": 6.04096}
[2026-05-09 15:53:42,245 INFO][traineradasmoothlossprojlogit.py:300 - log_iter_info] - Train Iter[300/351][125]	{"data_time": 0.00019, "batch_time": 0.0529, "loss": 0.50835, "acc": 0.89844, "mean_diffs": 5.53478}
[2026-05-09 15:53:45,029 INFO][traineradasmoothlossprojlogit.py:319 - log_epoch_info] - Train Epoch[125]	{"samples": 44928, "lr": 0.1, "loss": 0.47397, "acc": 0.8872, "acc_5": 0.99604, "macc": 0.88722, "mean_diffs": 5.77723, "max_diffs": 6.96028, "margin": 3.76352}
[2026-05-09 15:53:46,302 INFO][traineradasmoothlossprojlogit.py:333 - log_eval_epoch_info] - Val Epoch[125]	{"samples": 5000, "loss": 0.75538, "acc": 0.815, "acc_5": 0.9846, "macc": 0.81419, "nll": 0.58436, "ece": 0.02015, "aece": 0.01958, "cece": 0.02586, "mean_diffs": 5.57154, "max_diffs": 6.92151, "margin": 3.45523}
[2026-05-09 15:53:46,302 INFO][traineradasmoothlossprojlogit.py:336 - log_eval_epoch_info] - 
+---------+---------+---------+---------+
| samples | acc     | acc_5   | macc    |
+---------+---------+---------+---------+
| 5000    | 0.81500 | 0.98460 | 0.81419 |
+---------+---------+---------+---------+
[2026-05-09 15:53:46,302 INFO][traineradasmoothlossprojlogit.py:337 - log_eval_epoch_info] - 
+---------+---------+---------+---------+---------+
| samples | nll     | ece     | aece    | cece    |
+---------+---------+---------+---------+---------+
| 5000    | 0.58436 | 0.02015 | 0.01958 | 0.02586 |
+---------+---------+---------+---------+---------+
[2026-05-09 15:53:46,527 INFO][traineradasmoothlossprojlogit.py:605 - train] - Epoch[125]	Best acc on Val : 0.8740 at epoch 111
[2026-05-09 15:53:46,528 INFO][traineradasmoothlossprojlogit.py:572 - train] - ====================
[2026-05-09 15:53:46,528 INFO][traineradasmoothlossprojlogit.py:573 - train] -  Start epoch 126
[2026-05-09 15:53:46,528 INFO][traineradasmoothlossprojlogit.py:574 - train] - ====================
[2026-05-09 15:53:52,423 INFO][traineradasmoothlossprojlogit.py:300 - log_iter_info] - Train Iter[100/351][126]	{"data_time": 0.00025, "batch_time": 0.05277, "loss": 0.38471, "acc": 0.91406, "mean_diffs": 5.95827}
[2026-05-09 15:53:57,720 INFO][traineradasmoothlossprojlogit.py:300 - log_iter_info] - Train Iter[200/351][126]	{"data_time": 0.0002, "batch_time": 0.05282, "loss": 0.51072, "acc": 0.85938, "mean_diffs": 6.01414}
[2026-05-09 15:54:03,021 INFO][traineradasmoothlossprojlogit.py:300 - log_iter_info] - Train Iter[300/351][126]	{"data_time": 0.00019, "batch_time": 0.05296, "loss": 0.47325, "acc": 0.89844, "mean_diffs": 5.78989}
[2026-05-09 15:54:05,827 INFO][traineradasmoothlossprojlogit.py:319 - log_epoch_info] - Train Epoch[126]	{"samples": 44928, "lr": 0.1, "loss": 0.47177, "acc": 0.88715, "acc_5": 0.99637, "macc": 0.88716, "mean_diffs": 5.84077, "max_diffs": 7.05534, "margin": 3.77331}
[2026-05-09 15:54:07,094 INFO][traineradasmoothlossprojlogit.py:333 - log_eval_epoch_info] - Val Epoch[126]	{"samples": 5000, "loss": 0.7116, "acc": 0.8172, "acc_5": 0.9814, "macc": 0.81568, "nll": 0.5679, "ece": 0.02529, "aece": 0.02138, "cece": 0.02415, "mean_diffs": 5.5701, "max_diffs": 7.04294, "margin": 3.54488}
[2026-05-09 15:54:07,094 INFO][traineradasmoothlossprojlogit.py:336 - log_eval_epoch_info] - 
+---------+---------+---------+---------+
| samples | acc     | acc_5   | macc    |
+---------+---------+---------+---------+
| 5000    | 0.81720 | 0.98140 | 0.81568 |
+---------+---------+---------+---------+
[2026-05-09 15:54:07,094 INFO][traineradasmoothlossprojlogit.py:337 - log_eval_epoch_info] - 
+---------+---------+---------+---------+---------+
| samples | nll     | ece     | aece    | cece    |
+---------+---------+---------+---------+---------+
| 5000    | 0.56790 | 0.02529 | 0.02138 | 0.02415 |
+---------+---------+---------+---------+---------+
[2026-05-09 15:54:07,318 INFO][traineradasmoothlossprojlogit.py:605 - train] - Epoch[126]	Best acc on Val : 0.8740 at epoch 111
[2026-05-09 15:54:07,318 INFO][traineradasmoothlossprojlogit.py:572 - train] - ====================
[2026-05-09 15:54:07,318 INFO][traineradasmoothlossprojlogit.py:573 - train] -  Start epoch 127
[2026-05-09 15:54:07,318 INFO][traineradasmoothlossprojlogit.py:574 - train] - ====================
[2026-05-09 15:54:13,229 INFO][traineradasmoothlossprojlogit.py:300 - log_iter_info] - Train Iter[100/351][127]	{"data_time": 0.00025, "batch_time": 0.05276, "loss": 0.45448, "acc": 0.89062, "mean_diffs": 5.98472}
[2026-05-09 15:54:18,522 INFO][traineradasmoothlossprojlogit.py:300 - log_iter_info] - Train Iter[200/351][127]	{"data_time": 0.00024, "batch_time": 0.05598, "loss": 0.65203, "acc": 0.82812, "mean_diffs": 5.70245}
[2026-05-09 15:54:23,821 INFO][traineradasmoothlossprojlogit.py:300 - log_iter_info] - Train Iter[300/351][127]	{"data_time": 0.00022, "batch_time": 0.05312, "loss": 0.44854, "acc": 0.89062, "mean_diffs": 5.46673}
[2026-05-09 15:54:26,636 INFO][traineradasmoothlossprojlogit.py:319 - log_epoch_info] - Train Epoch[127]	{"samples": 44928, "lr": 0.1, "loss": 0.47035, "acc": 0.88691, "acc_5": 0.99557, "macc": 0.88692, "mean_diffs": 5.82314, "max_diffs": 7.01361, "margin": 3.77399}
[2026-05-09 15:54:27,925 INFO][traineradasmoothlossprojlogit.py:333 - log_eval_epoch_info] - Val Epoch[127]	{"samples": 5000, "loss": 0.66751, "acc": 0.8368, "acc_5": 0.9908, "macc": 0.83703, "nll": 0.49319, "ece": 0.02258, "aece": 0.01822, "cece": 0.01727, "mean_diffs": 5.28052, "max_diffs": 6.50824, "margin": 3.2589}
[2026-05-09 15:54:27,926 INFO][traineradasmoothlossprojlogit.py:336 - log_eval_epoch_info] - 
+---------+---------+---------+---------+
| samples | acc     | acc_5   | macc    |
+---------+---------+---------+---------+
| 5000    | 0.83680 | 0.99080 | 0.83703 |
+---------+---------+---------+---------+
[2026-05-09 15:54:27,926 INFO][traineradasmoothlossprojlogit.py:337 - log_eval_epoch_info] - 
+---------+---------+---------+---------+---------+
| samples | nll     | ece     | aece    | cece    |
+---------+---------+---------+---------+---------+
| 5000    | 0.49319 | 0.02258 | 0.01822 | 0.01727 |
+---------+---------+---------+---------+---------+
[2026-05-09 15:54:28,158 INFO][traineradasmoothlossprojlogit.py:605 - train] - Epoch[127]	Best acc on Val : 0.8740 at epoch 111
[2026-05-09 15:54:28,158 INFO][traineradasmoothlossprojlogit.py:572 - train] - ====================
[2026-05-09 15:54:28,158 INFO][traineradasmoothlossprojlogit.py:573 - train] -  Start epoch 128
[2026-05-09 15:54:28,158 INFO][traineradasmoothlossprojlogit.py:574 - train] - ====================
[2026-05-09 15:54:34,371 INFO][traineradasmoothlossprojlogit.py:300 - log_iter_info] - Train Iter[100/351][128]	{"data_time": 0.00024, "batch_time": 0.05283, "loss": 0.51835, "acc": 0.82812, "mean_diffs": 6.04036}
[2026-05-09 15:54:39,665 INFO][traineradasmoothlossprojlogit.py:300 - log_iter_info] - Train Iter[200/351][128]	{"data_time": 0.00021, "batch_time": 0.05318, "loss": 0.48296, "acc": 0.85938, "mean_diffs": 5.87298}
[2026-05-09 15:54:44,967 INFO][traineradasmoothlossprojlogit.py:300 - log_iter_info] - Train Iter[300/351][128]	{"data_time": 0.00018, "batch_time": 0.05297, "loss": 0.48967, "acc": 0.88281, "mean_diffs": 5.64228}
[2026-05-09 15:54:47,775 INFO][traineradasmoothlossprojlogit.py:319 - log_epoch_info] - Train Epoch[128]	{"samples": 44928, "lr": 0.1, "loss": 0.47368, "acc": 0.88544, "acc_5": 0.99613, "macc": 0.88547, "mean_diffs": 5.8137, "max_diffs": 7.02532, "margin": 3.77224}
[2026-05-09 15:54:49,064 INFO][traineradasmoothlossprojlogit.py:333 - log_eval_epoch_info] - Val Epoch[128]	{"samples": 5000, "loss": 0.72803, "acc": 0.8164, "acc_5": 0.9888, "macc": 0.81609, "nll": 0.54187, "ece": 0.01857, "aece": 0.02323, "cece": 0.01961, "mean_diffs": 5.60161, "max_diffs": 6.87609, "margin": 3.45808}
[2026-05-09 15:54:49,064 INFO][traineradasmoothlossprojlogit.py:336 - log_eval_epoch_info] - 
+---------+---------+---------+---------+
| samples | acc     | acc_5   | macc    |
+---------+---------+---------+---------+
| 5000    | 0.81640 | 0.98880 | 0.81609 |
+---------+---------+---------+---------+
[2026-05-09 15:54:49,065 INFO][traineradasmoothlossprojlogit.py:337 - log_eval_epoch_info] - 
+---------+---------+---------+---------+---------+
| samples | nll     | ece     | aece    | cece    |
+---------+---------+---------+---------+---------+
| 5000    | 0.54187 | 0.01857 | 0.02323 | 0.01961 |
+---------+---------+---------+---------+---------+
[2026-05-09 15:54:49,294 INFO][traineradasmoothlossprojlogit.py:605 - train] - Epoch[128]	Best acc on Val : 0.8740 at epoch 111
[2026-05-09 15:54:49,294 INFO][traineradasmoothlossprojlogit.py:572 - train] - ====================
[2026-05-09 15:54:49,294 INFO][traineradasmoothlossprojlogit.py:573 - train] -  Start epoch 129
[2026-05-09 15:54:49,294 INFO][traineradasmoothlossprojlogit.py:574 - train] - ====================
[2026-05-09 15:54:55,180 INFO][traineradasmoothlossprojlogit.py:300 - log_iter_info] - Train Iter[100/351][129]	{"data_time": 0.00021, "batch_time": 0.05295, "loss": 0.43848, "acc": 0.90625, "mean_diffs": 6.25839}
[2026-05-09 15:55:00,472 INFO][traineradasmoothlossprojlogit.py:300 - log_iter_info] - Train Iter[200/351][129]	{"data_time": 0.00022, "batch_time": 0.053, "loss": 0.4642, "acc": 0.875, "mean_diffs": 5.79857}
[2026-05-09 15:55:05,773 INFO][traineradasmoothlossprojlogit.py:300 - log_iter_info] - Train Iter[300/351][129]	{"data_time": 0.00018, "batch_time": 0.05291, "loss": 0.51966, "acc": 0.86719, "mean_diffs": 5.31252}
[2026-05-09 15:55:08,583 INFO][traineradasmoothlossprojlogit.py:319 - log_epoch_info] - Train Epoch[129]	{"samples": 44928, "lr": 0.1, "loss": 0.46683, "acc": 0.88922, "acc_5": 0.99633, "macc": 0.88924, "mean_diffs": 5.86194, "max_diffs": 7.0515, "margin": 3.81413}
[2026-05-09 15:55:09,831 INFO][traineradasmoothlossprojlogit.py:333 - log_eval_epoch_info] - Val Epoch[129]	{"samples": 5000, "loss": 0.74799, "acc": 0.8022, "acc_5": 0.9872, "macc": 0.80336, "nll": 0.58875, "ece": 0.02873, "aece": 0.02918, "cece": 0.02362, "mean_diffs": 5.56916, "max_diffs": 6.84079, "margin": 3.52039}
[2026-05-09 15:55:09,835 INFO][traineradasmoothlossprojlogit.py:336 - log_eval_epoch_info] - 
+---------+---------+---------+---------+
| samples | acc     | acc_5   | macc    |
+---------+---------+---------+---------+
| 5000    | 0.80220 | 0.98720 | 0.80336 |
+---------+---------+---------+---------+
[2026-05-09 15:55:09,835 INFO][traineradasmoothlossprojlogit.py:337 - log_eval_epoch_info] - 
+---------+---------+---------+---------+---------+
| samples | nll     | ece     | aece    | cece    |
+---------+---------+---------+---------+---------+
| 5000    | 0.58875 | 0.02873 | 0.02918 | 0.02362 |
+---------+---------+---------+---------+---------+
[2026-05-09 15:55:10,057 INFO][traineradasmoothlossprojlogit.py:605 - train] - Epoch[129]	Best acc on Val : 0.8740 at epoch 111
[2026-05-09 15:55:10,057 INFO][traineradasmoothlossprojlogit.py:572 - train] - ====================
[2026-05-09 15:55:10,057 INFO][traineradasmoothlossprojlogit.py:573 - train] -  Start epoch 130
[2026-05-09 15:55:10,057 INFO][traineradasmoothlossprojlogit.py:574 - train] - ====================
[2026-05-09 15:55:15,993 INFO][traineradasmoothlossprojlogit.py:300 - log_iter_info] - Train Iter[100/351][130]	{"data_time": 0.00021, "batch_time": 0.05269, "loss": 0.52892, "acc": 0.875, "mean_diffs": 5.92792}
[2026-05-09 15:55:21,286 INFO][traineradasmoothlossprojlogit.py:300 - log_iter_info] - Train Iter[200/351][130]	{"data_time": 0.0002, "batch_time": 0.05279, "loss": 0.46265, "acc": 0.88281, "mean_diffs": 5.88274}
[2026-05-09 15:55:26,581 INFO][traineradasmoothlossprojlogit.py:300 - log_iter_info] - Train Iter[300/351][130]	{"data_time": 0.00019, "batch_time": 0.05297, "loss": 0.44546, "acc": 0.91406, "mean_diffs": 5.64756}
[2026-05-09 15:55:29,386 INFO][traineradasmoothlossprojlogit.py:319 - log_epoch_info] - Train Epoch[130]	{"samples": 44928, "lr": 0.1, "loss": 0.47463, "acc": 0.88682, "acc_5": 0.99606, "macc": 0.88684, "mean_diffs": 5.80326, "max_diffs": 6.98217, "margin": 3.76658}
[2026-05-09 15:55:30,646 INFO][traineradasmoothlossprojlogit.py:333 - log_eval_epoch_info] - Val Epoch[130]	{"samples": 5000, "loss": 0.66317, "acc": 0.8474, "acc_5": 0.9908, "macc": 0.8465, "nll": 0.46295, "ece": 0.01318, "aece": 0.01051, "cece": 0.01867, "mean_diffs": 5.92717, "max_diffs": 7.23923, "margin": 3.73086}
[2026-05-09 15:55:30,646 INFO][traineradasmoothlossprojlogit.py:336 - log_eval_epoch_info] - 
+---------+---------+---------+---------+
| samples | acc     | acc_5   | macc    |
+---------+---------+---------+---------+
| 5000    | 0.84740 | 0.99080 | 0.84650 |
+---------+---------+---------+---------+
[2026-05-09 15:55:30,646 INFO][traineradasmoothlossprojlogit.py:337 - log_eval_epoch_info] - 
+---------+---------+---------+---------+---------+
| samples | nll     | ece     | aece    | cece    |
+---------+---------+---------+---------+---------+
| 5000    | 0.46295 | 0.01318 | 0.01051 | 0.01867 |
+---------+---------+---------+---------+---------+
[2026-05-09 15:55:30,865 INFO][traineradasmoothlossprojlogit.py:605 - train] - Epoch[130]	Best acc on Val : 0.8740 at epoch 111
[2026-05-09 15:55:30,866 INFO][traineradasmoothlossprojlogit.py:572 - train] - ====================
[2026-05-09 15:55:30,866 INFO][traineradasmoothlossprojlogit.py:573 - train] -  Start epoch 131
[2026-05-09 15:55:30,866 INFO][traineradasmoothlossprojlogit.py:574 - train] - ====================
[2026-05-09 15:55:36,781 INFO][traineradasmoothlossprojlogit.py:300 - log_iter_info] - Train Iter[100/351][131]	{"data_time": 0.00024, "batch_time": 0.05283, "loss": 0.36567, "acc": 0.94531, "mean_diffs": 5.94001}
[2026-05-09 15:55:42,074 INFO][traineradasmoothlossprojlogit.py:300 - log_iter_info] - Train Iter[200/351][131]	{"data_time": 0.00022, "batch_time": 0.05304, "loss": 0.37298, "acc": 0.92188, "mean_diffs": 6.05662}
[2026-05-09 15:55:47,373 INFO][traineradasmoothlossprojlogit.py:300 - log_iter_info] - Train Iter[300/351][131]	{"data_time": 0.00019, "batch_time": 0.05303, "loss": 0.56094, "acc": 0.89062, "mean_diffs": 6.02933}
[2026-05-09 15:55:50,180 INFO][traineradasmoothlossprojlogit.py:319 - log_epoch_info] - Train Epoch[131]	{"samples": 44928, "lr": 0.1, "loss": 0.46976, "acc": 0.88499, "acc_5": 0.99597, "macc": 0.88501, "mean_diffs": 5.85818, "max_diffs": 7.05812, "margin": 3.7855}
[2026-05-09 15:55:51,446 INFO][traineradasmoothlossprojlogit.py:333 - log_eval_epoch_info] - Val Epoch[131]	{"samples": 5000, "loss": 0.74537, "acc": 0.8108, "acc_5": 0.9824, "macc": 0.80959, "nll": 0.58142, "ece": 0.03402, "aece": 0.03409, "cece": 0.02197, "mean_diffs": 5.79043, "max_diffs": 7.09456, "margin": 3.62971}
[2026-05-09 15:55:51,447 INFO][traineradasmoothlossprojlogit.py:336 - log_eval_epoch_info] - 
+---------+---------+---------+---------+
| samples | acc     | acc_5   | macc    |
+---------+---------+---------+---------+
| 5000    | 0.81080 | 0.98240 | 0.80959 |
+---------+---------+---------+---------+
[2026-05-09 15:55:51,447 INFO][traineradasmoothlossprojlogit.py:337 - log_eval_epoch_info] - 
+---------+---------+---------+---------+---------+
| samples | nll     | ece     | aece    | cece    |
+---------+---------+---------+---------+---------+
| 5000    | 0.58142 | 0.03402 | 0.03409 | 0.02197 |
+---------+---------+---------+---------+---------+
[2026-05-09 15:55:51,666 INFO][traineradasmoothlossprojlogit.py:605 - train] - Epoch[131]	Best acc on Val : 0.8740 at epoch 111
[2026-05-09 15:55:51,666 INFO][traineradasmoothlossprojlogit.py:572 - train] - ====================
[2026-05-09 15:55:51,667 INFO][traineradasmoothlossprojlogit.py:573 - train] -  Start epoch 132
[2026-05-09 15:55:51,667 INFO][traineradasmoothlossprojlogit.py:574 - train] - ====================
[2026-05-09 15:55:57,573 INFO][traineradasmoothlossprojlogit.py:300 - log_iter_info] - Train Iter[100/351][132]	{"data_time": 0.00027, "batch_time": 0.053, "loss": 0.52242, "acc": 0.875, "mean_diffs": 5.5201}
[2026-05-09 15:56:03,176 INFO][traineradasmoothlossprojlogit.py:300 - log_iter_info] - Train Iter[200/351][132]	{"data_time": 0.00021, "batch_time": 0.05302, "loss": 0.43442, "acc": 0.92188, "mean_diffs": 6.04214}
[2026-05-09 15:56:08,488 INFO][traineradasmoothlossprojlogit.py:300 - log_iter_info] - Train Iter[300/351][132]	{"data_time": 0.00023, "batch_time": 0.05366, "loss": 0.51144, "acc": 0.85938, "mean_diffs": 5.96212}
[2026-05-09 15:56:11,292 INFO][traineradasmoothlossprojlogit.py:319 - log_epoch_info] - Train Epoch[132]	{"samples": 44928, "lr": 0.1, "loss": 0.46997, "acc": 0.88504, "acc_5": 0.99628, "macc": 0.88506, "mean_diffs": 5.8511, "max_diffs": 7.02414, "margin": 3.81091}
[2026-05-09 15:56:12,547 INFO][traineradasmoothlossprojlogit.py:333 - log_eval_epoch_info] - Val Epoch[132]	{"samples": 5000, "loss": 0.7226, "acc": 0.824, "acc_5": 0.991, "macc": 0.82376, "nll": 0.5251, "ece": 0.01966, "aece": 0.01578, "cece": 0.02034, "mean_diffs": 5.33799, "max_diffs": 6.62355, "margin": 3.31671}
[2026-05-09 15:56:12,547 INFO][traineradasmoothlossprojlogit.py:336 - log_eval_epoch_info] - 
+---------+---------+---------+---------+
| samples | acc     | acc_5   | macc    |
+---------+---------+---------+---------+
| 5000    | 0.82400 | 0.99100 | 0.82376 |
+---------+---------+---------+---------+
[2026-05-09 15:56:12,548 INFO][traineradasmoothlossprojlogit.py:337 - log_eval_epoch_info] - 
+---------+---------+---------+---------+---------+
| samples | nll     | ece     | aece    | cece    |
+---------+---------+---------+---------+---------+
| 5000    | 0.52510 | 0.01966 | 0.01578 | 0.02034 |
+---------+---------+---------+---------+---------+
[2026-05-09 15:56:12,767 INFO][traineradasmoothlossprojlogit.py:605 - train] - Epoch[132]	Best acc on Val : 0.8740 at epoch 111
[2026-05-09 15:56:12,768 INFO][traineradasmoothlossprojlogit.py:572 - train] - ====================
[2026-05-09 15:56:12,768 INFO][traineradasmoothlossprojlogit.py:573 - train] -  Start epoch 133
[2026-05-09 15:56:12,768 INFO][traineradasmoothlossprojlogit.py:574 - train] - ====================
[2026-05-09 15:56:18,679 INFO][traineradasmoothlossprojlogit.py:300 - log_iter_info] - Train Iter[100/351][133]	{"data_time": 0.00025, "batch_time": 0.05306, "loss": 0.52339, "acc": 0.89062, "mean_diffs": 5.64884}
[2026-05-09 15:56:23,979 INFO][traineradasmoothlossprojlogit.py:300 - log_iter_info] - Train Iter[200/351][133]	{"data_time": 0.00027, "batch_time": 0.05293, "loss": 0.46571, "acc": 0.89844, "mean_diffs": 5.98919}
[2026-05-09 15:56:29,295 INFO][traineradasmoothlossprojlogit.py:300 - log_iter_info] - Train Iter[300/351][133]	{"data_time": 0.0002, "batch_time": 0.05293, "loss": 0.40315, "acc": 0.90625, "mean_diffs": 5.92694}
[2026-05-09 15:56:32,100 INFO][traineradasmoothlossprojlogit.py:319 - log_epoch_info] - Train Epoch[133]	{"samples": 44928, "lr": 0.1, "loss": 0.47089, "acc": 0.88718, "acc_5": 0.99564, "macc": 0.88719, "mean_diffs": 5.81766, "max_diffs": 6.99129, "margin": 3.79692}
[2026-05-09 15:56:33,374 INFO][traineradasmoothlossprojlogit.py:333 - log_eval_epoch_info] - Val Epoch[133]	{"samples": 5000, "loss": 0.70895, "acc": 0.815, "acc_5": 0.9898, "macc": 0.81559, "nll": 0.54501, "ece": 0.02406, "aece": 0.02551, "cece": 0.02149, "mean_diffs": 5.62071, "max_diffs": 6.80363, "margin": 3.68364}
[2026-05-09 15:56:33,374 INFO][traineradasmoothlossprojlogit.py:336 - log_eval_epoch_info] - 
+---------+---------+---------+---------+
| samples | acc     | acc_5   | macc    |
+---------+---------+---------+---------+
| 5000    | 0.81500 | 0.98980 | 0.81559 |
+---------+---------+---------+---------+
[2026-05-09 15:56:33,374 INFO][traineradasmoothlossprojlogit.py:337 - log_eval_epoch_info] - 
+---------+---------+---------+---------+---------+
| samples | nll     | ece     | aece    | cece    |
+---------+---------+---------+---------+---------+
| 5000    | 0.54501 | 0.02406 | 0.02551 | 0.02149 |
+---------+---------+---------+---------+---------+
[2026-05-09 15:56:33,595 INFO][traineradasmoothlossprojlogit.py:605 - train] - Epoch[133]	Best acc on Val : 0.8740 at epoch 111
[2026-05-09 15:56:33,595 INFO][traineradasmoothlossprojlogit.py:572 - train] - ====================
[2026-05-09 15:56:33,595 INFO][traineradasmoothlossprojlogit.py:573 - train] -  Start epoch 134
[2026-05-09 15:56:33,595 INFO][traineradasmoothlossprojlogit.py:574 - train] - ====================
[2026-05-09 15:56:39,550 INFO][traineradasmoothlossprojlogit.py:300 - log_iter_info] - Train Iter[100/351][134]	{"data_time": 0.00025, "batch_time": 0.05303, "loss": 0.51166, "acc": 0.84375, "mean_diffs": 6.15385}
[2026-05-09 15:56:44,856 INFO][traineradasmoothlossprojlogit.py:300 - log_iter_info] - Train Iter[200/351][134]	{"data_time": 0.00027, "batch_time": 0.05296, "loss": 0.55505, "acc": 0.85938, "mean_diffs": 5.62609}
[2026-05-09 15:56:50,165 INFO][traineradasmoothlossprojlogit.py:300 - log_iter_info] - Train Iter[300/351][134]	{"data_time": 0.00039, "batch_time": 0.0531, "loss": 0.52127, "acc": 0.85938, "mean_diffs": 5.43733}
[2026-05-09 15:56:52,968 INFO][traineradasmoothlossprojlogit.py:319 - log_epoch_info] - Train Epoch[134]	{"samples": 44928, "lr": 0.1, "loss": 0.47108, "acc": 0.88508, "acc_5": 0.99584, "macc": 0.8851, "mean_diffs": 5.84935, "max_diffs": 7.02227, "margin": 3.79569}
[2026-05-09 15:56:54,237 INFO][traineradasmoothlossprojlogit.py:333 - log_eval_epoch_info] - Val Epoch[134]	{"samples": 5000, "loss": 0.65444, "acc": 0.857, "acc_5": 0.9946, "macc": 0.85736, "nll": 0.4356, "ece": 0.02112, "aece": 0.01696, "cece": 0.01612, "mean_diffs": 5.56475, "max_diffs": 6.71162, "margin": 3.61599}
[2026-05-09 15:56:54,237 INFO][traineradasmoothlossprojlogit.py:336 - log_eval_epoch_info] - 
+---------+---------+---------+---------+
| samples | acc     | acc_5   | macc    |
+---------+---------+---------+---------+
| 5000    | 0.85700 | 0.99460 | 0.85736 |
+---------+---------+---------+---------+
[2026-05-09 15:56:54,237 INFO][traineradasmoothlossprojlogit.py:337 - log_eval_epoch_info] - 
+---------+---------+---------+---------+---------+
| samples | nll     | ece     | aece    | cece    |
+---------+---------+---------+---------+---------+
| 5000    | 0.43560 | 0.02112 | 0.01696 | 0.01612 |
+---------+---------+---------+---------+---------+
[2026-05-09 15:56:54,463 INFO][traineradasmoothlossprojlogit.py:605 - train] - Epoch[134]	Best acc on Val : 0.8740 at epoch 111
[2026-05-09 15:56:54,463 INFO][traineradasmoothlossprojlogit.py:572 - train] - ====================
[2026-05-09 15:56:54,463 INFO][traineradasmoothlossprojlogit.py:573 - train] -  Start epoch 135
[2026-05-09 15:56:54,463 INFO][traineradasmoothlossprojlogit.py:574 - train] - ====================
[2026-05-09 15:57:00,379 INFO][traineradasmoothlossprojlogit.py:300 - log_iter_info] - Train Iter[100/351][135]	{"data_time": 0.00026, "batch_time": 0.05279, "loss": 0.34061, "acc": 0.95312, "mean_diffs": 5.88912}
[2026-05-09 15:57:05,670 INFO][traineradasmoothlossprojlogit.py:300 - log_iter_info] - Train Iter[200/351][135]	{"data_time": 0.00026, "batch_time": 0.05304, "loss": 0.48194, "acc": 0.89062, "mean_diffs": 5.81516}
[2026-05-09 15:57:10,968 INFO][traineradasmoothlossprojlogit.py:300 - log_iter_info] - Train Iter[300/351][135]	{"data_time": 0.00019, "batch_time": 0.05293, "loss": 0.35918, "acc": 0.9375, "mean_diffs": 6.04051}
[2026-05-09 15:57:13,762 INFO][traineradasmoothlossprojlogit.py:319 - log_epoch_info] - Train Epoch[135]	{"samples": 44928, "lr": 0.1, "loss": 0.47164, "acc": 0.88722, "acc_5": 0.99577, "macc": 0.88724, "mean_diffs": 5.80631, "max_diffs": 6.97118, "margin": 3.78416}
[2026-05-09 15:57:15,022 INFO][traineradasmoothlossprojlogit.py:333 - log_eval_epoch_info] - Val Epoch[135]	{"samples": 5000, "loss": 0.66197, "acc": 0.8376, "acc_5": 0.9924, "macc": 0.83574, "nll": 0.51154, "ece": 0.0322, "aece": 0.03406, "cece": 0.01996, "mean_diffs": 5.44362, "max_diffs": 6.61304, "margin": 3.64946}
[2026-05-09 15:57:15,023 INFO][traineradasmoothlossprojlogit.py:336 - log_eval_epoch_info] - 
+---------+---------+---------+---------+
| samples | acc     | acc_5   | macc    |
+---------+---------+---------+---------+
| 5000    | 0.83760 | 0.99240 | 0.83574 |
+---------+---------+---------+---------+
[2026-05-09 15:57:15,023 INFO][traineradasmoothlossprojlogit.py:337 - log_eval_epoch_info] - 
+---------+---------+---------+---------+---------+
| samples | nll     | ece     | aece    | cece    |
+---------+---------+---------+---------+---------+
| 5000    | 0.51154 | 0.03220 | 0.03406 | 0.01996 |
+---------+---------+---------+---------+---------+
[2026-05-09 15:57:15,243 INFO][traineradasmoothlossprojlogit.py:605 - train] - Epoch[135]	Best acc on Val : 0.8740 at epoch 111
[2026-05-09 15:57:15,243 INFO][traineradasmoothlossprojlogit.py:572 - train] - ====================
[2026-05-09 15:57:15,243 INFO][traineradasmoothlossprojlogit.py:573 - train] -  Start epoch 136
[2026-05-09 15:57:15,243 INFO][traineradasmoothlossprojlogit.py:574 - train] - ====================
[2026-05-09 15:57:21,406 INFO][traineradasmoothlossprojlogit.py:300 - log_iter_info] - Train Iter[100/351][136]	{"data_time": 0.0002, "batch_time": 0.05294, "loss": 0.38126, "acc": 0.92969, "mean_diffs": 5.92502}
[2026-05-09 15:57:26,701 INFO][traineradasmoothlossprojlogit.py:300 - log_iter_info] - Train Iter[200/351][136]	{"data_time": 0.00026, "batch_time": 0.05312, "loss": 0.44165, "acc": 0.88281, "mean_diffs": 5.85721}
[2026-05-09 15:57:32,007 INFO][traineradasmoothlossprojlogit.py:300 - log_iter_info] - Train Iter[300/351][136]	{"data_time": 0.00023, "batch_time": 0.05336, "loss": 0.55201, "acc": 0.875, "mean_diffs": 5.57391}
[2026-05-09 15:57:34,823 INFO][traineradasmoothlossprojlogit.py:319 - log_epoch_info] - Train Epoch[136]	{"samples": 44928, "lr": 0.1, "loss": 0.47366, "acc": 0.88401, "acc_5": 0.99602, "macc": 0.88404, "mean_diffs": 5.83089, "max_diffs": 7.03144, "margin": 3.80017}
[2026-05-09 15:57:36,092 INFO][traineradasmoothlossprojlogit.py:333 - log_eval_epoch_info] - Val Epoch[136]	{"samples": 5000, "loss": 0.61956, "acc": 0.8632, "acc_5": 0.992, "macc": 0.86337, "nll": 0.42792, "ece": 0.02208, "aece": 0.02122, "cece": 0.01226, "mean_diffs": 5.98871, "max_diffs": 7.28563, "margin": 3.83446}
[2026-05-09 15:57:36,093 INFO][traineradasmoothlossprojlogit.py:336 - log_eval_epoch_info] - 
+---------+---------+---------+---------+
| samples | acc     | acc_5   | macc    |
+---------+---------+---------+---------+
| 5000    | 0.86320 | 0.99200 | 0.86337 |
+---------+---------+---------+---------+
[2026-05-09 15:57:36,093 INFO][traineradasmoothlossprojlogit.py:337 - log_eval_epoch_info] - 
+---------+---------+---------+---------+---------+
| samples | nll     | ece     | aece    | cece    |
+---------+---------+---------+---------+---------+
| 5000    | 0.42792 | 0.02208 | 0.02122 | 0.01226 |
+---------+---------+---------+---------+---------+
[2026-05-09 15:57:36,316 INFO][traineradasmoothlossprojlogit.py:605 - train] - Epoch[136]	Best acc on Val : 0.8740 at epoch 111
[2026-05-09 15:57:36,316 INFO][traineradasmoothlossprojlogit.py:572 - train] - ====================
[2026-05-09 15:57:36,316 INFO][traineradasmoothlossprojlogit.py:573 - train] -  Start epoch 137
[2026-05-09 15:57:36,316 INFO][traineradasmoothlossprojlogit.py:574 - train] - ====================
[2026-05-09 15:57:42,228 INFO][traineradasmoothlossprojlogit.py:300 - log_iter_info] - Train Iter[100/351][137]	{"data_time": 0.0002, "batch_time": 0.05278, "loss": 0.50718, "acc": 0.89062, "mean_diffs": 5.86504}
[2026-05-09 15:57:47,517 INFO][traineradasmoothlossprojlogit.py:300 - log_iter_info] - Train Iter[200/351][137]	{"data_time": 0.00021, "batch_time": 0.05263, "loss": 0.46354, "acc": 0.89844, "mean_diffs": 5.61659}
[2026-05-09 15:57:52,812 INFO][traineradasmoothlossprojlogit.py:300 - log_iter_info] - Train Iter[300/351][137]	{"data_time": 0.00023, "batch_time": 0.0529, "loss": 0.44585, "acc": 0.91406, "mean_diffs": 5.79834}
[2026-05-09 15:57:55,607 INFO][traineradasmoothlossprojlogit.py:319 - log_epoch_info] - Train Epoch[137]	{"samples": 44928, "lr": 0.1, "loss": 0.46853, "acc": 0.88851, "acc_5": 0.99646, "macc": 0.88853, "mean_diffs": 5.84503, "max_diffs": 7.03872, "margin": 3.82139}
[2026-05-09 15:57:56,886 INFO][traineradasmoothlossprojlogit.py:333 - log_eval_epoch_info] - Val Epoch[137]	{"samples": 5000, "loss": 0.77159, "acc": 0.826, "acc_5": 0.9864, "macc": 0.82615, "nll": 0.54333, "ece": 0.0146, "aece": 0.0109, "cece": 0.01911, "mean_diffs": 6.1696, "max_diffs": 7.527, "margin": 3.88583}
[2026-05-09 15:57:56,886 INFO][traineradasmoothlossprojlogit.py:336 - log_eval_epoch_info] - 
+---------+---------+---------+---------+
| samples | acc     | acc_5   | macc    |
+---------+---------+---------+---------+
| 5000    | 0.82600 | 0.98640 | 0.82615 |
+---------+---------+---------+---------+
[2026-05-09 15:57:56,886 INFO][traineradasmoothlossprojlogit.py:337 - log_eval_epoch_info] - 
+---------+---------+---------+---------+---------+
| samples | nll     | ece     | aece    | cece    |
+---------+---------+---------+---------+---------+
| 5000    | 0.54333 | 0.01460 | 0.01090 | 0.01911 |
+---------+---------+---------+---------+---------+
[2026-05-09 15:57:57,104 INFO][traineradasmoothlossprojlogit.py:605 - train] - Epoch[137]	Best acc on Val : 0.8740 at epoch 111
[2026-05-09 15:57:57,104 INFO][traineradasmoothlossprojlogit.py:572 - train] - ====================
[2026-05-09 15:57:57,104 INFO][traineradasmoothlossprojlogit.py:573 - train] -  Start epoch 138
[2026-05-09 15:57:57,104 INFO][traineradasmoothlossprojlogit.py:574 - train] - ====================
[2026-05-09 15:58:03,026 INFO][traineradasmoothlossprojlogit.py:300 - log_iter_info] - Train Iter[100/351][138]	{"data_time": 0.00038, "batch_time": 0.05296, "loss": 0.43536, "acc": 0.88281, "mean_diffs": 5.90275}
[2026-05-09 15:58:08,317 INFO][traineradasmoothlossprojlogit.py:300 - log_iter_info] - Train Iter[200/351][138]	{"data_time": 0.00026, "batch_time": 0.05274, "loss": 0.47907, "acc": 0.875, "mean_diffs": 6.0393}
[2026-05-09 15:58:13,615 INFO][traineradasmoothlossprojlogit.py:300 - log_iter_info] - Train Iter[300/351][138]	{"data_time": 0.00023, "batch_time": 0.0527, "loss": 0.59456, "acc": 0.86719, "mean_diffs": 5.77779}
[2026-05-09 15:58:16,415 INFO][traineradasmoothlossprojlogit.py:319 - log_epoch_info] - Train Epoch[138]	{"samples": 44928, "lr": 0.1, "loss": 0.46911, "acc": 0.88775, "acc_5": 0.99644, "macc": 0.88778, "mean_diffs": 5.81975, "max_diffs": 7.0178, "margin": 3.79988}
[2026-05-09 15:58:17,699 INFO][traineradasmoothlossprojlogit.py:333 - log_eval_epoch_info] - Val Epoch[138]	{"samples": 5000, "loss": 0.7787, "acc": 0.807, "acc_5": 0.9862, "macc": 0.80545, "nll": 0.5928, "ece": 0.02765, "aece": 0.02571, "cece": 0.02381, "mean_diffs": 5.67065, "max_diffs": 7.04514, "margin": 3.68557}
[2026-05-09 15:58:17,699 INFO][traineradasmoothlossprojlogit.py:336 - log_eval_epoch_info] - 
+---------+---------+---------+---------+
| samples | acc     | acc_5   | macc    |
+---------+---------+---------+---------+
| 5000    | 0.80700 | 0.98620 | 0.80545 |
+---------+---------+---------+---------+
[2026-05-09 15:58:17,699 INFO][traineradasmoothlossprojlogit.py:337 - log_eval_epoch_info] - 
+---------+---------+---------+---------+---------+
| samples | nll     | ece     | aece    | cece    |
+---------+---------+---------+---------+---------+
| 5000    | 0.59280 | 0.02765 | 0.02571 | 0.02381 |
+---------+---------+---------+---------+---------+
[2026-05-09 15:58:17,921 INFO][traineradasmoothlossprojlogit.py:605 - train] - Epoch[138]	Best acc on Val : 0.8740 at epoch 111
[2026-05-09 15:58:17,921 INFO][traineradasmoothlossprojlogit.py:572 - train] - ====================
[2026-05-09 15:58:17,921 INFO][traineradasmoothlossprojlogit.py:573 - train] -  Start epoch 139
[2026-05-09 15:58:17,921 INFO][traineradasmoothlossprojlogit.py:574 - train] - ====================
[2026-05-09 15:58:23,831 INFO][traineradasmoothlossprojlogit.py:300 - log_iter_info] - Train Iter[100/351][139]	{"data_time": 0.00024, "batch_time": 0.05267, "loss": 0.37611, "acc": 0.92188, "mean_diffs": 6.01537}
[2026-05-09 15:58:29,122 INFO][traineradasmoothlossprojlogit.py:300 - log_iter_info] - Train Iter[200/351][139]	{"data_time": 0.00023, "batch_time": 0.05295, "loss": 0.59744, "acc": 0.875, "mean_diffs": 5.74541}
[2026-05-09 15:58:34,425 INFO][traineradasmoothlossprojlogit.py:300 - log_iter_info] - Train Iter[300/351][139]	{"data_time": 0.00027, "batch_time": 0.05284, "loss": 0.4876, "acc": 0.875, "mean_diffs": 6.16043}
[2026-05-09 15:58:37,225 INFO][traineradasmoothlossprojlogit.py:319 - log_epoch_info] - Train Epoch[139]	{"samples": 44928, "lr": 0.1, "loss": 0.46878, "acc": 0.88907, "acc_5": 0.99597, "macc": 0.8891, "mean_diffs": 5.80124, "max_diffs": 6.98749, "margin": 3.79489}
[2026-05-09 15:58:38,497 INFO][traineradasmoothlossprojlogit.py:333 - log_eval_epoch_info] - Val Epoch[139]	{"samples": 5000, "loss": 0.78411, "acc": 0.8016, "acc_5": 0.9822, "macc": 0.80123, "nll": 0.60957, "ece": 0.03215, "aece": 0.03292, "cece": 0.02569, "mean_diffs": 5.93876, "max_diffs": 7.31471, "margin": 3.66289}
[2026-05-09 15:58:38,497 INFO][traineradasmoothlossprojlogit.py:336 - log_eval_epoch_info] - 
+---------+---------+---------+---------+
| samples | acc     | acc_5   | macc    |
+---------+---------+---------+---------+
| 5000    | 0.80160 | 0.98220 | 0.80123 |
+---------+---------+---------+---------+
[2026-05-09 15:58:38,498 INFO][traineradasmoothlossprojlogit.py:337 - log_eval_epoch_info] - 
+---------+---------+---------+---------+---------+
| samples | nll     | ece     | aece    | cece    |
+---------+---------+---------+---------+---------+
| 5000    | 0.60957 | 0.03215 | 0.03292 | 0.02569 |
+---------+---------+---------+---------+---------+
[2026-05-09 15:58:38,720 INFO][traineradasmoothlossprojlogit.py:605 - train] - Epoch[139]	Best acc on Val : 0.8740 at epoch 111
[2026-05-09 15:58:38,721 INFO][traineradasmoothlossprojlogit.py:572 - train] - ====================
[2026-05-09 15:58:38,721 INFO][traineradasmoothlossprojlogit.py:573 - train] -  Start epoch 140
[2026-05-09 15:58:38,721 INFO][traineradasmoothlossprojlogit.py:574 - train] - ====================
[2026-05-09 15:58:44,647 INFO][traineradasmoothlossprojlogit.py:300 - log_iter_info] - Train Iter[100/351][140]	{"data_time": 0.00025, "batch_time": 0.05288, "loss": 0.44843, "acc": 0.92188, "mean_diffs": 6.01204}
[2026-05-09 15:58:49,941 INFO][traineradasmoothlossprojlogit.py:300 - log_iter_info] - Train Iter[200/351][140]	{"data_time": 0.00041, "batch_time": 0.05314, "loss": 0.53708, "acc": 0.85938, "mean_diffs": 6.0124}
[2026-05-09 15:58:55,507 INFO][traineradasmoothlossprojlogit.py:300 - log_iter_info] - Train Iter[300/351][140]	{"data_time": 0.00019, "batch_time": 0.05306, "loss": 0.39404, "acc": 0.90625, "mean_diffs": 5.83733}
[2026-05-09 15:58:58,329 INFO][traineradasmoothlossprojlogit.py:319 - log_epoch_info] - Train Epoch[140]	{"samples": 44928, "lr": 0.1, "loss": 0.47132, "acc": 0.8872, "acc_5": 0.99568, "macc": 0.88722, "mean_diffs": 5.82808, "max_diffs": 7.02948, "margin": 3.78404}
[2026-05-09 15:58:59,602 INFO][traineradasmoothlossprojlogit.py:333 - log_eval_epoch_info] - Val Epoch[140]	{"samples": 5000, "loss": 0.59507, "acc": 0.8616, "acc_5": 0.994, "macc": 0.86238, "nll": 0.42254, "ece": 0.01723, "aece": 0.01784, "cece": 0.01455, "mean_diffs": 5.89852, "max_diffs": 7.19442, "margin": 3.75975}
[2026-05-09 15:58:59,603 INFO][traineradasmoothlossprojlogit.py:336 - log_eval_epoch_info] - 
+---------+---------+---------+---------+
| samples | acc     | acc_5   | macc    |
+---------+---------+---------+---------+
| 5000    | 0.86160 | 0.99400 | 0.86238 |
+---------+---------+---------+---------+
[2026-05-09 15:58:59,603 INFO][traineradasmoothlossprojlogit.py:337 - log_eval_epoch_info] - 
+---------+---------+---------+---------+---------+
| samples | nll     | ece     | aece    | cece    |
+---------+---------+---------+---------+---------+
| 5000    | 0.42254 | 0.01723 | 0.01784 | 0.01455 |
+---------+---------+---------+---------+---------+
[2026-05-09 15:58:59,827 INFO][traineradasmoothlossprojlogit.py:605 - train] - Epoch[140]	Best acc on Val : 0.8740 at epoch 111
[2026-05-09 15:58:59,827 INFO][traineradasmoothlossprojlogit.py:572 - train] - ====================
[2026-05-09 15:58:59,827 INFO][traineradasmoothlossprojlogit.py:573 - train] -  Start epoch 141
[2026-05-09 15:58:59,828 INFO][traineradasmoothlossprojlogit.py:574 - train] - ====================
[2026-05-09 15:59:05,738 INFO][traineradasmoothlossprojlogit.py:300 - log_iter_info] - Train Iter[100/351][141]	{"data_time": 0.00042, "batch_time": 0.05298, "loss": 0.40495, "acc": 0.91406, "mean_diffs": 5.67243}
[2026-05-09 15:59:11,031 INFO][traineradasmoothlossprojlogit.py:300 - log_iter_info] - Train Iter[200/351][141]	{"data_time": 0.0002, "batch_time": 0.0528, "loss": 0.44036, "acc": 0.88281, "mean_diffs": 5.92434}
[2026-05-09 15:59:16,324 INFO][traineradasmoothlossprojlogit.py:300 - log_iter_info] - Train Iter[300/351][141]	{"data_time": 0.00037, "batch_time": 0.05324, "loss": 0.5559, "acc": 0.85938, "mean_diffs": 5.86763}
[2026-05-09 15:59:19,129 INFO][traineradasmoothlossprojlogit.py:319 - log_epoch_info] - Train Epoch[141]	{"samples": 44928, "lr": 0.1, "loss": 0.46607, "acc": 0.88889, "acc_5": 0.99668, "macc": 0.88889, "mean_diffs": 5.85164, "max_diffs": 7.0587, "margin": 3.82926}
[2026-05-09 15:59:20,398 INFO][traineradasmoothlossprojlogit.py:333 - log_eval_epoch_info] - Val Epoch[141]	{"samples": 5000, "loss": 0.92858, "acc": 0.7656, "acc_5": 0.9802, "macc": 0.76763, "nll": 0.7237, "ece": 0.05134, "aece": 0.05301, "cece": 0.03021, "mean_diffs": 5.58069, "max_diffs": 6.93729, "margin": 3.30973}
[2026-05-09 15:59:20,399 INFO][traineradasmoothlossprojlogit.py:336 - log_eval_epoch_info] - 
+---------+---------+---------+---------+
| samples | acc     | acc_5   | macc    |
+---------+---------+---------+---------+
| 5000    | 0.76560 | 0.98020 | 0.76763 |
+---------+---------+---------+---------+
[2026-05-09 15:59:20,399 INFO][traineradasmoothlossprojlogit.py:337 - log_eval_epoch_info] - 
+---------+---------+---------+---------+---------+
| samples | nll     | ece     | aece    | cece    |
+---------+---------+---------+---------+---------+
| 5000    | 0.72370 | 0.05134 | 0.05301 | 0.03021 |
+---------+---------+---------+---------+---------+
[2026-05-09 15:59:20,617 INFO][traineradasmoothlossprojlogit.py:605 - train] - Epoch[141]	Best acc on Val : 0.8740 at epoch 111
[2026-05-09 15:59:20,617 INFO][traineradasmoothlossprojlogit.py:572 - train] - ====================
[2026-05-09 15:59:20,617 INFO][traineradasmoothlossprojlogit.py:573 - train] -  Start epoch 142
[2026-05-09 15:59:20,617 INFO][traineradasmoothlossprojlogit.py:574 - train] - ====================
[2026-05-09 15:59:26,520 INFO][traineradasmoothlossprojlogit.py:300 - log_iter_info] - Train Iter[100/351][142]	{"data_time": 0.00026, "batch_time": 0.05316, "loss": 0.61069, "acc": 0.86719, "mean_diffs": 5.51237}
[2026-05-09 15:59:31,814 INFO][traineradasmoothlossprojlogit.py:300 - log_iter_info] - Train Iter[200/351][142]	{"data_time": 0.0002, "batch_time": 0.05277, "loss": 0.45072, "acc": 0.88281, "mean_diffs": 5.44216}
[2026-05-09 15:59:37,115 INFO][traineradasmoothlossprojlogit.py:300 - log_iter_info] - Train Iter[300/351][142]	{"data_time": 0.00019, "batch_time": 0.05315, "loss": 0.41183, "acc": 0.89062, "mean_diffs": 6.06941}
[2026-05-09 15:59:39,913 INFO][traineradasmoothlossprojlogit.py:319 - log_epoch_info] - Train Epoch[142]	{"samples": 44928, "lr": 0.1, "loss": 0.47819, "acc": 0.88384, "acc_5": 0.99604, "macc": 0.88386, "mean_diffs": 5.78179, "max_diffs": 6.97667, "margin": 3.74528}
[2026-05-09 15:59:41,174 INFO][traineradasmoothlossprojlogit.py:333 - log_eval_epoch_info] - Val Epoch[142]	{"samples": 5000, "loss": 0.90652, "acc": 0.7706, "acc_5": 0.9816, "macc": 0.76893, "nll": 0.71319, "ece": 0.03979, "aece": 0.03732, "cece": 0.0342, "mean_diffs": 5.4749, "max_diffs": 6.85685, "margin": 3.39268}
[2026-05-09 15:59:41,175 INFO][traineradasmoothlossprojlogit.py:336 - log_eval_epoch_info] - 
+---------+---------+---------+---------+
| samples | acc     | acc_5   | macc    |
+---------+---------+---------+---------+
| 5000    | 0.77060 | 0.98160 | 0.76893 |
+---------+---------+---------+---------+
[2026-05-09 15:59:41,175 INFO][traineradasmoothlossprojlogit.py:337 - log_eval_epoch_info] - 
+---------+---------+---------+---------+---------+
| samples | nll     | ece     | aece    | cece    |
+---------+---------+---------+---------+---------+
| 5000    | 0.71319 | 0.03979 | 0.03732 | 0.03420 |
+---------+---------+---------+---------+---------+
[2026-05-09 15:59:41,394 INFO][traineradasmoothlossprojlogit.py:605 - train] - Epoch[142]	Best acc on Val : 0.8740 at epoch 111
[2026-05-09 15:59:41,394 INFO][traineradasmoothlossprojlogit.py:572 - train] - ====================
[2026-05-09 15:59:41,394 INFO][traineradasmoothlossprojlogit.py:573 - train] -  Start epoch 143
[2026-05-09 15:59:41,394 INFO][traineradasmoothlossprojlogit.py:574 - train] - ====================
[2026-05-09 15:59:47,296 INFO][traineradasmoothlossprojlogit.py:300 - log_iter_info] - Train Iter[100/351][143]	{"data_time": 0.00022, "batch_time": 0.05284, "loss": 0.57029, "acc": 0.85156, "mean_diffs": 5.69063}
[2026-05-09 15:59:52,585 INFO][traineradasmoothlossprojlogit.py:300 - log_iter_info] - Train Iter[200/351][143]	{"data_time": 0.00038, "batch_time": 0.05314, "loss": 0.44831, "acc": 0.89062, "mean_diffs": 6.01118}
[2026-05-09 15:59:57,879 INFO][traineradasmoothlossprojlogit.py:300 - log_iter_info] - Train Iter[300/351][143]	{"data_time": 0.00024, "batch_time": 0.05322, "loss": 0.38698, "acc": 0.9375, "mean_diffs": 6.08506}
[2026-05-09 16:00:00,674 INFO][traineradasmoothlossprojlogit.py:319 - log_epoch_info] - Train Epoch[143]	{"samples": 44928, "lr": 0.1, "loss": 0.46434, "acc": 0.88835, "acc_5": 0.99615, "macc": 0.88836, "mean_diffs": 5.85977, "max_diffs": 7.04085, "margin": 3.83554}
[2026-05-09 16:00:01,953 INFO][traineradasmoothlossprojlogit.py:333 - log_eval_epoch_info] - Val Epoch[143]	{"samples": 5000, "loss": 0.93208, "acc": 0.7566, "acc_5": 0.9802, "macc": 0.75675, "nll": 0.74516, "ece": 0.04551, "aece": 0.04723, "cece": 0.03097, "mean_diffs": 5.53284, "max_diffs": 6.93105, "margin": 3.24361}
[2026-05-09 16:00:01,954 INFO][traineradasmoothlossprojlogit.py:336 - log_eval_epoch_info] - 
+---------+---------+---------+---------+
| samples | acc     | acc_5   | macc    |
+---------+---------+---------+---------+
| 5000    | 0.75660 | 0.98020 | 0.75675 |
+---------+---------+---------+---------+
[2026-05-09 16:00:01,954 INFO][traineradasmoothlossprojlogit.py:337 - log_eval_epoch_info] - 
+---------+---------+---------+---------+---------+
| samples | nll     | ece     | aece    | cece    |
+---------+---------+---------+---------+---------+
| 5000    | 0.74516 | 0.04551 | 0.04723 | 0.03097 |
+---------+---------+---------+---------+---------+
[2026-05-09 16:00:02,174 INFO][traineradasmoothlossprojlogit.py:605 - train] - Epoch[143]	Best acc on Val : 0.8740 at epoch 111
[2026-05-09 16:00:02,174 INFO][traineradasmoothlossprojlogit.py:572 - train] - ====================
[2026-05-09 16:00:02,174 INFO][traineradasmoothlossprojlogit.py:573 - train] -  Start epoch 144
[2026-05-09 16:00:02,174 INFO][traineradasmoothlossprojlogit.py:574 - train] - ====================
[2026-05-09 16:00:08,085 INFO][traineradasmoothlossprojlogit.py:300 - log_iter_info] - Train Iter[100/351][144]	{"data_time": 0.00021, "batch_time": 0.0528, "loss": 0.48202, "acc": 0.85938, "mean_diffs": 5.83544}
[2026-05-09 16:00:13,379 INFO][traineradasmoothlossprojlogit.py:300 - log_iter_info] - Train Iter[200/351][144]	{"data_time": 0.0002, "batch_time": 0.05264, "loss": 0.52694, "acc": 0.88281, "mean_diffs": 5.58639}
[2026-05-09 16:00:18,679 INFO][traineradasmoothlossprojlogit.py:300 - log_iter_info] - Train Iter[300/351][144]	{"data_time": 0.00024, "batch_time": 0.05302, "loss": 0.49367, "acc": 0.89062, "mean_diffs": 5.69545}
[2026-05-09 16:00:21,475 INFO][traineradasmoothlossprojlogit.py:319 - log_epoch_info] - Train Epoch[144]	{"samples": 44928, "lr": 0.1, "loss": 0.47294, "acc": 0.88519, "acc_5": 0.99573, "macc": 0.88521, "mean_diffs": 5.81652, "max_diffs": 6.9955, "margin": 3.79051}
[2026-05-09 16:00:23,008 INFO][traineradasmoothlossprojlogit.py:333 - log_eval_epoch_info] - Val Epoch[144]	{"samples": 5000, "loss": 0.89388, "acc": 0.7798, "acc_5": 0.9868, "macc": 0.77941, "nll": 0.68907, "ece": 0.05087, "aece": 0.05154, "cece": 0.03036, "mean_diffs": 5.68574, "max_diffs": 7.02557, "margin": 3.5649}
[2026-05-09 16:00:23,008 INFO][traineradasmoothlossprojlogit.py:336 - log_eval_epoch_info] - 
+---------+---------+---------+---------+
| samples | acc     | acc_5   | macc    |
+---------+---------+---------+---------+
| 5000    | 0.77980 | 0.98680 | 0.77941 |
+---------+---------+---------+---------+
[2026-05-09 16:00:23,008 INFO][traineradasmoothlossprojlogit.py:337 - log_eval_epoch_info] - 
+---------+---------+---------+---------+---------+
| samples | nll     | ece     | aece    | cece    |
+---------+---------+---------+---------+---------+
| 5000    | 0.68907 | 0.05087 | 0.05154 | 0.03036 |
+---------+---------+---------+---------+---------+
[2026-05-09 16:00:23,232 INFO][traineradasmoothlossprojlogit.py:605 - train] - Epoch[144]	Best acc on Val : 0.8740 at epoch 111
[2026-05-09 16:00:23,232 INFO][traineradasmoothlossprojlogit.py:572 - train] - ====================
[2026-05-09 16:00:23,232 INFO][traineradasmoothlossprojlogit.py:573 - train] -  Start epoch 145
[2026-05-09 16:00:23,232 INFO][traineradasmoothlossprojlogit.py:574 - train] - ====================
[2026-05-09 16:00:29,142 INFO][traineradasmoothlossprojlogit.py:300 - log_iter_info] - Train Iter[100/351][145]	{"data_time": 0.00025, "batch_time": 0.05301, "loss": 0.48916, "acc": 0.85156, "mean_diffs": 5.81892}
[2026-05-09 16:00:34,440 INFO][traineradasmoothlossprojlogit.py:300 - log_iter_info] - Train Iter[200/351][145]	{"data_time": 0.00021, "batch_time": 0.05289, "loss": 0.54463, "acc": 0.85938, "mean_diffs": 5.615}
[2026-05-09 16:00:39,742 INFO][traineradasmoothlossprojlogit.py:300 - log_iter_info] - Train Iter[300/351][145]	{"data_time": 0.00023, "batch_time": 0.05303, "loss": 0.47257, "acc": 0.85938, "mean_diffs": 5.89111}
[2026-05-09 16:00:42,548 INFO][traineradasmoothlossprojlogit.py:319 - log_epoch_info] - Train Epoch[145]	{"samples": 44928, "lr": 0.1, "loss": 0.46941, "acc": 0.88742, "acc_5": 0.99557, "macc": 0.88744, "mean_diffs": 5.86732, "max_diffs": 7.04133, "margin": 3.78845}
[2026-05-09 16:00:43,812 INFO][traineradasmoothlossprojlogit.py:333 - log_eval_epoch_info] - Val Epoch[145]	{"samples": 5000, "loss": 0.75886, "acc": 0.8206, "acc_5": 0.9824, "macc": 0.8192, "nll": 0.56336, "ece": 0.03046, "aece": 0.03207, "cece": 0.01998, "mean_diffs": 5.86604, "max_diffs": 7.18154, "margin": 3.76074}
[2026-05-09 16:00:43,813 INFO][traineradasmoothlossprojlogit.py:336 - log_eval_epoch_info] - 
+---------+---------+---------+---------+
| samples | acc     | acc_5   | macc    |
+---------+---------+---------+---------+
| 5000    | 0.82060 | 0.98240 | 0.81920 |
+---------+---------+---------+---------+
[2026-05-09 16:00:43,813 INFO][traineradasmoothlossprojlogit.py:337 - log_eval_epoch_info] - 
+---------+---------+---------+---------+---------+
| samples | nll     | ece     | aece    | cece    |
+---------+---------+---------+---------+---------+
| 5000    | 0.56336 | 0.03046 | 0.03207 | 0.01998 |
+---------+---------+---------+---------+---------+
[2026-05-09 16:00:44,035 INFO][traineradasmoothlossprojlogit.py:605 - train] - Epoch[145]	Best acc on Val : 0.8740 at epoch 111
[2026-05-09 16:00:44,035 INFO][traineradasmoothlossprojlogit.py:572 - train] - ====================
[2026-05-09 16:00:44,035 INFO][traineradasmoothlossprojlogit.py:573 - train] -  Start epoch 146
[2026-05-09 16:00:44,035 INFO][traineradasmoothlossprojlogit.py:574 - train] - ====================
[2026-05-09 16:00:49,958 INFO][traineradasmoothlossprojlogit.py:300 - log_iter_info] - Train Iter[100/351][146]	{"data_time": 0.00021, "batch_time": 0.05408, "loss": 0.42751, "acc": 0.90625, "mean_diffs": 5.81593}
[2026-05-09 16:00:55,249 INFO][traineradasmoothlossprojlogit.py:300 - log_iter_info] - Train Iter[200/351][146]	{"data_time": 0.0004, "batch_time": 0.05343, "loss": 0.47393, "acc": 0.89844, "mean_diffs": 5.71096}
[2026-05-09 16:01:00,543 INFO][traineradasmoothlossprojlogit.py:300 - log_iter_info] - Train Iter[300/351][146]	{"data_time": 0.00024, "batch_time": 0.053, "loss": 0.34445, "acc": 0.91406, "mean_diffs": 6.19921}
[2026-05-09 16:01:03,338 INFO][traineradasmoothlossprojlogit.py:319 - log_epoch_info] - Train Epoch[146]	{"samples": 44928, "lr": 0.1, "loss": 0.47394, "acc": 0.88709, "acc_5": 0.99606, "macc": 0.88711, "mean_diffs": 5.81015, "max_diffs": 6.97969, "margin": 3.7879}
[2026-05-09 16:01:04,606 INFO][traineradasmoothlossprojlogit.py:333 - log_eval_epoch_info] - Val Epoch[146]	{"samples": 5000, "loss": 0.66691, "acc": 0.8404, "acc_5": 0.9886, "macc": 0.8414, "nll": 0.49521, "ece": 0.01825, "aece": 0.01801, "cece": 0.01893, "mean_diffs": 5.53409, "max_diffs": 6.82131, "margin": 3.4863}
[2026-05-09 16:01:04,606 INFO][traineradasmoothlossprojlogit.py:336 - log_eval_epoch_info] - 
+---------+---------+---------+---------+
| samples | acc     | acc_5   | macc    |
+---------+---------+---------+---------+
| 5000    | 0.84040 | 0.98860 | 0.84140 |
+---------+---------+---------+---------+
[2026-05-09 16:01:04,607 INFO][traineradasmoothlossprojlogit.py:337 - log_eval_epoch_info] - 
+---------+---------+---------+---------+---------+
| samples | nll     | ece     | aece    | cece    |
+---------+---------+---------+---------+---------+
| 5000    | 0.49521 | 0.01825 | 0.01801 | 0.01893 |
+---------+---------+---------+---------+---------+
[2026-05-09 16:01:04,827 INFO][traineradasmoothlossprojlogit.py:605 - train] - Epoch[146]	Best acc on Val : 0.8740 at epoch 111
[2026-05-09 16:01:04,827 INFO][traineradasmoothlossprojlogit.py:572 - train] - ====================
[2026-05-09 16:01:04,827 INFO][traineradasmoothlossprojlogit.py:573 - train] -  Start epoch 147
[2026-05-09 16:01:04,827 INFO][traineradasmoothlossprojlogit.py:574 - train] - ====================
[2026-05-09 16:01:10,740 INFO][traineradasmoothlossprojlogit.py:300 - log_iter_info] - Train Iter[100/351][147]	{"data_time": 0.0002, "batch_time": 0.05358, "loss": 0.48423, "acc": 0.88281, "mean_diffs": 5.82322}
[2026-05-09 16:01:16,035 INFO][traineradasmoothlossprojlogit.py:300 - log_iter_info] - Train Iter[200/351][147]	{"data_time": 0.00019, "batch_time": 0.05329, "loss": 0.55986, "acc": 0.83594, "mean_diffs": 5.70003}
[2026-05-09 16:01:21,330 INFO][traineradasmoothlossprojlogit.py:300 - log_iter_info] - Train Iter[300/351][147]	{"data_time": 0.00036, "batch_time": 0.05322, "loss": 0.46805, "acc": 0.875, "mean_diffs": 5.68863}
[2026-05-09 16:01:24,139 INFO][traineradasmoothlossprojlogit.py:319 - log_epoch_info] - Train Epoch[147]	{"samples": 44928, "lr": 0.1, "loss": 0.46892, "acc": 0.88499, "acc_5": 0.99624, "macc": 0.88502, "mean_diffs": 5.84939, "max_diffs": 7.0559, "margin": 3.80397}
[2026-05-09 16:01:25,421 INFO][traineradasmoothlossprojlogit.py:333 - log_eval_epoch_info] - Val Epoch[147]	{"samples": 5000, "loss": 0.7055, "acc": 0.834, "acc_5": 0.9872, "macc": 0.8351, "nll": 0.52303, "ece": 0.01373, "aece": 0.01212, "cece": 0.02096, "mean_diffs": 5.77493, "max_diffs": 7.03872, "margin": 3.69775}
[2026-05-09 16:01:25,421 INFO][traineradasmoothlossprojlogit.py:336 - log_eval_epoch_info] - 
+---------+---------+---------+---------+
| samples | acc     | acc_5   | macc    |
+---------+---------+---------+---------+
| 5000    | 0.83400 | 0.98720 | 0.83510 |
+---------+---------+---------+---------+
[2026-05-09 16:01:25,421 INFO][traineradasmoothlossprojlogit.py:337 - log_eval_epoch_info] - 
+---------+---------+---------+---------+---------+
| samples | nll     | ece     | aece    | cece    |
+---------+---------+---------+---------+---------+
| 5000    | 0.52303 | 0.01373 | 0.01212 | 0.02096 |
+---------+---------+---------+---------+---------+
[2026-05-09 16:01:25,642 INFO][traineradasmoothlossprojlogit.py:605 - train] - Epoch[147]	Best acc on Val : 0.8740 at epoch 111
[2026-05-09 16:01:25,642 INFO][traineradasmoothlossprojlogit.py:572 - train] - ====================
[2026-05-09 16:01:25,642 INFO][traineradasmoothlossprojlogit.py:573 - train] -  Start epoch 148
[2026-05-09 16:01:25,642 INFO][traineradasmoothlossprojlogit.py:574 - train] - ====================
[2026-05-09 16:01:31,842 INFO][traineradasmoothlossprojlogit.py:300 - log_iter_info] - Train Iter[100/351][148]	{"data_time": 0.00029, "batch_time": 0.05371, "loss": 0.41363, "acc": 0.89062, "mean_diffs": 6.06159}
[2026-05-09 16:01:37,139 INFO][traineradasmoothlossprojlogit.py:300 - log_iter_info] - Train Iter[200/351][148]	{"data_time": 0.0002, "batch_time": 0.05248, "loss": 0.47949, "acc": 0.88281, "mean_diffs": 5.63477}
[2026-05-09 16:01:42,435 INFO][traineradasmoothlossprojlogit.py:300 - log_iter_info] - Train Iter[300/351][148]	{"data_time": 0.00024, "batch_time": 0.05283, "loss": 0.52601, "acc": 0.89062, "mean_diffs": 5.69618}
[2026-05-09 16:01:45,231 INFO][traineradasmoothlossprojlogit.py:319 - log_epoch_info] - Train Epoch[148]	{"samples": 44928, "lr": 0.1, "loss": 0.46648, "acc": 0.88778, "acc_5": 0.99586, "macc": 0.88778, "mean_diffs": 5.85932, "max_diffs": 7.05332, "margin": 3.8016}
[2026-05-09 16:01:46,502 INFO][traineradasmoothlossprojlogit.py:333 - log_eval_epoch_info] - Val Epoch[148]	{"samples": 5000, "loss": 1.09112, "acc": 0.7298, "acc_5": 0.9796, "macc": 0.72725, "nll": 0.85178, "ece": 0.09877, "aece": 0.09861, "cece": 0.04215, "mean_diffs": 6.10593, "max_diffs": 7.52368, "margin": 3.72517}
[2026-05-09 16:01:46,502 INFO][traineradasmoothlossprojlogit.py:336 - log_eval_epoch_info] - 
+---------+---------+---------+---------+
| samples | acc     | acc_5   | macc    |
+---------+---------+---------+---------+
| 5000    | 0.72980 | 0.97960 | 0.72725 |
+---------+---------+---------+---------+
[2026-05-09 16:01:46,502 INFO][traineradasmoothlossprojlogit.py:337 - log_eval_epoch_info] - 
+---------+---------+---------+---------+---------+
| samples | nll     | ece     | aece    | cece    |
+---------+---------+---------+---------+---------+
| 5000    | 0.85178 | 0.09877 | 0.09861 | 0.04215 |
+---------+---------+---------+---------+---------+
[2026-05-09 16:01:46,720 INFO][traineradasmoothlossprojlogit.py:605 - train] - Epoch[148]	Best acc on Val : 0.8740 at epoch 111
[2026-05-09 16:01:46,720 INFO][traineradasmoothlossprojlogit.py:572 - train] - ====================
[2026-05-09 16:01:46,720 INFO][traineradasmoothlossprojlogit.py:573 - train] -  Start epoch 149
[2026-05-09 16:01:46,720 INFO][traineradasmoothlossprojlogit.py:574 - train] - ====================
[2026-05-09 16:01:52,670 INFO][traineradasmoothlossprojlogit.py:300 - log_iter_info] - Train Iter[100/351][149]	{"data_time": 0.00021, "batch_time": 0.05325, "loss": 0.45728, "acc": 0.89062, "mean_diffs": 5.93551}
[2026-05-09 16:01:57,974 INFO][traineradasmoothlossprojlogit.py:300 - log_iter_info] - Train Iter[200/351][149]	{"data_time": 0.00024, "batch_time": 0.05307, "loss": 0.49033, "acc": 0.875, "mean_diffs": 5.69892}
[2026-05-09 16:02:03,279 INFO][traineradasmoothlossprojlogit.py:300 - log_iter_info] - Train Iter[300/351][149]	{"data_time": 0.00018, "batch_time": 0.05277, "loss": 0.32686, "acc": 0.92188, "mean_diffs": 5.92049}
[2026-05-09 16:02:06,086 INFO][traineradasmoothlossprojlogit.py:319 - log_epoch_info] - Train Epoch[149]	{"samples": 44928, "lr": 0.1, "loss": 0.46791, "acc": 0.88473, "acc_5": 0.99566, "macc": 0.88473, "mean_diffs": 5.89318, "max_diffs": 7.09913, "margin": 3.84916}
[2026-05-09 16:02:07,362 INFO][traineradasmoothlossprojlogit.py:333 - log_eval_epoch_info] - Val Epoch[149]	{"samples": 5000, "loss": 0.60066, "acc": 0.8562, "acc_5": 0.9936, "macc": 0.85689, "nll": 0.43983, "ece": 0.01934, "aece": 0.01771, "cece": 0.01542, "mean_diffs": 5.92222, "max_diffs": 7.25921, "margin": 3.70592}
[2026-05-09 16:02:07,363 INFO][traineradasmoothlossprojlogit.py:336 - log_eval_epoch_info] - 
+---------+---------+---------+---------+
| samples | acc     | acc_5   | macc    |
+---------+---------+---------+---------+
| 5000    | 0.85620 | 0.99360 | 0.85689 |
+---------+---------+---------+---------+
[2026-05-09 16:02:07,363 INFO][traineradasmoothlossprojlogit.py:337 - log_eval_epoch_info] - 
+---------+---------+---------+---------+---------+
| samples | nll     | ece     | aece    | cece    |
+---------+---------+---------+---------+---------+
| 5000    | 0.43983 | 0.01934 | 0.01771 | 0.01542 |
+---------+---------+---------+---------+---------+
[2026-05-09 16:02:07,582 INFO][traineradasmoothlossprojlogit.py:605 - train] - Epoch[149]	Best acc on Val : 0.8740 at epoch 111
[2026-05-09 16:02:07,582 INFO][traineradasmoothlossprojlogit.py:572 - train] - ====================
[2026-05-09 16:02:07,582 INFO][traineradasmoothlossprojlogit.py:573 - train] -  Start epoch 150
[2026-05-09 16:02:07,582 INFO][traineradasmoothlossprojlogit.py:574 - train] - ====================
[2026-05-09 16:02:13,485 INFO][traineradasmoothlossprojlogit.py:300 - log_iter_info] - Train Iter[100/351][150]	{"data_time": 0.00038, "batch_time": 0.0534, "loss": 0.51385, "acc": 0.86719, "mean_diffs": 6.00289}
[2026-05-09 16:02:18,792 INFO][traineradasmoothlossprojlogit.py:300 - log_iter_info] - Train Iter[200/351][150]	{"data_time": 0.00027, "batch_time": 0.05289, "loss": 0.52637, "acc": 0.85938, "mean_diffs": 5.8988}
[2026-05-09 16:02:24,095 INFO][traineradasmoothlossprojlogit.py:300 - log_iter_info] - Train Iter[300/351][150]	{"data_time": 0.00024, "batch_time": 0.0532, "loss": 0.53738, "acc": 0.86719, "mean_diffs": 5.94876}
[2026-05-09 16:02:26,900 INFO][traineradasmoothlossprojlogit.py:319 - log_epoch_info] - Train Epoch[150]	{"samples": 44928, "lr": 0.1, "loss": 0.46673, "acc": 0.88746, "acc_5": 0.99624, "macc": 0.88749, "mean_diffs": 5.86051, "max_diffs": 7.06293, "margin": 3.81752}
[2026-05-09 16:02:28,171 INFO][traineradasmoothlossprojlogit.py:333 - log_eval_epoch_info] - Val Epoch[150]	{"samples": 5000, "loss": 0.76319, "acc": 0.8078, "acc_5": 0.9872, "macc": 0.8082, "nll": 0.58686, "ece": 0.02211, "aece": 0.02252, "cece": 0.01957, "mean_diffs": 5.77269, "max_diffs": 7.10761, "margin": 3.58296}
[2026-05-09 16:02:28,172 INFO][traineradasmoothlossprojlogit.py:336 - log_eval_epoch_info] - 
+---------+---------+---------+---------+
| samples | acc     | acc_5   | macc    |
+---------+---------+---------+---------+
| 5000    | 0.80780 | 0.98720 | 0.80820 |
+---------+---------+---------+---------+
[2026-05-09 16:02:28,172 INFO][traineradasmoothlossprojlogit.py:337 - log_eval_epoch_info] - 
+---------+---------+---------+---------+---------+
| samples | nll     | ece     | aece    | cece    |
+---------+---------+---------+---------+---------+
| 5000    | 0.58686 | 0.02211 | 0.02252 | 0.01957 |
+---------+---------+---------+---------+---------+
[2026-05-09 16:02:28,395 INFO][traineradasmoothlossprojlogit.py:605 - train] - Epoch[150]	Best acc on Val : 0.8740 at epoch 111
[2026-05-09 16:02:28,395 INFO][traineradasmoothlossprojlogit.py:572 - train] - ====================
[2026-05-09 16:02:28,395 INFO][traineradasmoothlossprojlogit.py:573 - train] -  Start epoch 151
[2026-05-09 16:02:28,395 INFO][traineradasmoothlossprojlogit.py:574 - train] - ====================
[2026-05-09 16:02:34,323 INFO][traineradasmoothlossprojlogit.py:300 - log_iter_info] - Train Iter[100/351][151]	{"data_time": 0.00023, "batch_time": 0.05368, "loss": 0.33186, "acc": 0.9375, "mean_diffs": 6.28502}
[2026-05-09 16:02:39,627 INFO][traineradasmoothlossprojlogit.py:300 - log_iter_info] - Train Iter[200/351][151]	{"data_time": 0.00023, "batch_time": 0.05303, "loss": 0.36799, "acc": 0.92969, "mean_diffs": 6.41903}
[2026-05-09 16:02:44,928 INFO][traineradasmoothlossprojlogit.py:300 - log_iter_info] - Train Iter[300/351][151]	{"data_time": 0.00019, "batch_time": 0.05295, "loss": 0.38466, "acc": 0.92969, "mean_diffs": 6.13206}
[2026-05-09 16:02:47,735 INFO][traineradasmoothlossprojlogit.py:319 - log_epoch_info] - Train Epoch[151]	{"samples": 44928, "lr": 0.01, "loss": 0.30899, "acc": 0.94433, "acc_5": 0.99898, "macc": 0.94435, "mean_diffs": 6.45591, "max_diffs": 7.56455, "margin": 4.53433}
[2026-05-09 16:02:49,026 INFO][traineradasmoothlossprojlogit.py:333 - log_eval_epoch_info] - Val Epoch[151]	{"samples": 5000, "loss": 0.38045, "acc": 0.9324, "acc_5": 0.9986, "macc": 0.93236, "nll": 0.20702, "ece": 0.01974, "aece": 0.01793, "cece": 0.007, "mean_diffs": 6.60943, "max_diffs": 7.7013, "margin": 4.81989}
[2026-05-09 16:02:49,026 INFO][traineradasmoothlossprojlogit.py:336 - log_eval_epoch_info] - 
+---------+---------+---------+---------+
| samples | acc     | acc_5   | macc    |
+---------+---------+---------+---------+
| 5000    | 0.93240 | 0.99860 | 0.93236 |
+---------+---------+---------+---------+
[2026-05-09 16:02:49,026 INFO][traineradasmoothlossprojlogit.py:337 - log_eval_epoch_info] - 
+---------+---------+---------+---------+---------+
| samples | nll     | ece     | aece    | cece    |
+---------+---------+---------+---------+---------+
| 5000    | 0.20702 | 0.01974 | 0.01793 | 0.00700 |
+---------+---------+---------+---------+---------+
[2026-05-09 16:02:49,457 INFO][traineradasmoothlossprojlogit.py:605 - train] - Epoch[151]	Best acc on Val : 0.9324 at epoch 151
[2026-05-09 16:02:49,458 INFO][traineradasmoothlossprojlogit.py:572 - train] - ====================
[2026-05-09 16:02:49,458 INFO][traineradasmoothlossprojlogit.py:573 - train] -  Start epoch 152
[2026-05-09 16:02:49,458 INFO][traineradasmoothlossprojlogit.py:574 - train] - ====================
[2026-05-09 16:02:55,679 INFO][traineradasmoothlossprojlogit.py:300 - log_iter_info] - Train Iter[100/351][152]	{"data_time": 0.00028, "batch_time": 0.0537, "loss": 0.30388, "acc": 0.92969, "mean_diffs": 6.5751}
[2026-05-09 16:03:00,996 INFO][traineradasmoothlossprojlogit.py:300 - log_iter_info] - Train Iter[200/351][152]	{"data_time": 0.00021, "batch_time": 0.05319, "loss": 0.2832, "acc": 0.96875, "mean_diffs": 6.74608}
[2026-05-09 16:03:06,302 INFO][traineradasmoothlossprojlogit.py:300 - log_iter_info] - Train Iter[300/351][152]	{"data_time": 0.00019, "batch_time": 0.05295, "loss": 0.22544, "acc": 0.98438, "mean_diffs": 6.59278}
[2026-05-09 16:03:09,114 INFO][traineradasmoothlossprojlogit.py:319 - log_epoch_info] - Train Epoch[152]	{"samples": 44928, "lr": 0.01, "loss": 0.26111, "acc": 0.96, "acc_5": 0.99944, "macc": 0.96002, "mean_diffs": 6.60007, "max_diffs": 7.61908, "margin": 4.87693}
[2026-05-09 16:03:10,393 INFO][traineradasmoothlossprojlogit.py:333 - log_eval_epoch_info] - Val Epoch[152]	{"samples": 5000, "loss": 0.38256, "acc": 0.9398, "acc_5": 0.9982, "macc": 0.93986, "nll": 0.19654, "ece": 0.02102, "aece": 0.01978, "cece": 0.007, "mean_diffs": 6.59133, "max_diffs": 7.67409, "margin": 4.93885}
[2026-05-09 16:03:10,393 INFO][traineradasmoothlossprojlogit.py:336 - log_eval_epoch_info] - 
+---------+---------+---------+---------+
| samples | acc     | acc_5   | macc    |
+---------+---------+---------+---------+
| 5000    | 0.93980 | 0.99820 | 0.93986 |
+---------+---------+---------+---------+
[2026-05-09 16:03:10,393 INFO][traineradasmoothlossprojlogit.py:337 - log_eval_epoch_info] - 
+---------+---------+---------+---------+---------+
| samples | nll     | ece     | aece    | cece    |
+---------+---------+---------+---------+---------+
| 5000    | 0.19654 | 0.02102 | 0.01978 | 0.00700 |
+---------+---------+---------+---------+---------+
[2026-05-09 16:03:10,821 INFO][traineradasmoothlossprojlogit.py:605 - train] - Epoch[152]	Best acc on Val : 0.9398 at epoch 152
[2026-05-09 16:03:10,821 INFO][traineradasmoothlossprojlogit.py:572 - train] - ====================
[2026-05-09 16:03:10,821 INFO][traineradasmoothlossprojlogit.py:573 - train] -  Start epoch 153
[2026-05-09 16:03:10,821 INFO][traineradasmoothlossprojlogit.py:574 - train] - ====================
[2026-05-09 16:03:16,710 INFO][traineradasmoothlossprojlogit.py:300 - log_iter_info] - Train Iter[100/351][153]	{"data_time": 0.00022, "batch_time": 0.05373, "loss": 0.22555, "acc": 0.96094, "mean_diffs": 6.57387}
[2026-05-09 16:03:22,010 INFO][traineradasmoothlossprojlogit.py:300 - log_iter_info] - Train Iter[200/351][153]	{"data_time": 0.00024, "batch_time": 0.05286, "loss": 0.19186, "acc": 0.99219, "mean_diffs": 6.65025}
[2026-05-09 16:03:27,303 INFO][traineradasmoothlossprojlogit.py:300 - log_iter_info] - Train Iter[300/351][153]	{"data_time": 0.00019, "batch_time": 0.05307, "loss": 0.21291, "acc": 0.97656, "mean_diffs": 6.74333}
[2026-05-09 16:03:30,098 INFO][traineradasmoothlossprojlogit.py:319 - log_epoch_info] - Train Epoch[153]	{"samples": 44928, "lr": 0.01, "loss": 0.24164, "acc": 0.96719, "acc_5": 0.99933, "macc": 0.96721, "mean_diffs": 6.64441, "max_diffs": 7.62533, "margin": 5.05188}
[2026-05-09 16:03:31,369 INFO][traineradasmoothlossprojlogit.py:333 - log_eval_epoch_info] - Val Epoch[153]	{"samples": 5000, "loss": 0.3796, "acc": 0.94, "acc_5": 0.9982, "macc": 0.93997, "nll": 0.19523, "ece": 0.0236, "aece": 0.01553, "cece": 0.00754, "mean_diffs": 6.62686, "max_diffs": 7.70929, "margin": 5.05788}
[2026-05-09 16:03:31,369 INFO][traineradasmoothlossprojlogit.py:336 - log_eval_epoch_info] - 
+---------+---------+---------+---------+
| samples | acc     | acc_5   | macc    |
+---------+---------+---------+---------+
| 5000    | 0.94000 | 0.99820 | 0.93997 |
+---------+---------+---------+---------+
[2026-05-09 16:03:31,369 INFO][traineradasmoothlossprojlogit.py:337 - log_eval_epoch_info] - 
+---------+---------+---------+---------+---------+
| samples | nll     | ece     | aece    | cece    |
+---------+---------+---------+---------+---------+
| 5000    | 0.19523 | 0.02360 | 0.01553 | 0.00754 |
+---------+---------+---------+---------+---------+
[2026-05-09 16:03:31,791 INFO][traineradasmoothlossprojlogit.py:605 - train] - Epoch[153]	Best acc on Val : 0.9400 at epoch 153
[2026-05-09 16:03:31,791 INFO][traineradasmoothlossprojlogit.py:572 - train] - ====================
[2026-05-09 16:03:31,791 INFO][traineradasmoothlossprojlogit.py:573 - train] -  Start epoch 154
[2026-05-09 16:03:31,791 INFO][traineradasmoothlossprojlogit.py:574 - train] - ====================
[2026-05-09 16:03:37,680 INFO][traineradasmoothlossprojlogit.py:300 - log_iter_info] - Train Iter[100/351][154]	{"data_time": 0.00021, "batch_time": 0.05327, "loss": 0.22878, "acc": 0.97656, "mean_diffs": 6.60981}
[2026-05-09 16:03:42,994 INFO][traineradasmoothlossprojlogit.py:300 - log_iter_info] - Train Iter[200/351][154]	{"data_time": 0.00027, "batch_time": 0.05304, "loss": 0.19304, "acc": 0.98438, "mean_diffs": 6.76497}
[2026-05-09 16:03:48,291 INFO][traineradasmoothlossprojlogit.py:300 - log_iter_info] - Train Iter[300/351][154]	{"data_time": 0.00023, "batch_time": 0.05309, "loss": 0.22221, "acc": 0.98438, "mean_diffs": 6.61359}
[2026-05-09 16:03:51,084 INFO][traineradasmoothlossprojlogit.py:319 - log_epoch_info] - Train Epoch[154]	{"samples": 44928, "lr": 0.01, "loss": 0.23155, "acc": 0.97049, "acc_5": 0.9996, "macc": 0.9705, "mean_diffs": 6.6466, "max_diffs": 7.59495, "margin": 5.15735}
[2026-05-09 16:03:52,350 INFO][traineradasmoothlossprojlogit.py:333 - log_eval_epoch_info] - Val Epoch[154]	{"samples": 5000, "loss": 0.36539, "acc": 0.9456, "acc_5": 0.9984, "macc": 0.94562, "nll": 0.18471, "ece": 0.01904, "aece": 0.01712, "cece": 0.00659, "mean_diffs": 6.59058, "max_diffs": 7.64951, "margin": 5.09834}
[2026-05-09 16:03:52,350 INFO][traineradasmoothlossprojlogit.py:336 - log_eval_epoch_info] - 
+---------+---------+---------+---------+
| samples | acc     | acc_5   | macc    |
+---------+---------+---------+---------+
| 5000    | 0.94560 | 0.99840 | 0.94562 |
+---------+---------+---------+---------+
[2026-05-09 16:03:52,350 INFO][traineradasmoothlossprojlogit.py:337 - log_eval_epoch_info] - 
+---------+---------+---------+---------+---------+
| samples | nll     | ece     | aece    | cece    |
+---------+---------+---------+---------+---------+
| 5000    | 0.18471 | 0.01904 | 0.01712 | 0.00659 |
+---------+---------+---------+---------+---------+
[2026-05-09 16:03:52,773 INFO][traineradasmoothlossprojlogit.py:605 - train] - Epoch[154]	Best acc on Val : 0.9456 at epoch 154
[2026-05-09 16:03:52,773 INFO][traineradasmoothlossprojlogit.py:572 - train] - ====================
[2026-05-09 16:03:52,773 INFO][traineradasmoothlossprojlogit.py:573 - train] -  Start epoch 155
[2026-05-09 16:03:52,773 INFO][traineradasmoothlossprojlogit.py:574 - train] - ====================
[2026-05-09 16:03:58,664 INFO][traineradasmoothlossprojlogit.py:300 - log_iter_info] - Train Iter[100/351][155]	{"data_time": 0.00025, "batch_time": 0.0528, "loss": 0.20448, "acc": 0.97656, "mean_diffs": 6.54948}
[2026-05-09 16:04:03,969 INFO][traineradasmoothlossprojlogit.py:300 - log_iter_info] - Train Iter[200/351][155]	{"data_time": 0.00021, "batch_time": 0.05295, "loss": 0.26849, "acc": 0.96875, "mean_diffs": 6.75641}
[2026-05-09 16:04:09,273 INFO][traineradasmoothlossprojlogit.py:300 - log_iter_info] - Train Iter[300/351][155]	{"data_time": 0.00024, "batch_time": 0.0531, "loss": 0.20287, "acc": 0.97656, "mean_diffs": 6.7255}
[2026-05-09 16:04:12,069 INFO][traineradasmoothlossprojlogit.py:319 - log_epoch_info] - Train Epoch[155]	{"samples": 44928, "lr": 0.01, "loss": 0.21939, "acc": 0.97554, "acc_5": 0.9998, "macc": 0.97555, "mean_diffs": 6.65674, "max_diffs": 7.58246, "margin": 5.23228}
[2026-05-09 16:04:13,362 INFO][traineradasmoothlossprojlogit.py:333 - log_eval_epoch_info] - Val Epoch[155]	{"samples": 5000, "loss": 0.36889, "acc": 0.9422, "acc_5": 0.9982, "macc": 0.94236, "nll": 0.18582, "ece": 0.01621, "aece": 0.01317, "cece": 0.00633, "mean_diffs": 6.62148, "max_diffs": 7.6646, "margin": 5.17063}
[2026-05-09 16:04:13,362 INFO][traineradasmoothlossprojlogit.py:336 - log_eval_epoch_info] - 
+---------+---------+---------+---------+
| samples | acc     | acc_5   | macc    |
+---------+---------+---------+---------+
| 5000    | 0.94220 | 0.99820 | 0.94236 |
+---------+---------+---------+---------+
[2026-05-09 16:04:13,362 INFO][traineradasmoothlossprojlogit.py:337 - log_eval_epoch_info] - 
+---------+---------+---------+---------+---------+
| samples | nll     | ece     | aece    | cece    |
+---------+---------+---------+---------+---------+
| 5000    | 0.18582 | 0.01621 | 0.01317 | 0.00633 |
+---------+---------+---------+---------+---------+
[2026-05-09 16:04:13,580 INFO][traineradasmoothlossprojlogit.py:605 - train] - Epoch[155]	Best acc on Val : 0.9456 at epoch 154
[2026-05-09 16:04:13,581 INFO][traineradasmoothlossprojlogit.py:572 - train] - ====================
[2026-05-09 16:04:13,581 INFO][traineradasmoothlossprojlogit.py:573 - train] -  Start epoch 156
[2026-05-09 16:04:13,581 INFO][traineradasmoothlossprojlogit.py:574 - train] - ====================
[2026-05-09 16:04:19,762 INFO][traineradasmoothlossprojlogit.py:300 - log_iter_info] - Train Iter[100/351][156]	{"data_time": 0.00019, "batch_time": 0.05221, "loss": 0.20648, "acc": 0.98438, "mean_diffs": 6.825}
[2026-05-09 16:04:25,068 INFO][traineradasmoothlossprojlogit.py:300 - log_iter_info] - Train Iter[200/351][156]	{"data_time": 0.0002, "batch_time": 0.05282, "loss": 0.26539, "acc": 0.96094, "mean_diffs": 6.63717}
[2026-05-09 16:04:30,365 INFO][traineradasmoothlossprojlogit.py:300 - log_iter_info] - Train Iter[300/351][156]	{"data_time": 0.00018, "batch_time": 0.05296, "loss": 0.19107, "acc": 0.98438, "mean_diffs": 6.83213}
[2026-05-09 16:04:33,164 INFO][traineradasmoothlossprojlogit.py:319 - log_epoch_info] - Train Epoch[156]	{"samples": 44928, "lr": 0.01, "loss": 0.21246, "acc": 0.97745, "acc_5": 0.99976, "macc": 0.97746, "mean_diffs": 6.67114, "max_diffs": 7.55941, "margin": 5.32015}
[2026-05-09 16:04:34,436 INFO][traineradasmoothlossprojlogit.py:333 - log_eval_epoch_info] - Val Epoch[156]	{"samples": 5000, "loss": 0.36279, "acc": 0.945, "acc_5": 0.9978, "macc": 0.94491, "nll": 0.18413, "ece": 0.01625, "aece": 0.01561, "cece": 0.00683, "mean_diffs": 6.53388, "max_diffs": 7.58257, "margin": 5.16288}
[2026-05-09 16:04:34,436 INFO][traineradasmoothlossprojlogit.py:336 - log_eval_epoch_info] - 
+---------+---------+---------+---------+
| samples | acc     | acc_5   | macc    |
+---------+---------+---------+---------+
| 5000    | 0.94500 | 0.99780 | 0.94491 |
+---------+---------+---------+---------+
[2026-05-09 16:04:34,436 INFO][traineradasmoothlossprojlogit.py:337 - log_eval_epoch_info] - 
+---------+---------+---------+---------+---------+
| samples | nll     | ece     | aece    | cece    |
+---------+---------+---------+---------+---------+
| 5000    | 0.18413 | 0.01625 | 0.01561 | 0.00683 |
+---------+---------+---------+---------+---------+
[2026-05-09 16:04:34,659 INFO][traineradasmoothlossprojlogit.py:605 - train] - Epoch[156]	Best acc on Val : 0.9456 at epoch 154
[2026-05-09 16:04:34,659 INFO][traineradasmoothlossprojlogit.py:572 - train] - ====================
[2026-05-09 16:04:34,659 INFO][traineradasmoothlossprojlogit.py:573 - train] -  Start epoch 157
[2026-05-09 16:04:34,659 INFO][traineradasmoothlossprojlogit.py:574 - train] - ====================
[2026-05-09 16:04:40,573 INFO][traineradasmoothlossprojlogit.py:300 - log_iter_info] - Train Iter[100/351][157]	{"data_time": 0.0004, "batch_time": 0.05411, "loss": 0.19979, "acc": 0.97656, "mean_diffs": 6.57181}
[2026-05-09 16:04:45,873 INFO][traineradasmoothlossprojlogit.py:300 - log_iter_info] - Train Iter[200/351][157]	{"data_time": 0.00027, "batch_time": 0.05315, "loss": 0.22688, "acc": 0.96094, "mean_diffs": 6.63133}
[2026-05-09 16:04:51,166 INFO][traineradasmoothlossprojlogit.py:300 - log_iter_info] - Train Iter[300/351][157]	{"data_time": 0.00018, "batch_time": 0.05292, "loss": 0.17158, "acc": 0.99219, "mean_diffs": 6.87381}
[2026-05-09 16:04:53,976 INFO][traineradasmoothlossprojlogit.py:319 - log_epoch_info] - Train Epoch[157]	{"samples": 44928, "lr": 0.01, "loss": 0.20539, "acc": 0.97908, "acc_5": 0.99976, "macc": 0.97909, "mean_diffs": 6.68745, "max_diffs": 7.5588, "margin": 5.37623}
[2026-05-09 16:04:55,276 INFO][traineradasmoothlossprojlogit.py:333 - log_eval_epoch_info] - Val Epoch[157]	{"samples": 5000, "loss": 0.36979, "acc": 0.9436, "acc_5": 0.9978, "macc": 0.94344, "nll": 0.19434, "ece": 0.01833, "aece": 0.01441, "cece": 0.00685, "mean_diffs": 6.59553, "max_diffs": 7.61351, "margin": 5.20872}
[2026-05-09 16:04:55,276 INFO][traineradasmoothlossprojlogit.py:336 - log_eval_epoch_info] - 
+---------+---------+---------+---------+
| samples | acc     | acc_5   | macc    |
+---------+---------+---------+---------+
| 5000    | 0.94360 | 0.99780 | 0.94344 |
+---------+---------+---------+---------+
[2026-05-09 16:04:55,276 INFO][traineradasmoothlossprojlogit.py:337 - log_eval_epoch_info] - 
+---------+---------+---------+---------+---------+
| samples | nll     | ece     | aece    | cece    |
+---------+---------+---------+---------+---------+
| 5000    | 0.19434 | 0.01833 | 0.01441 | 0.00685 |
+---------+---------+---------+---------+---------+
[2026-05-09 16:04:55,499 INFO][traineradasmoothlossprojlogit.py:605 - train] - Epoch[157]	Best acc on Val : 0.9456 at epoch 154
[2026-05-09 16:04:55,499 INFO][traineradasmoothlossprojlogit.py:572 - train] - ====================
[2026-05-09 16:04:55,499 INFO][traineradasmoothlossprojlogit.py:573 - train] -  Start epoch 158
[2026-05-09 16:04:55,499 INFO][traineradasmoothlossprojlogit.py:574 - train] - ====================
[2026-05-09 16:05:01,430 INFO][traineradasmoothlossprojlogit.py:300 - log_iter_info] - Train Iter[100/351][158]	{"data_time": 0.00039, "batch_time": 0.05346, "loss": 0.20828, "acc": 0.98438, "mean_diffs": 6.74096}
[2026-05-09 16:05:06,748 INFO][traineradasmoothlossprojlogit.py:300 - log_iter_info] - Train Iter[200/351][158]	{"data_time": 0.0002, "batch_time": 0.05281, "loss": 0.15946, "acc": 1.0, "mean_diffs": 6.52543}
[2026-05-09 16:05:12,054 INFO][traineradasmoothlossprojlogit.py:300 - log_iter_info] - Train Iter[300/351][158]	{"data_time": 0.00024, "batch_time": 0.0532, "loss": 0.16261, "acc": 1.0, "mean_diffs": 6.83185}
[2026-05-09 16:05:14,865 INFO][traineradasmoothlossprojlogit.py:319 - log_epoch_info] - Train Epoch[158]	{"samples": 44928, "lr": 0.01, "loss": 0.19871, "acc": 0.98246, "acc_5": 0.99982, "macc": 0.98248, "mean_diffs": 6.70819, "max_diffs": 7.54804, "margin": 5.45031}
[2026-05-09 16:05:16,133 INFO][traineradasmoothlossprojlogit.py:333 - log_eval_epoch_info] - Val Epoch[158]	{"samples": 5000, "loss": 0.39715, "acc": 0.9378, "acc_5": 0.998, "macc": 0.93777, "nll": 0.20452, "ece": 0.01492, "aece": 0.0134, "cece": 0.00673, "mean_diffs": 6.50064, "max_diffs": 7.49073, "margin": 5.16047}
[2026-05-09 16:05:16,133 INFO][traineradasmoothlossprojlogit.py:336 - log_eval_epoch_info] - 
+---------+---------+---------+---------+
| samples | acc     | acc_5   | macc    |
+---------+---------+---------+---------+
| 5000    | 0.93780 | 0.99800 | 0.93777 |
+---------+---------+---------+---------+
[2026-05-09 16:05:16,133 INFO][traineradasmoothlossprojlogit.py:337 - log_eval_epoch_info] - 
+---------+---------+---------+---------+---------+
| samples | nll     | ece     | aece    | cece    |
+---------+---------+---------+---------+---------+
| 5000    | 0.20452 | 0.01492 | 0.01340 | 0.00673 |
+---------+---------+---------+---------+---------+
[2026-05-09 16:05:16,353 INFO][traineradasmoothlossprojlogit.py:605 - train] - Epoch[158]	Best acc on Val : 0.9456 at epoch 154
[2026-05-09 16:05:16,353 INFO][traineradasmoothlossprojlogit.py:572 - train] - ====================
[2026-05-09 16:05:16,353 INFO][traineradasmoothlossprojlogit.py:573 - train] -  Start epoch 159
[2026-05-09 16:05:16,353 INFO][traineradasmoothlossprojlogit.py:574 - train] - ====================
[2026-05-09 16:05:22,248 INFO][traineradasmoothlossprojlogit.py:300 - log_iter_info] - Train Iter[100/351][159]	{"data_time": 0.0002, "batch_time": 0.05257, "loss": 0.19447, "acc": 0.98438, "mean_diffs": 6.69096}
[2026-05-09 16:05:27,556 INFO][traineradasmoothlossprojlogit.py:300 - log_iter_info] - Train Iter[200/351][159]	{"data_time": 0.0004, "batch_time": 0.05322, "loss": 0.18946, "acc": 0.96875, "mean_diffs": 6.67514}
[2026-05-09 16:05:32,854 INFO][traineradasmoothlossprojlogit.py:300 - log_iter_info] - Train Iter[300/351][159]	{"data_time": 0.00019, "batch_time": 0.05292, "loss": 0.20149, "acc": 0.98438, "mean_diffs": 6.62161}
[2026-05-09 16:05:35,659 INFO][traineradasmoothlossprojlogit.py:319 - log_epoch_info] - Train Epoch[159]	{"samples": 44928, "lr": 0.01, "loss": 0.19601, "acc": 0.98355, "acc_5": 0.9998, "macc": 0.98356, "mean_diffs": 6.66277, "max_diffs": 7.48148, "margin": 5.46356}
[2026-05-09 16:05:36,928 INFO][traineradasmoothlossprojlogit.py:333 - log_eval_epoch_info] - Val Epoch[159]	{"samples": 5000, "loss": 0.38361, "acc": 0.9396, "acc_5": 0.9978, "macc": 0.93977, "nll": 0.20044, "ece": 0.01905, "aece": 0.01651, "cece": 0.00767, "mean_diffs": 6.47677, "max_diffs": 7.44068, "margin": 5.187}
[2026-05-09 16:05:36,929 INFO][traineradasmoothlossprojlogit.py:336 - log_eval_epoch_info] - 
+---------+---------+---------+---------+
| samples | acc     | acc_5   | macc    |
+---------+---------+---------+---------+
| 5000    | 0.93960 | 0.99780 | 0.93977 |
+---------+---------+---------+---------+
[2026-05-09 16:05:36,929 INFO][traineradasmoothlossprojlogit.py:337 - log_eval_epoch_info] - 
+---------+---------+---------+---------+---------+
| samples | nll     | ece     | aece    | cece    |
+---------+---------+---------+---------+---------+
| 5000    | 0.20044 | 0.01905 | 0.01651 | 0.00767 |
+---------+---------+---------+---------+---------+
[2026-05-09 16:05:37,152 INFO][traineradasmoothlossprojlogit.py:605 - train] - Epoch[159]	Best acc on Val : 0.9456 at epoch 154
[2026-05-09 16:05:37,152 INFO][traineradasmoothlossprojlogit.py:572 - train] - ====================
[2026-05-09 16:05:37,152 INFO][traineradasmoothlossprojlogit.py:573 - train] -  Start epoch 160
[2026-05-09 16:05:37,152 INFO][traineradasmoothlossprojlogit.py:574 - train] - ====================
[2026-05-09 16:05:43,319 INFO][traineradasmoothlossprojlogit.py:300 - log_iter_info] - Train Iter[100/351][160]	{"data_time": 0.00019, "batch_time": 0.05345, "loss": 0.14969, "acc": 1.0, "mean_diffs": 6.69712}
[2026-05-09 16:05:48,633 INFO][traineradasmoothlossprojlogit.py:300 - log_iter_info] - Train Iter[200/351][160]	{"data_time": 0.00021, "batch_time": 0.05286, "loss": 0.20134, "acc": 0.98438, "mean_diffs": 6.86509}
[2026-05-09 16:05:53,932 INFO][traineradasmoothlossprojlogit.py:300 - log_iter_info] - Train Iter[300/351][160]	{"data_time": 0.00019, "batch_time": 0.05317, "loss": 0.32669, "acc": 0.92969, "mean_diffs": 6.44468}
[2026-05-09 16:05:56,734 INFO][traineradasmoothlossprojlogit.py:319 - log_epoch_info] - Train Epoch[160]	{"samples": 44928, "lr": 0.01, "loss": 0.19295, "acc": 0.98458, "acc_5": 0.99993, "macc": 0.98458, "mean_diffs": 6.66195, "max_diffs": 7.46933, "margin": 5.50402}
[2026-05-09 16:05:57,996 INFO][traineradasmoothlossprojlogit.py:333 - log_eval_epoch_info] - Val Epoch[160]	{"samples": 5000, "loss": 0.36887, "acc": 0.9412, "acc_5": 0.9976, "macc": 0.94101, "nll": 0.19191, "ece": 0.01751, "aece": 0.01452, "cece": 0.00679, "mean_diffs": 6.45536, "max_diffs": 7.40812, "margin": 5.25168}
[2026-05-09 16:05:57,996 INFO][traineradasmoothlossprojlogit.py:336 - log_eval_epoch_info] - 
+---------+---------+---------+---------+
| samples | acc     | acc_5   | macc    |
+---------+---------+---------+---------+
| 5000    | 0.94120 | 0.99760 | 0.94101 |
+---------+---------+---------+---------+
[2026-05-09 16:05:57,996 INFO][traineradasmoothlossprojlogit.py:337 - log_eval_epoch_info] - 
+---------+---------+---------+---------+---------+
| samples | nll     | ece     | aece    | cece    |
+---------+---------+---------+---------+---------+
| 5000    | 0.19191 | 0.01751 | 0.01452 | 0.00679 |
+---------+---------+---------+---------+---------+
[2026-05-09 16:05:58,221 INFO][traineradasmoothlossprojlogit.py:605 - train] - Epoch[160]	Best acc on Val : 0.9456 at epoch 154
[2026-05-09 16:05:58,221 INFO][traineradasmoothlossprojlogit.py:572 - train] - ====================
[2026-05-09 16:05:58,221 INFO][traineradasmoothlossprojlogit.py:573 - train] -  Start epoch 161
[2026-05-09 16:05:58,221 INFO][traineradasmoothlossprojlogit.py:574 - train] - ====================
[2026-05-09 16:06:04,115 INFO][traineradasmoothlossprojlogit.py:300 - log_iter_info] - Train Iter[100/351][161]	{"data_time": 0.00018, "batch_time": 0.05253, "loss": 0.17568, "acc": 0.98438, "mean_diffs": 6.85446}
[2026-05-09 16:06:09,428 INFO][traineradasmoothlossprojlogit.py:300 - log_iter_info] - Train Iter[200/351][161]	{"data_time": 0.00021, "batch_time": 0.05293, "loss": 0.17524, "acc": 0.99219, "mean_diffs": 6.77525}
[2026-05-09 16:06:14,724 INFO][traineradasmoothlossprojlogit.py:300 - log_iter_info] - Train Iter[300/351][161]	{"data_time": 0.00023, "batch_time": 0.05314, "loss": 0.14176, "acc": 1.0, "mean_diffs": 6.73687}
[2026-05-09 16:06:17,524 INFO][traineradasmoothlossprojlogit.py:319 - log_epoch_info] - Train Epoch[161]	{"samples": 44928, "lr": 0.01, "loss": 0.18777, "acc": 0.98518, "acc_5": 0.99993, "macc": 0.98518, "mean_diffs": 6.70031, "max_diffs": 7.48006, "margin": 5.57847}
[2026-05-09 16:06:18,780 INFO][traineradasmoothlossprojlogit.py:333 - log_eval_epoch_info] - Val Epoch[161]	{"samples": 5000, "loss": 0.38936, "acc": 0.9402, "acc_5": 0.998, "macc": 0.94032, "nll": 0.20452, "ece": 0.01251, "aece": 0.01057, "cece": 0.00792, "mean_diffs": 6.53284, "max_diffs": 7.46652, "margin": 5.33085}
[2026-05-09 16:06:18,780 INFO][traineradasmoothlossprojlogit.py:336 - log_eval_epoch_info] - 
+---------+---------+---------+---------+
| samples | acc     | acc_5   | macc    |
+---------+---------+---------+---------+
| 5000    | 0.94020 | 0.99800 | 0.94032 |
+---------+---------+---------+---------+
[2026-05-09 16:06:18,781 INFO][traineradasmoothlossprojlogit.py:337 - log_eval_epoch_info] - 
+---------+---------+---------+---------+---------+
| samples | nll     | ece     | aece    | cece    |
+---------+---------+---------+---------+---------+
| 5000    | 0.20452 | 0.01251 | 0.01057 | 0.00792 |
+---------+---------+---------+---------+---------+
[2026-05-09 16:06:18,999 INFO][traineradasmoothlossprojlogit.py:605 - train] - Epoch[161]	Best acc on Val : 0.9456 at epoch 154
[2026-05-09 16:06:19,000 INFO][traineradasmoothlossprojlogit.py:572 - train] - ====================
[2026-05-09 16:06:19,000 INFO][traineradasmoothlossprojlogit.py:573 - train] -  Start epoch 162
[2026-05-09 16:06:19,000 INFO][traineradasmoothlossprojlogit.py:574 - train] - ====================
[2026-05-09 16:06:24,900 INFO][traineradasmoothlossprojlogit.py:300 - log_iter_info] - Train Iter[100/351][162]	{"data_time": 0.00024, "batch_time": 0.05258, "loss": 0.17448, "acc": 0.97656, "mean_diffs": 6.80735}
[2026-05-09 16:06:30,204 INFO][traineradasmoothlossprojlogit.py:300 - log_iter_info] - Train Iter[200/351][162]	{"data_time": 0.00025, "batch_time": 0.0527, "loss": 0.1884, "acc": 0.98438, "mean_diffs": 6.66103}
[2026-05-09 16:06:35,500 INFO][traineradasmoothlossprojlogit.py:300 - log_iter_info] - Train Iter[300/351][162]	{"data_time": 0.00024, "batch_time": 0.05287, "loss": 0.19826, "acc": 0.97656, "mean_diffs": 6.39113}
[2026-05-09 16:06:38,297 INFO][traineradasmoothlossprojlogit.py:319 - log_epoch_info] - Train Epoch[162]	{"samples": 44928, "lr": 0.01, "loss": 0.18586, "acc": 0.98596, "acc_5": 0.99991, "macc": 0.98596, "mean_diffs": 6.6692, "max_diffs": 7.44135, "margin": 5.58232}
[2026-05-09 16:06:39,592 INFO][traineradasmoothlossprojlogit.py:333 - log_eval_epoch_info] - Val Epoch[162]	{"samples": 5000, "loss": 0.38809, "acc": 0.9376, "acc_5": 0.9978, "macc": 0.93731, "nll": 0.20485, "ece": 0.0185, "aece": 0.01823, "cece": 0.00649, "mean_diffs": 6.46964, "max_diffs": 7.39335, "margin": 5.30519}
[2026-05-09 16:06:39,592 INFO][traineradasmoothlossprojlogit.py:336 - log_eval_epoch_info] - 
+---------+---------+---------+---------+
| samples | acc     | acc_5   | macc    |
+---------+---------+---------+---------+
| 5000    | 0.93760 | 0.99780 | 0.93731 |
+---------+---------+---------+---------+
[2026-05-09 16:06:39,592 INFO][traineradasmoothlossprojlogit.py:337 - log_eval_epoch_info] - 
+---------+---------+---------+---------+---------+
| samples | nll     | ece     | aece    | cece    |
+---------+---------+---------+---------+---------+
| 5000    | 0.20485 | 0.01850 | 0.01823 | 0.00649 |
+---------+---------+---------+---------+---------+
[2026-05-09 16:06:39,812 INFO][traineradasmoothlossprojlogit.py:605 - train] - Epoch[162]	Best acc on Val : 0.9456 at epoch 154
[2026-05-09 16:06:39,812 INFO][traineradasmoothlossprojlogit.py:572 - train] - ====================
[2026-05-09 16:06:39,813 INFO][traineradasmoothlossprojlogit.py:573 - train] -  Start epoch 163
[2026-05-09 16:06:39,813 INFO][traineradasmoothlossprojlogit.py:574 - train] - ====================
[2026-05-09 16:06:45,752 INFO][traineradasmoothlossprojlogit.py:300 - log_iter_info] - Train Iter[100/351][163]	{"data_time": 0.0002, "batch_time": 0.0524, "loss": 0.21469, "acc": 0.97656, "mean_diffs": 6.83033}
[2026-05-09 16:06:51,050 INFO][traineradasmoothlossprojlogit.py:300 - log_iter_info] - Train Iter[200/351][163]	{"data_time": 0.0002, "batch_time": 0.05287, "loss": 0.15916, "acc": 1.0, "mean_diffs": 6.73005}
[2026-05-09 16:06:56,346 INFO][traineradasmoothlossprojlogit.py:300 - log_iter_info] - Train Iter[300/351][163]	{"data_time": 0.00018, "batch_time": 0.05274, "loss": 0.24209, "acc": 0.96875, "mean_diffs": 6.4918}
[2026-05-09 16:06:59,136 INFO][traineradasmoothlossprojlogit.py:319 - log_epoch_info] - Train Epoch[163]	{"samples": 44928, "lr": 0.01, "loss": 0.18442, "acc": 0.98711, "acc_5": 0.99989, "macc": 0.98712, "mean_diffs": 6.65109, "max_diffs": 7.39559, "margin": 5.60699}
[2026-05-09 16:07:00,435 INFO][traineradasmoothlossprojlogit.py:333 - log_eval_epoch_info] - Val Epoch[163]	{"samples": 5000, "loss": 0.36805, "acc": 0.9386, "acc_5": 0.9968, "macc": 0.93865, "nll": 0.20558, "ece": 0.02151, "aece": 0.0191, "cece": 0.00659, "mean_diffs": 6.40886, "max_diffs": 7.29171, "margin": 5.27201}
[2026-05-09 16:07:00,436 INFO][traineradasmoothlossprojlogit.py:336 - log_eval_epoch_info] - 
+---------+---------+---------+---------+
| samples | acc     | acc_5   | macc    |
+---------+---------+---------+---------+
| 5000    | 0.93860 | 0.99680 | 0.93865 |
+---------+---------+---------+---------+
[2026-05-09 16:07:00,436 INFO][traineradasmoothlossprojlogit.py:337 - log_eval_epoch_info] - 
+---------+---------+---------+---------+---------+
| samples | nll     | ece     | aece    | cece    |
+---------+---------+---------+---------+---------+
| 5000    | 0.20558 | 0.02151 | 0.01910 | 0.00659 |
+---------+---------+---------+---------+---------+
[2026-05-09 16:07:00,663 INFO][traineradasmoothlossprojlogit.py:605 - train] - Epoch[163]	Best acc on Val : 0.9456 at epoch 154
[2026-05-09 16:07:00,663 INFO][traineradasmoothlossprojlogit.py:572 - train] - ====================
[2026-05-09 16:07:00,663 INFO][traineradasmoothlossprojlogit.py:573 - train] -  Start epoch 164
[2026-05-09 16:07:00,663 INFO][traineradasmoothlossprojlogit.py:574 - train] - ====================
[2026-05-09 16:07:06,837 INFO][traineradasmoothlossprojlogit.py:300 - log_iter_info] - Train Iter[100/351][164]	{"data_time": 0.00024, "batch_time": 0.05262, "loss": 0.1606, "acc": 0.99219, "mean_diffs": 6.61133}
[2026-05-09 16:07:12,147 INFO][traineradasmoothlossprojlogit.py:300 - log_iter_info] - Train Iter[200/351][164]	{"data_time": 0.00027, "batch_time": 0.053, "loss": 0.17531, "acc": 0.97656, "mean_diffs": 6.53857}
[2026-05-09 16:07:17,446 INFO][traineradasmoothlossprojlogit.py:300 - log_iter_info] - Train Iter[300/351][164]	{"data_time": 0.00019, "batch_time": 0.05327, "loss": 0.16294, "acc": 0.99219, "mean_diffs": 6.67827}
[2026-05-09 16:07:20,276 INFO][traineradasmoothlossprojlogit.py:319 - log_epoch_info] - Train Epoch[164]	{"samples": 44928, "lr": 0.01, "loss": 0.18017, "acc": 0.98849, "acc_5": 0.99996, "macc": 0.9885, "mean_diffs": 6.65362, "max_diffs": 7.37609, "margin": 5.6342}
[2026-05-09 16:07:21,555 INFO][traineradasmoothlossprojlogit.py:333 - log_eval_epoch_info] - Val Epoch[164]	{"samples": 5000, "loss": 0.38673, "acc": 0.9408, "acc_5": 0.9972, "macc": 0.94042, "nll": 0.20209, "ece": 0.01667, "aece": 0.01455, "cece": 0.00723, "mean_diffs": 6.557, "max_diffs": 7.45113, "margin": 5.40158}
[2026-05-09 16:07:21,555 INFO][traineradasmoothlossprojlogit.py:336 - log_eval_epoch_info] - 
+---------+---------+---------+---------+
| samples | acc     | acc_5   | macc    |
+---------+---------+---------+---------+
| 5000    | 0.94080 | 0.99720 | 0.94042 |
+---------+---------+---------+---------+
[2026-05-09 16:07:21,555 INFO][traineradasmoothlossprojlogit.py:337 - log_eval_epoch_info] - 
+---------+---------+---------+---------+---------+
| samples | nll     | ece     | aece    | cece    |
+---------+---------+---------+---------+---------+
| 5000    | 0.20209 | 0.01667 | 0.01455 | 0.00723 |
+---------+---------+---------+---------+---------+
[2026-05-09 16:07:21,774 INFO][traineradasmoothlossprojlogit.py:605 - train] - Epoch[164]	Best acc on Val : 0.9456 at epoch 154
[2026-05-09 16:07:21,774 INFO][traineradasmoothlossprojlogit.py:572 - train] - ====================
[2026-05-09 16:07:21,774 INFO][traineradasmoothlossprojlogit.py:573 - train] -  Start epoch 165
[2026-05-09 16:07:21,774 INFO][traineradasmoothlossprojlogit.py:574 - train] - ====================
[2026-05-09 16:07:27,680 INFO][traineradasmoothlossprojlogit.py:300 - log_iter_info] - Train Iter[100/351][165]	{"data_time": 0.00026, "batch_time": 0.05281, "loss": 0.20792, "acc": 0.96094, "mean_diffs": 6.4087}
[2026-05-09 16:07:32,995 INFO][traineradasmoothlossprojlogit.py:300 - log_iter_info] - Train Iter[200/351][165]	{"data_time": 0.0002, "batch_time": 0.05307, "loss": 0.13653, "acc": 0.99219, "mean_diffs": 6.68837}
[2026-05-09 16:07:38,314 INFO][traineradasmoothlossprojlogit.py:300 - log_iter_info] - Train Iter[300/351][165]	{"data_time": 0.00024, "batch_time": 0.0531, "loss": 0.22459, "acc": 0.98438, "mean_diffs": 6.70502}
[2026-05-09 16:07:41,134 INFO][traineradasmoothlossprojlogit.py:319 - log_epoch_info] - Train Epoch[165]	{"samples": 44928, "lr": 0.01, "loss": 0.18, "acc": 0.98805, "acc_5": 0.99998, "macc": 0.98805, "mean_diffs": 6.662, "max_diffs": 7.37526, "margin": 5.67112}
[2026-05-09 16:07:42,413 INFO][traineradasmoothlossprojlogit.py:333 - log_eval_epoch_info] - Val Epoch[165]	{"samples": 5000, "loss": 0.36663, "acc": 0.9418, "acc_5": 0.9978, "macc": 0.94158, "nll": 0.19868, "ece": 0.01664, "aece": 0.01596, "cece": 0.00576, "mean_diffs": 6.41325, "max_diffs": 7.30165, "margin": 5.28313}
[2026-05-09 16:07:42,413 INFO][traineradasmoothlossprojlogit.py:336 - log_eval_epoch_info] - 
+---------+---------+---------+---------+
| samples | acc     | acc_5   | macc    |
+---------+---------+---------+---------+
| 5000    | 0.94180 | 0.99780 | 0.94158 |
+---------+---------+---------+---------+
[2026-05-09 16:07:42,413 INFO][traineradasmoothlossprojlogit.py:337 - log_eval_epoch_info] - 
+---------+---------+---------+---------+---------+
| samples | nll     | ece     | aece    | cece    |
+---------+---------+---------+---------+---------+
| 5000    | 0.19868 | 0.01664 | 0.01596 | 0.00576 |
+---------+---------+---------+---------+---------+
[2026-05-09 16:07:42,635 INFO][traineradasmoothlossprojlogit.py:605 - train] - Epoch[165]	Best acc on Val : 0.9456 at epoch 154
[2026-05-09 16:07:42,635 INFO][traineradasmoothlossprojlogit.py:572 - train] - ====================
[2026-05-09 16:07:42,635 INFO][traineradasmoothlossprojlogit.py:573 - train] -  Start epoch 166
[2026-05-09 16:07:42,635 INFO][traineradasmoothlossprojlogit.py:574 - train] - ====================
[2026-05-09 16:07:48,544 INFO][traineradasmoothlossprojlogit.py:300 - log_iter_info] - Train Iter[100/351][166]	{"data_time": 0.0002, "batch_time": 0.05261, "loss": 0.17594, "acc": 0.97656, "mean_diffs": 6.69418}
[2026-05-09 16:07:53,851 INFO][traineradasmoothlossprojlogit.py:300 - log_iter_info] - Train Iter[200/351][166]	{"data_time": 0.00021, "batch_time": 0.05273, "loss": 0.21492, "acc": 0.98438, "mean_diffs": 6.5308}
[2026-05-09 16:07:59,154 INFO][traineradasmoothlossprojlogit.py:300 - log_iter_info] - Train Iter[300/351][166]	{"data_time": 0.00024, "batch_time": 0.05287, "loss": 0.15355, "acc": 1.0, "mean_diffs": 6.53074}
[2026-05-09 16:08:01,959 INFO][traineradasmoothlossprojlogit.py:319 - log_epoch_info] - Train Epoch[166]	{"samples": 44928, "lr": 0.01, "loss": 0.17848, "acc": 0.98887, "acc_5": 0.99991, "macc": 0.98888, "mean_diffs": 6.64155, "max_diffs": 7.34772, "margin": 5.66227}
[2026-05-09 16:08:03,227 INFO][traineradasmoothlossprojlogit.py:333 - log_eval_epoch_info] - Val Epoch[166]	{"samples": 5000, "loss": 0.38271, "acc": 0.9416, "acc_5": 0.9962, "macc": 0.94169, "nll": 0.20118, "ece": 0.01602, "aece": 0.01622, "cece": 0.00688, "mean_diffs": 6.45735, "max_diffs": 7.28734, "margin": 5.37127}
[2026-05-09 16:08:03,227 INFO][traineradasmoothlossprojlogit.py:336 - log_eval_epoch_info] - 
+---------+---------+---------+---------+
| samples | acc     | acc_5   | macc    |
+---------+---------+---------+---------+
| 5000    | 0.94160 | 0.99620 | 0.94169 |
+---------+---------+---------+---------+
[2026-05-09 16:08:03,227 INFO][traineradasmoothlossprojlogit.py:337 - log_eval_epoch_info] - 
+---------+---------+---------+---------+---------+
| samples | nll     | ece     | aece    | cece    |
+---------+---------+---------+---------+---------+
| 5000    | 0.20118 | 0.01602 | 0.01622 | 0.00688 |
+---------+---------+---------+---------+---------+
[2026-05-09 16:08:03,445 INFO][traineradasmoothlossprojlogit.py:605 - train] - Epoch[166]	Best acc on Val : 0.9456 at epoch 154
[2026-05-09 16:08:03,445 INFO][traineradasmoothlossprojlogit.py:572 - train] - ====================
[2026-05-09 16:08:03,445 INFO][traineradasmoothlossprojlogit.py:573 - train] -  Start epoch 167
[2026-05-09 16:08:03,445 INFO][traineradasmoothlossprojlogit.py:574 - train] - ====================
[2026-05-09 16:08:09,354 INFO][traineradasmoothlossprojlogit.py:300 - log_iter_info] - Train Iter[100/351][167]	{"data_time": 0.00019, "batch_time": 0.05262, "loss": 0.15887, "acc": 1.0, "mean_diffs": 6.66457}
[2026-05-09 16:08:14,658 INFO][traineradasmoothlossprojlogit.py:300 - log_iter_info] - Train Iter[200/351][167]	{"data_time": 0.00021, "batch_time": 0.05296, "loss": 0.14737, "acc": 1.0, "mean_diffs": 6.51318}
[2026-05-09 16:08:19,956 INFO][traineradasmoothlossprojlogit.py:300 - log_iter_info] - Train Iter[300/351][167]	{"data_time": 0.00024, "batch_time": 0.05281, "loss": 0.19981, "acc": 0.98438, "mean_diffs": 6.5508}
[2026-05-09 16:08:22,750 INFO][traineradasmoothlossprojlogit.py:319 - log_epoch_info] - Train Epoch[167]	{"samples": 44928, "lr": 0.01, "loss": 0.17689, "acc": 0.98952, "acc_5": 1.0, "macc": 0.98952, "mean_diffs": 6.62658, "max_diffs": 7.31032, "margin": 5.69028}
[2026-05-09 16:08:24,013 INFO][traineradasmoothlossprojlogit.py:333 - log_eval_epoch_info] - Val Epoch[167]	{"samples": 5000, "loss": 0.39449, "acc": 0.9382, "acc_5": 0.9974, "macc": 0.93833, "nll": 0.21134, "ece": 0.01936, "aece": 0.01886, "cece": 0.0069, "mean_diffs": 6.44851, "max_diffs": 7.25488, "margin": 5.38389}
[2026-05-09 16:08:24,014 INFO][traineradasmoothlossprojlogit.py:336 - log_eval_epoch_info] - 
+---------+---------+---------+---------+
| samples | acc     | acc_5   | macc    |
+---------+---------+---------+---------+
| 5000    | 0.93820 | 0.99740 | 0.93833 |
+---------+---------+---------+---------+
[2026-05-09 16:08:24,014 INFO][traineradasmoothlossprojlogit.py:337 - log_eval_epoch_info] - 
+---------+---------+---------+---------+---------+
| samples | nll     | ece     | aece    | cece    |
+---------+---------+---------+---------+---------+
| 5000    | 0.21134 | 0.01936 | 0.01886 | 0.00690 |
+---------+---------+---------+---------+---------+
[2026-05-09 16:08:24,233 INFO][traineradasmoothlossprojlogit.py:605 - train] - Epoch[167]	Best acc on Val : 0.9456 at epoch 154
[2026-05-09 16:08:24,233 INFO][traineradasmoothlossprojlogit.py:572 - train] - ====================
[2026-05-09 16:08:24,233 INFO][traineradasmoothlossprojlogit.py:573 - train] -  Start epoch 168
[2026-05-09 16:08:24,233 INFO][traineradasmoothlossprojlogit.py:574 - train] - ====================
[2026-05-09 16:08:30,401 INFO][traineradasmoothlossprojlogit.py:300 - log_iter_info] - Train Iter[100/351][168]	{"data_time": 0.00041, "batch_time": 0.05304, "loss": 0.20217, "acc": 0.98438, "mean_diffs": 6.54988}
[2026-05-09 16:08:35,711 INFO][traineradasmoothlossprojlogit.py:300 - log_iter_info] - Train Iter[200/351][168]	{"data_time": 0.0002, "batch_time": 0.05315, "loss": 0.14458, "acc": 1.0, "mean_diffs": 6.74299}
[2026-05-09 16:08:41,022 INFO][traineradasmoothlossprojlogit.py:300 - log_iter_info] - Train Iter[300/351][168]	{"data_time": 0.00019, "batch_time": 0.0528, "loss": 0.18464, "acc": 1.0, "mean_diffs": 6.60576}
[2026-05-09 16:08:43,824 INFO][traineradasmoothlossprojlogit.py:319 - log_epoch_info] - Train Epoch[168]	{"samples": 44928, "lr": 0.01, "loss": 0.17884, "acc": 0.98865, "acc_5": 0.99993, "macc": 0.98865, "mean_diffs": 6.60429, "max_diffs": 7.26128, "margin": 5.67149}
[2026-05-09 16:08:45,082 INFO][traineradasmoothlossprojlogit.py:333 - log_eval_epoch_info] - Val Epoch[168]	{"samples": 5000, "loss": 0.36942, "acc": 0.9394, "acc_5": 0.9984, "macc": 0.93943, "nll": 0.21017, "ece": 0.01619, "aece": 0.01448, "cece": 0.00678, "mean_diffs": 6.30286, "max_diffs": 7.0843, "margin": 5.27672}
[2026-05-09 16:08:45,082 INFO][traineradasmoothlossprojlogit.py:336 - log_eval_epoch_info] - 
+---------+---------+---------+---------+
| samples | acc     | acc_5   | macc    |
+---------+---------+---------+---------+
| 5000    | 0.93940 | 0.99840 | 0.93943 |
+---------+---------+---------+---------+
[2026-05-09 16:08:45,083 INFO][traineradasmoothlossprojlogit.py:337 - log_eval_epoch_info] - 
+---------+---------+---------+---------+---------+
| samples | nll     | ece     | aece    | cece    |
+---------+---------+---------+---------+---------+
| 5000    | 0.21017 | 0.01619 | 0.01448 | 0.00678 |
+---------+---------+---------+---------+---------+
[2026-05-09 16:08:45,306 INFO][traineradasmoothlossprojlogit.py:605 - train] - Epoch[168]	Best acc on Val : 0.9456 at epoch 154
[2026-05-09 16:08:45,306 INFO][traineradasmoothlossprojlogit.py:572 - train] - ====================
[2026-05-09 16:08:45,306 INFO][traineradasmoothlossprojlogit.py:573 - train] -  Start epoch 169
[2026-05-09 16:08:45,306 INFO][traineradasmoothlossprojlogit.py:574 - train] - ====================
[2026-05-09 16:08:51,199 INFO][traineradasmoothlossprojlogit.py:300 - log_iter_info] - Train Iter[100/351][169]	{"data_time": 0.0002, "batch_time": 0.05254, "loss": 0.14711, "acc": 1.0, "mean_diffs": 6.67128}
[2026-05-09 16:08:56,508 INFO][traineradasmoothlossprojlogit.py:300 - log_iter_info] - Train Iter[200/351][169]	{"data_time": 0.00021, "batch_time": 0.05338, "loss": 0.261, "acc": 0.98438, "mean_diffs": 6.54493}
[2026-05-09 16:09:01,811 INFO][traineradasmoothlossprojlogit.py:300 - log_iter_info] - Train Iter[300/351][169]	{"data_time": 0.00023, "batch_time": 0.05276, "loss": 0.16908, "acc": 0.99219, "mean_diffs": 6.58114}
[2026-05-09 16:09:04,603 INFO][traineradasmoothlossprojlogit.py:319 - log_epoch_info] - Train Epoch[169]	{"samples": 44928, "lr": 0.01, "loss": 0.17881, "acc": 0.98969, "acc_5": 0.99998, "macc": 0.9897, "mean_diffs": 6.55058, "max_diffs": 7.20664, "margin": 5.63599}
[2026-05-09 16:09:05,872 INFO][traineradasmoothlossprojlogit.py:333 - log_eval_epoch_info] - Val Epoch[169]	{"samples": 5000, "loss": 0.35835, "acc": 0.9436, "acc_5": 0.9974, "macc": 0.94324, "nll": 0.19921, "ece": 0.0152, "aece": 0.01362, "cece": 0.00612, "mean_diffs": 6.3717, "max_diffs": 7.14188, "margin": 5.35158}
[2026-05-09 16:09:05,873 INFO][traineradasmoothlossprojlogit.py:336 - log_eval_epoch_info] - 
+---------+---------+---------+---------+
| samples | acc     | acc_5   | macc    |
+---------+---------+---------+---------+
| 5000    | 0.94360 | 0.99740 | 0.94324 |
+---------+---------+---------+---------+
[2026-05-09 16:09:05,873 INFO][traineradasmoothlossprojlogit.py:337 - log_eval_epoch_info] - 
+---------+---------+---------+---------+---------+
| samples | nll     | ece     | aece    | cece    |
+---------+---------+---------+---------+---------+
| 5000    | 0.19921 | 0.01520 | 0.01362 | 0.00612 |
+---------+---------+---------+---------+---------+
[2026-05-09 16:09:06,095 INFO][traineradasmoothlossprojlogit.py:605 - train] - Epoch[169]	Best acc on Val : 0.9456 at epoch 154
[2026-05-09 16:09:06,095 INFO][traineradasmoothlossprojlogit.py:572 - train] - ====================
[2026-05-09 16:09:06,095 INFO][traineradasmoothlossprojlogit.py:573 - train] -  Start epoch 170
[2026-05-09 16:09:06,095 INFO][traineradasmoothlossprojlogit.py:574 - train] - ====================
[2026-05-09 16:09:11,994 INFO][traineradasmoothlossprojlogit.py:300 - log_iter_info] - Train Iter[100/351][170]	{"data_time": 0.0002, "batch_time": 0.05268, "loss": 0.14957, "acc": 1.0, "mean_diffs": 6.59112}
[2026-05-09 16:09:17,299 INFO][traineradasmoothlossprojlogit.py:300 - log_iter_info] - Train Iter[200/351][170]	{"data_time": 0.00021, "batch_time": 0.05354, "loss": 0.17831, "acc": 0.99219, "mean_diffs": 6.76432}
[2026-05-09 16:09:22,603 INFO][traineradasmoothlossprojlogit.py:300 - log_iter_info] - Train Iter[300/351][170]	{"data_time": 0.00018, "batch_time": 0.05297, "loss": 0.16462, "acc": 1.0, "mean_diffs": 6.46874}
[2026-05-09 16:09:25,394 INFO][traineradasmoothlossprojlogit.py:319 - log_epoch_info] - Train Epoch[170]	{"samples": 44928, "lr": 0.01, "loss": 0.17705, "acc": 0.99012, "acc_5": 0.99991, "macc": 0.99012, "mean_diffs": 6.55706, "max_diffs": 7.19556, "margin": 5.66362}
[2026-05-09 16:09:26,647 INFO][traineradasmoothlossprojlogit.py:333 - log_eval_epoch_info] - Val Epoch[170]	{"samples": 5000, "loss": 0.39552, "acc": 0.9378, "acc_5": 0.997, "macc": 0.93796, "nll": 0.22025, "ece": 0.01098, "aece": 0.0131, "cece": 0.00764, "mean_diffs": 6.37443, "max_diffs": 7.09911, "margin": 5.3269}
[2026-05-09 16:09:26,647 INFO][traineradasmoothlossprojlogit.py:336 - log_eval_epoch_info] - 
+---------+---------+---------+---------+
| samples | acc     | acc_5   | macc    |
+---------+---------+---------+---------+
| 5000    | 0.93780 | 0.99700 | 0.93796 |
+---------+---------+---------+---------+
[2026-05-09 16:09:26,647 INFO][traineradasmoothlossprojlogit.py:337 - log_eval_epoch_info] - 
+---------+---------+---------+---------+---------+
| samples | nll     | ece     | aece    | cece    |
+---------+---------+---------+---------+---------+
| 5000    | 0.22025 | 0.01098 | 0.01310 | 0.00764 |
+---------+---------+---------+---------+---------+
[2026-05-09 16:09:26,869 INFO][traineradasmoothlossprojlogit.py:605 - train] - Epoch[170]	Best acc on Val : 0.9456 at epoch 154
[2026-05-09 16:09:26,869 INFO][traineradasmoothlossprojlogit.py:572 - train] - ====================
[2026-05-09 16:09:26,869 INFO][traineradasmoothlossprojlogit.py:573 - train] -  Start epoch 171
[2026-05-09 16:09:26,869 INFO][traineradasmoothlossprojlogit.py:574 - train] - ====================
[2026-05-09 16:09:32,788 INFO][traineradasmoothlossprojlogit.py:300 - log_iter_info] - Train Iter[100/351][171]	{"data_time": 0.00025, "batch_time": 0.05283, "loss": 0.19686, "acc": 0.98438, "mean_diffs": 6.64082}
[2026-05-09 16:09:38,088 INFO][traineradasmoothlossprojlogit.py:300 - log_iter_info] - Train Iter[200/351][171]	{"data_time": 0.00026, "batch_time": 0.05287, "loss": 0.18513, "acc": 0.99219, "mean_diffs": 6.52574}
[2026-05-09 16:09:43,390 INFO][traineradasmoothlossprojlogit.py:300 - log_iter_info] - Train Iter[300/351][171]	{"data_time": 0.00023, "batch_time": 0.05286, "loss": 0.20542, "acc": 1.0, "mean_diffs": 6.40368}
[2026-05-09 16:09:46,194 INFO][traineradasmoothlossprojlogit.py:319 - log_epoch_info] - Train Epoch[171]	{"samples": 44928, "lr": 0.01, "loss": 0.17845, "acc": 0.98865, "acc_5": 0.99993, "macc": 0.98865, "mean_diffs": 6.55786, "max_diffs": 7.18342, "margin": 5.6693}
[2026-05-09 16:09:47,475 INFO][traineradasmoothlossprojlogit.py:333 - log_eval_epoch_info] - Val Epoch[171]	{"samples": 5000, "loss": 0.35636, "acc": 0.944, "acc_5": 0.9964, "macc": 0.94396, "nll": 0.20191, "ece": 0.01857, "aece": 0.01465, "cece": 0.00668, "mean_diffs": 6.27351, "max_diffs": 7.01355, "margin": 5.26035}
[2026-05-09 16:09:47,475 INFO][traineradasmoothlossprojlogit.py:336 - log_eval_epoch_info] - 
+---------+---------+---------+---------+
| samples | acc     | acc_5   | macc    |
+---------+---------+---------+---------+
| 5000    | 0.94400 | 0.99640 | 0.94396 |
+---------+---------+---------+---------+
[2026-05-09 16:09:47,476 INFO][traineradasmoothlossprojlogit.py:337 - log_eval_epoch_info] - 
+---------+---------+---------+---------+---------+
| samples | nll     | ece     | aece    | cece    |
+---------+---------+---------+---------+---------+
| 5000    | 0.20191 | 0.01857 | 0.01465 | 0.00668 |
+---------+---------+---------+---------+---------+
[2026-05-09 16:09:47,696 INFO][traineradasmoothlossprojlogit.py:605 - train] - Epoch[171]	Best acc on Val : 0.9456 at epoch 154
[2026-05-09 16:09:47,696 INFO][traineradasmoothlossprojlogit.py:572 - train] - ====================
[2026-05-09 16:09:47,696 INFO][traineradasmoothlossprojlogit.py:573 - train] -  Start epoch 172
[2026-05-09 16:09:47,696 INFO][traineradasmoothlossprojlogit.py:574 - train] - ====================
[2026-05-09 16:09:53,876 INFO][traineradasmoothlossprojlogit.py:300 - log_iter_info] - Train Iter[100/351][172]	{"data_time": 0.00038, "batch_time": 0.05306, "loss": 0.2299, "acc": 0.98438, "mean_diffs": 6.34132}
[2026-05-09 16:09:59,184 INFO][traineradasmoothlossprojlogit.py:300 - log_iter_info] - Train Iter[200/351][172]	{"data_time": 0.00026, "batch_time": 0.05298, "loss": 0.14579, "acc": 1.0, "mean_diffs": 6.61432}
[2026-05-09 16:10:04,497 INFO][traineradasmoothlossprojlogit.py:300 - log_iter_info] - Train Iter[300/351][172]	{"data_time": 0.00018, "batch_time": 0.0531, "loss": 0.16222, "acc": 1.0, "mean_diffs": 6.62611}
[2026-05-09 16:10:07,316 INFO][traineradasmoothlossprojlogit.py:319 - log_epoch_info] - Train Epoch[172]	{"samples": 44928, "lr": 0.01, "loss": 0.17601, "acc": 0.98969, "acc_5": 1.0, "macc": 0.9897, "mean_diffs": 6.54792, "max_diffs": 7.16026, "margin": 5.66599}
[2026-05-09 16:10:08,601 INFO][traineradasmoothlossprojlogit.py:333 - log_eval_epoch_info] - Val Epoch[172]	{"samples": 5000, "loss": 0.35576, "acc": 0.94, "acc_5": 0.9976, "macc": 0.94004, "nll": 0.20286, "ece": 0.02081, "aece": 0.02036, "cece": 0.00655, "mean_diffs": 6.32433, "max_diffs": 7.03527, "margin": 5.35007}
[2026-05-09 16:10:08,601 INFO][traineradasmoothlossprojlogit.py:336 - log_eval_epoch_info] - 
+---------+---------+---------+---------+
| samples | acc     | acc_5   | macc    |
+---------+---------+---------+---------+
| 5000    | 0.94000 | 0.99760 | 0.94004 |
+---------+---------+---------+---------+
[2026-05-09 16:10:08,601 INFO][traineradasmoothlossprojlogit.py:337 - log_eval_epoch_info] - 
+---------+---------+---------+---------+---------+
| samples | nll     | ece     | aece    | cece    |
+---------+---------+---------+---------+---------+
| 5000    | 0.20286 | 0.02081 | 0.02036 | 0.00655 |
+---------+---------+---------+---------+---------+
[2026-05-09 16:10:08,819 INFO][traineradasmoothlossprojlogit.py:605 - train] - Epoch[172]	Best acc on Val : 0.9456 at epoch 154
[2026-05-09 16:10:08,819 INFO][traineradasmoothlossprojlogit.py:572 - train] - ====================
[2026-05-09 16:10:08,819 INFO][traineradasmoothlossprojlogit.py:573 - train] -  Start epoch 173
[2026-05-09 16:10:08,819 INFO][traineradasmoothlossprojlogit.py:574 - train] - ====================
[2026-05-09 16:10:14,733 INFO][traineradasmoothlossprojlogit.py:300 - log_iter_info] - Train Iter[100/351][173]	{"data_time": 0.00025, "batch_time": 0.05292, "loss": 0.1689, "acc": 0.98438, "mean_diffs": 6.49379}
[2026-05-09 16:10:20,034 INFO][traineradasmoothlossprojlogit.py:300 - log_iter_info] - Train Iter[200/351][173]	{"data_time": 0.00024, "batch_time": 0.05283, "loss": 0.1644, "acc": 1.0, "mean_diffs": 6.67612}
[2026-05-09 16:10:25,336 INFO][traineradasmoothlossprojlogit.py:300 - log_iter_info] - Train Iter[300/351][173]	{"data_time": 0.00017, "batch_time": 0.053, "loss": 0.16982, "acc": 0.99219, "mean_diffs": 6.5457}
[2026-05-09 16:10:28,133 INFO][traineradasmoothlossprojlogit.py:319 - log_epoch_info] - Train Epoch[173]	{"samples": 44928, "lr": 0.01, "loss": 0.17575, "acc": 0.98883, "acc_5": 0.99996, "macc": 0.98883, "mean_diffs": 6.53871, "max_diffs": 7.1274, "margin": 5.67477}
[2026-05-09 16:10:29,415 INFO][traineradasmoothlossprojlogit.py:333 - log_eval_epoch_info] - Val Epoch[173]	{"samples": 5000, "loss": 0.35432, "acc": 0.9378, "acc_5": 0.9976, "macc": 0.9378, "nll": 0.21853, "ece": 0.0151, "aece": 0.01852, "cece": 0.00645, "mean_diffs": 6.27796, "max_diffs": 6.99457, "margin": 5.27347}
[2026-05-09 16:10:29,415 INFO][traineradasmoothlossprojlogit.py:336 - log_eval_epoch_info] - 
+---------+---------+---------+---------+
| samples | acc     | acc_5   | macc    |
+---------+---------+---------+---------+
| 5000    | 0.93780 | 0.99760 | 0.93780 |
+---------+---------+---------+---------+
[2026-05-09 16:10:29,415 INFO][traineradasmoothlossprojlogit.py:337 - log_eval_epoch_info] - 
+---------+---------+---------+---------+---------+
| samples | nll     | ece     | aece    | cece    |
+---------+---------+---------+---------+---------+
| 5000    | 0.21853 | 0.01510 | 0.01852 | 0.00645 |
+---------+---------+---------+---------+---------+
[2026-05-09 16:10:29,635 INFO][traineradasmoothlossprojlogit.py:605 - train] - Epoch[173]	Best acc on Val : 0.9456 at epoch 154
[2026-05-09 16:10:29,635 INFO][traineradasmoothlossprojlogit.py:572 - train] - ====================
[2026-05-09 16:10:29,635 INFO][traineradasmoothlossprojlogit.py:573 - train] -  Start epoch 174
[2026-05-09 16:10:29,635 INFO][traineradasmoothlossprojlogit.py:574 - train] - ====================
[2026-05-09 16:10:35,572 INFO][traineradasmoothlossprojlogit.py:300 - log_iter_info] - Train Iter[100/351][174]	{"data_time": 0.00025, "batch_time": 0.05277, "loss": 0.15134, "acc": 0.99219, "mean_diffs": 6.66}
[2026-05-09 16:10:40,882 INFO][traineradasmoothlossprojlogit.py:300 - log_iter_info] - Train Iter[200/351][174]	{"data_time": 0.00021, "batch_time": 0.05293, "loss": 0.16928, "acc": 0.99219, "mean_diffs": 6.58896}
[2026-05-09 16:10:46,185 INFO][traineradasmoothlossprojlogit.py:300 - log_iter_info] - Train Iter[300/351][174]	{"data_time": 0.00025, "batch_time": 0.05273, "loss": 0.17769, "acc": 0.99219, "mean_diffs": 6.45797}
[2026-05-09 16:10:48,990 INFO][traineradasmoothlossprojlogit.py:319 - log_epoch_info] - Train Epoch[174]	{"samples": 44928, "lr": 0.01, "loss": 0.17834, "acc": 0.9888, "acc_5": 0.99998, "macc": 0.98881, "mean_diffs": 6.5515, "max_diffs": 7.13519, "margin": 5.68027}
[2026-05-09 16:10:50,259 INFO][traineradasmoothlossprojlogit.py:333 - log_eval_epoch_info] - Val Epoch[174]	{"samples": 5000, "loss": 0.36098, "acc": 0.9352, "acc_5": 0.9974, "macc": 0.93551, "nll": 0.21934, "ece": 0.01861, "aece": 0.02018, "cece": 0.00717, "mean_diffs": 6.31103, "max_diffs": 7.00445, "margin": 5.29535}
[2026-05-09 16:10:50,260 INFO][traineradasmoothlossprojlogit.py:336 - log_eval_epoch_info] - 
+---------+---------+---------+---------+
| samples | acc     | acc_5   | macc    |
+---------+---------+---------+---------+
| 5000    | 0.93520 | 0.99740 | 0.93551 |
+---------+---------+---------+---------+
[2026-05-09 16:10:50,260 INFO][traineradasmoothlossprojlogit.py:337 - log_eval_epoch_info] - 
+---------+---------+---------+---------+---------+
| samples | nll     | ece     | aece    | cece    |
+---------+---------+---------+---------+---------+
| 5000    | 0.21934 | 0.01861 | 0.02018 | 0.00717 |
+---------+---------+---------+---------+---------+
[2026-05-09 16:10:50,481 INFO][traineradasmoothlossprojlogit.py:605 - train] - Epoch[174]	Best acc on Val : 0.9456 at epoch 154
[2026-05-09 16:10:50,481 INFO][traineradasmoothlossprojlogit.py:572 - train] - ====================
[2026-05-09 16:10:50,481 INFO][traineradasmoothlossprojlogit.py:573 - train] -  Start epoch 175
[2026-05-09 16:10:50,481 INFO][traineradasmoothlossprojlogit.py:574 - train] - ====================
[2026-05-09 16:10:56,415 INFO][traineradasmoothlossprojlogit.py:300 - log_iter_info] - Train Iter[100/351][175]	{"data_time": 0.00039, "batch_time": 0.05311, "loss": 0.19455, "acc": 0.97656, "mean_diffs": 6.55305}
[2026-05-09 16:11:01,727 INFO][traineradasmoothlossprojlogit.py:300 - log_iter_info] - Train Iter[200/351][175]	{"data_time": 0.00022, "batch_time": 0.05419, "loss": 0.16437, "acc": 0.98438, "mean_diffs": 6.32711}
[2026-05-09 16:11:07,038 INFO][traineradasmoothlossprojlogit.py:300 - log_iter_info] - Train Iter[300/351][175]	{"data_time": 0.00023, "batch_time": 0.05308, "loss": 0.16948, "acc": 1.0, "mean_diffs": 6.61677}
[2026-05-09 16:11:09,839 INFO][traineradasmoothlossprojlogit.py:319 - log_epoch_info] - Train Epoch[175]	{"samples": 44928, "lr": 0.01, "loss": 0.17529, "acc": 0.99079, "acc_5": 0.99998, "macc": 0.99078, "mean_diffs": 6.5057, "max_diffs": 7.0786, "margin": 5.67432}
[2026-05-09 16:11:11,122 INFO][traineradasmoothlossprojlogit.py:333 - log_eval_epoch_info] - Val Epoch[175]	{"samples": 5000, "loss": 0.38094, "acc": 0.9354, "acc_5": 0.9954, "macc": 0.93524, "nll": 0.22706, "ece": 0.0213, "aece": 0.02245, "cece": 0.00742, "mean_diffs": 6.29686, "max_diffs": 6.97007, "margin": 5.36056}
[2026-05-09 16:11:11,122 INFO][traineradasmoothlossprojlogit.py:336 - log_eval_epoch_info] - 
+---------+---------+---------+---------+
| samples | acc     | acc_5   | macc    |
+---------+---------+---------+---------+
| 5000    | 0.93540 | 0.99540 | 0.93524 |
+---------+---------+---------+---------+
[2026-05-09 16:11:11,122 INFO][traineradasmoothlossprojlogit.py:337 - log_eval_epoch_info] - 
+---------+---------+---------+---------+---------+
| samples | nll     | ece     | aece    | cece    |
+---------+---------+---------+---------+---------+
| 5000    | 0.22706 | 0.02130 | 0.02245 | 0.00742 |
+---------+---------+---------+---------+---------+
[2026-05-09 16:11:11,343 INFO][traineradasmoothlossprojlogit.py:605 - train] - Epoch[175]	Best acc on Val : 0.9456 at epoch 154
[2026-05-09 16:11:11,343 INFO][traineradasmoothlossprojlogit.py:572 - train] - ====================
[2026-05-09 16:11:11,343 INFO][traineradasmoothlossprojlogit.py:573 - train] -  Start epoch 176
[2026-05-09 16:11:11,343 INFO][traineradasmoothlossprojlogit.py:574 - train] - ====================
[2026-05-09 16:11:17,526 INFO][traineradasmoothlossprojlogit.py:300 - log_iter_info] - Train Iter[100/351][176]	{"data_time": 0.00024, "batch_time": 0.05272, "loss": 0.18043, "acc": 0.97656, "mean_diffs": 6.46433}
[2026-05-09 16:11:22,828 INFO][traineradasmoothlossprojlogit.py:300 - log_iter_info] - Train Iter[200/351][176]	{"data_time": 0.00029, "batch_time": 0.05356, "loss": 0.15811, "acc": 0.99219, "mean_diffs": 6.50321}
[2026-05-09 16:11:28,127 INFO][traineradasmoothlossprojlogit.py:300 - log_iter_info] - Train Iter[300/351][176]	{"data_time": 0.00022, "batch_time": 0.05301, "loss": 0.14524, "acc": 1.0, "mean_diffs": 6.51116}
[2026-05-09 16:11:30,933 INFO][traineradasmoothlossprojlogit.py:319 - log_epoch_info] - Train Epoch[176]	{"samples": 44928, "lr": 0.01, "loss": 0.17787, "acc": 0.98945, "acc_5": 0.99998, "macc": 0.98945, "mean_diffs": 6.47826, "max_diffs": 7.05638, "margin": 5.6489}
[2026-05-09 16:11:32,187 INFO][traineradasmoothlossprojlogit.py:333 - log_eval_epoch_info] - Val Epoch[176]	{"samples": 5000, "loss": 0.37967, "acc": 0.932, "acc_5": 0.9966, "macc": 0.93221, "nll": 0.23634, "ece": 0.01953, "aece": 0.01991, "cece": 0.00846, "mean_diffs": 6.20629, "max_diffs": 6.86388, "margin": 5.26087}
[2026-05-09 16:11:32,187 INFO][traineradasmoothlossprojlogit.py:336 - log_eval_epoch_info] - 
+---------+---------+---------+---------+
| samples | acc     | acc_5   | macc    |
+---------+---------+---------+---------+
| 5000    | 0.93200 | 0.99660 | 0.93221 |
+---------+---------+---------+---------+
[2026-05-09 16:11:32,187 INFO][traineradasmoothlossprojlogit.py:337 - log_eval_epoch_info] - 
+---------+---------+---------+---------+---------+
| samples | nll     | ece     | aece    | cece    |
+---------+---------+---------+---------+---------+
| 5000    | 0.23634 | 0.01953 | 0.01991 | 0.00846 |
+---------+---------+---------+---------+---------+
[2026-05-09 16:11:32,408 INFO][traineradasmoothlossprojlogit.py:605 - train] - Epoch[176]	Best acc on Val : 0.9456 at epoch 154
[2026-05-09 16:11:32,408 INFO][traineradasmoothlossprojlogit.py:572 - train] - ====================
[2026-05-09 16:11:32,408 INFO][traineradasmoothlossprojlogit.py:573 - train] -  Start epoch 177
[2026-05-09 16:11:32,408 INFO][traineradasmoothlossprojlogit.py:574 - train] - ====================
[2026-05-09 16:11:38,300 INFO][traineradasmoothlossprojlogit.py:300 - log_iter_info] - Train Iter[100/351][177]	{"data_time": 0.00025, "batch_time": 0.05309, "loss": 0.18495, "acc": 0.99219, "mean_diffs": 6.59127}
[2026-05-09 16:11:43,594 INFO][traineradasmoothlossprojlogit.py:300 - log_iter_info] - Train Iter[200/351][177]	{"data_time": 0.00022, "batch_time": 0.05331, "loss": 0.1701, "acc": 0.98438, "mean_diffs": 6.38879}
[2026-05-09 16:11:48,901 INFO][traineradasmoothlossprojlogit.py:300 - log_iter_info] - Train Iter[300/351][177]	{"data_time": 0.00018, "batch_time": 0.05284, "loss": 0.14308, "acc": 1.0, "mean_diffs": 6.70434}
[2026-05-09 16:11:51,703 INFO][traineradasmoothlossprojlogit.py:319 - log_epoch_info] - Train Epoch[177]	{"samples": 44928, "lr": 0.01, "loss": 0.17812, "acc": 0.9892, "acc_5": 0.99993, "macc": 0.98921, "mean_diffs": 6.46848, "max_diffs": 7.02399, "margin": 5.64905}
[2026-05-09 16:11:52,976 INFO][traineradasmoothlossprojlogit.py:333 - log_eval_epoch_info] - Val Epoch[177]	{"samples": 5000, "loss": 0.36497, "acc": 0.9326, "acc_5": 0.9966, "macc": 0.93277, "nll": 0.23644, "ece": 0.01661, "aece": 0.02128, "cece": 0.00821, "mean_diffs": 6.18184, "max_diffs": 6.86553, "margin": 5.24329}
[2026-05-09 16:11:52,977 INFO][traineradasmoothlossprojlogit.py:336 - log_eval_epoch_info] - 
+---------+---------+---------+---------+
| samples | acc     | acc_5   | macc    |
+---------+---------+---------+---------+
| 5000    | 0.93260 | 0.99660 | 0.93277 |
+---------+---------+---------+---------+
[2026-05-09 16:11:52,977 INFO][traineradasmoothlossprojlogit.py:337 - log_eval_epoch_info] - 
+---------+---------+---------+---------+---------+
| samples | nll     | ece     | aece    | cece    |
+---------+---------+---------+---------+---------+
| 5000    | 0.23644 | 0.01661 | 0.02128 | 0.00821 |
+---------+---------+---------+---------+---------+
[2026-05-09 16:11:53,200 INFO][traineradasmoothlossprojlogit.py:605 - train] - Epoch[177]	Best acc on Val : 0.9456 at epoch 154
[2026-05-09 16:11:53,201 INFO][traineradasmoothlossprojlogit.py:572 - train] - ====================
[2026-05-09 16:11:53,201 INFO][traineradasmoothlossprojlogit.py:573 - train] -  Start epoch 178
[2026-05-09 16:11:53,201 INFO][traineradasmoothlossprojlogit.py:574 - train] - ====================
[2026-05-09 16:11:59,128 INFO][traineradasmoothlossprojlogit.py:300 - log_iter_info] - Train Iter[100/351][178]	{"data_time": 0.00019, "batch_time": 0.05292, "loss": 0.18228, "acc": 0.99219, "mean_diffs": 6.32201}
[2026-05-09 16:12:04,426 INFO][traineradasmoothlossprojlogit.py:300 - log_iter_info] - Train Iter[200/351][178]	{"data_time": 0.00026, "batch_time": 0.05379, "loss": 0.1802, "acc": 0.98438, "mean_diffs": 6.42738}
[2026-05-09 16:12:09,737 INFO][traineradasmoothlossprojlogit.py:300 - log_iter_info] - Train Iter[300/351][178]	{"data_time": 0.00018, "batch_time": 0.05299, "loss": 0.18187, "acc": 0.98438, "mean_diffs": 6.42364}
[2026-05-09 16:12:12,545 INFO][traineradasmoothlossprojlogit.py:319 - log_epoch_info] - Train Epoch[178]	{"samples": 44928, "lr": 0.01, "loss": 0.17837, "acc": 0.98954, "acc_5": 0.99998, "macc": 0.98955, "mean_diffs": 6.44406, "max_diffs": 6.99617, "margin": 5.63626}
[2026-05-09 16:12:13,794 INFO][traineradasmoothlossprojlogit.py:333 - log_eval_epoch_info] - Val Epoch[178]	{"samples": 5000, "loss": 0.36335, "acc": 0.9422, "acc_5": 0.9964, "macc": 0.9423, "nll": 0.21627, "ece": 0.01485, "aece": 0.01526, "cece": 0.00675, "mean_diffs": 6.2171, "max_diffs": 6.90114, "margin": 5.29091}
[2026-05-09 16:12:13,795 INFO][traineradasmoothlossprojlogit.py:336 - log_eval_epoch_info] - 
+---------+---------+---------+---------+
| samples | acc     | acc_5   | macc    |
+---------+---------+---------+---------+
| 5000    | 0.94220 | 0.99640 | 0.94230 |
+---------+---------+---------+---------+
[2026-05-09 16:12:13,795 INFO][traineradasmoothlossprojlogit.py:337 - log_eval_epoch_info] - 
+---------+---------+---------+---------+---------+
| samples | nll     | ece     | aece    | cece    |
+---------+---------+---------+---------+---------+
| 5000    | 0.21627 | 0.01485 | 0.01526 | 0.00675 |
+---------+---------+---------+---------+---------+
[2026-05-09 16:12:14,014 INFO][traineradasmoothlossprojlogit.py:605 - train] - Epoch[178]	Best acc on Val : 0.9456 at epoch 154
[2026-05-09 16:12:14,014 INFO][traineradasmoothlossprojlogit.py:572 - train] - ====================
[2026-05-09 16:12:14,014 INFO][traineradasmoothlossprojlogit.py:573 - train] -  Start epoch 179
[2026-05-09 16:12:14,014 INFO][traineradasmoothlossprojlogit.py:574 - train] - ====================
[2026-05-09 16:12:19,937 INFO][traineradasmoothlossprojlogit.py:300 - log_iter_info] - Train Iter[100/351][179]	{"data_time": 0.00025, "batch_time": 0.05291, "loss": 0.1665, "acc": 0.99219, "mean_diffs": 6.46501}
[2026-05-09 16:12:25,229 INFO][traineradasmoothlossprojlogit.py:300 - log_iter_info] - Train Iter[200/351][179]	{"data_time": 0.00032, "batch_time": 0.05424, "loss": 0.1974, "acc": 0.99219, "mean_diffs": 6.39721}
[2026-05-09 16:12:30,546 INFO][traineradasmoothlossprojlogit.py:300 - log_iter_info] - Train Iter[300/351][179]	{"data_time": 0.00041, "batch_time": 0.05324, "loss": 0.21216, "acc": 0.98438, "mean_diffs": 6.4981}
[2026-05-09 16:12:33,355 INFO][traineradasmoothlossprojlogit.py:319 - log_epoch_info] - Train Epoch[179]	{"samples": 44928, "lr": 0.01, "loss": 0.17942, "acc": 0.98929, "acc_5": 0.99996, "macc": 0.9893, "mean_diffs": 6.45603, "max_diffs": 7.00057, "margin": 5.65343}
[2026-05-09 16:12:34,610 INFO][traineradasmoothlossprojlogit.py:333 - log_eval_epoch_info] - Val Epoch[179]	{"samples": 5000, "loss": 0.36799, "acc": 0.9374, "acc_5": 0.9966, "macc": 0.93728, "nll": 0.23423, "ece": 0.017, "aece": 0.01548, "cece": 0.00746, "mean_diffs": 6.10935, "max_diffs": 6.77658, "margin": 5.17923}
[2026-05-09 16:12:34,611 INFO][traineradasmoothlossprojlogit.py:336 - log_eval_epoch_info] - 
+---------+---------+---------+---------+
| samples | acc     | acc_5   | macc    |
+---------+---------+---------+---------+
| 5000    | 0.93740 | 0.99660 | 0.93728 |
+---------+---------+---------+---------+
[2026-05-09 16:12:34,611 INFO][traineradasmoothlossprojlogit.py:337 - log_eval_epoch_info] - 
+---------+---------+---------+---------+---------+
| samples | nll     | ece     | aece    | cece    |
+---------+---------+---------+---------+---------+
| 5000    | 0.23423 | 0.01700 | 0.01548 | 0.00746 |
+---------+---------+---------+---------+---------+
[2026-05-09 16:12:34,827 INFO][traineradasmoothlossprojlogit.py:605 - train] - Epoch[179]	Best acc on Val : 0.9456 at epoch 154
[2026-05-09 16:12:34,827 INFO][traineradasmoothlossprojlogit.py:572 - train] - ====================
[2026-05-09 16:12:34,827 INFO][traineradasmoothlossprojlogit.py:573 - train] -  Start epoch 180
[2026-05-09 16:12:34,828 INFO][traineradasmoothlossprojlogit.py:574 - train] - ====================
[2026-05-09 16:12:41,001 INFO][traineradasmoothlossprojlogit.py:300 - log_iter_info] - Train Iter[100/351][180]	{"data_time": 0.00024, "batch_time": 0.05267, "loss": 0.18837, "acc": 0.98438, "mean_diffs": 6.40219}
[2026-05-09 16:12:46,296 INFO][traineradasmoothlossprojlogit.py:300 - log_iter_info] - Train Iter[200/351][180]	{"data_time": 0.00022, "batch_time": 0.05375, "loss": 0.18204, "acc": 1.0, "mean_diffs": 6.32519}
[2026-05-09 16:12:51,609 INFO][traineradasmoothlossprojlogit.py:300 - log_iter_info] - Train Iter[300/351][180]	{"data_time": 0.00022, "batch_time": 0.053, "loss": 0.15197, "acc": 1.0, "mean_diffs": 6.2817}
[2026-05-09 16:12:54,421 INFO][traineradasmoothlossprojlogit.py:319 - log_epoch_info] - Train Epoch[180]	{"samples": 44928, "lr": 0.01, "loss": 0.17767, "acc": 0.99038, "acc_5": 0.99998, "macc": 0.99039, "mean_diffs": 6.43156, "max_diffs": 6.9597, "margin": 5.65931}
[2026-05-09 16:12:55,706 INFO][traineradasmoothlossprojlogit.py:333 - log_eval_epoch_info] - Val Epoch[180]	{"samples": 5000, "loss": 0.37741, "acc": 0.9396, "acc_5": 0.9956, "macc": 0.93953, "nll": 0.22107, "ece": 0.02027, "aece": 0.01572, "cece": 0.00725, "mean_diffs": 6.1794, "max_diffs": 6.81114, "margin": 5.27722}
[2026-05-09 16:12:55,706 INFO][traineradasmoothlossprojlogit.py:336 - log_eval_epoch_info] - 
+---------+---------+---------+---------+
| samples | acc     | acc_5   | macc    |
+---------+---------+---------+---------+
| 5000    | 0.93960 | 0.99560 | 0.93953 |
+---------+---------+---------+---------+
[2026-05-09 16:12:55,707 INFO][traineradasmoothlossprojlogit.py:337 - log_eval_epoch_info] - 
+---------+---------+---------+---------+---------+
| samples | nll     | ece     | aece    | cece    |
+---------+---------+---------+---------+---------+
| 5000    | 0.22107 | 0.02027 | 0.01572 | 0.00725 |
+---------+---------+---------+---------+---------+
[2026-05-09 16:12:55,929 INFO][traineradasmoothlossprojlogit.py:605 - train] - Epoch[180]	Best acc on Val : 0.9456 at epoch 154
[2026-05-09 16:12:55,929 INFO][traineradasmoothlossprojlogit.py:572 - train] - ====================
[2026-05-09 16:12:55,929 INFO][traineradasmoothlossprojlogit.py:573 - train] -  Start epoch 181
[2026-05-09 16:12:55,929 INFO][traineradasmoothlossprojlogit.py:574 - train] - ====================
[2026-05-09 16:13:01,830 INFO][traineradasmoothlossprojlogit.py:300 - log_iter_info] - Train Iter[100/351][181]	{"data_time": 0.00024, "batch_time": 0.0528, "loss": 0.17467, "acc": 0.99219, "mean_diffs": 6.46665}
[2026-05-09 16:13:07,122 INFO][traineradasmoothlossprojlogit.py:300 - log_iter_info] - Train Iter[200/351][181]	{"data_time": 0.00025, "batch_time": 0.05254, "loss": 0.19571, "acc": 0.96875, "mean_diffs": 6.3987}
[2026-05-09 16:13:12,434 INFO][traineradasmoothlossprojlogit.py:300 - log_iter_info] - Train Iter[300/351][181]	{"data_time": 0.00019, "batch_time": 0.05292, "loss": 0.17123, "acc": 1.0, "mean_diffs": 6.33327}
[2026-05-09 16:13:15,231 INFO][traineradasmoothlossprojlogit.py:319 - log_epoch_info] - Train Epoch[181]	{"samples": 44928, "lr": 0.01, "loss": 0.18164, "acc": 0.98883, "acc_5": 0.99996, "macc": 0.98883, "mean_diffs": 6.39756, "max_diffs": 6.91267, "margin": 5.61822}
[2026-05-09 16:13:16,502 INFO][traineradasmoothlossprojlogit.py:333 - log_eval_epoch_info] - Val Epoch[181]	{"samples": 5000, "loss": 0.37428, "acc": 0.9342, "acc_5": 0.9962, "macc": 0.93439, "nll": 0.23809, "ece": 0.01633, "aece": 0.02112, "cece": 0.0085, "mean_diffs": 6.26299, "max_diffs": 6.85577, "margin": 5.35056}
[2026-05-09 16:13:16,503 INFO][traineradasmoothlossprojlogit.py:336 - log_eval_epoch_info] - 
+---------+---------+---------+---------+
| samples | acc     | acc_5   | macc    |
+---------+---------+---------+---------+
| 5000    | 0.93420 | 0.99620 | 0.93439 |
+---------+---------+---------+---------+
[2026-05-09 16:13:16,503 INFO][traineradasmoothlossprojlogit.py:337 - log_eval_epoch_info] - 
+---------+---------+---------+---------+---------+
| samples | nll     | ece     | aece    | cece    |
+---------+---------+---------+---------+---------+
| 5000    | 0.23809 | 0.01633 | 0.02112 | 0.00850 |
+---------+---------+---------+---------+---------+
[2026-05-09 16:13:16,721 INFO][traineradasmoothlossprojlogit.py:605 - train] - Epoch[181]	Best acc on Val : 0.9456 at epoch 154
[2026-05-09 16:13:16,721 INFO][traineradasmoothlossprojlogit.py:572 - train] - ====================
[2026-05-09 16:13:16,721 INFO][traineradasmoothlossprojlogit.py:573 - train] -  Start epoch 182
[2026-05-09 16:13:16,721 INFO][traineradasmoothlossprojlogit.py:574 - train] - ====================
[2026-05-09 16:13:22,626 INFO][traineradasmoothlossprojlogit.py:300 - log_iter_info] - Train Iter[100/351][182]	{"data_time": 0.00025, "batch_time": 0.05288, "loss": 0.18259, "acc": 0.98438, "mean_diffs": 6.45461}
[2026-05-09 16:13:27,916 INFO][traineradasmoothlossprojlogit.py:300 - log_iter_info] - Train Iter[200/351][182]	{"data_time": 0.00027, "batch_time": 0.05329, "loss": 0.17714, "acc": 0.99219, "mean_diffs": 6.35852}
[2026-05-09 16:13:33,222 INFO][traineradasmoothlossprojlogit.py:300 - log_iter_info] - Train Iter[300/351][182]	{"data_time": 0.00023, "batch_time": 0.05301, "loss": 0.20439, "acc": 0.96875, "mean_diffs": 6.29023}
[2026-05-09 16:13:36,034 INFO][traineradasmoothlossprojlogit.py:319 - log_epoch_info] - Train Epoch[182]	{"samples": 44928, "lr": 0.01, "loss": 0.18348, "acc": 0.98869, "acc_5": 0.99998, "macc": 0.9887, "mean_diffs": 6.36579, "max_diffs": 6.86611, "margin": 5.61308}
[2026-05-09 16:13:37,320 INFO][traineradasmoothlossprojlogit.py:333 - log_eval_epoch_info] - Val Epoch[182]	{"samples": 5000, "loss": 0.34104, "acc": 0.9398, "acc_5": 0.997, "macc": 0.93965, "nll": 0.21379, "ece": 0.01807, "aece": 0.01748, "cece": 0.00644, "mean_diffs": 6.19297, "max_diffs": 6.8082, "margin": 5.32446}
[2026-05-09 16:13:37,321 INFO][traineradasmoothlossprojlogit.py:336 - log_eval_epoch_info] - 
+---------+---------+---------+---------+
| samples | acc     | acc_5   | macc    |
+---------+---------+---------+---------+
| 5000    | 0.93980 | 0.99700 | 0.93965 |
+---------+---------+---------+---------+
[2026-05-09 16:13:37,321 INFO][traineradasmoothlossprojlogit.py:337 - log_eval_epoch_info] - 
+---------+---------+---------+---------+---------+
| samples | nll     | ece     | aece    | cece    |
+---------+---------+---------+---------+---------+
| 5000    | 0.21379 | 0.01807 | 0.01748 | 0.00644 |
+---------+---------+---------+---------+---------+
[2026-05-09 16:13:37,541 INFO][traineradasmoothlossprojlogit.py:605 - train] - Epoch[182]	Best acc on Val : 0.9456 at epoch 154
[2026-05-09 16:13:37,541 INFO][traineradasmoothlossprojlogit.py:572 - train] - ====================
[2026-05-09 16:13:37,541 INFO][traineradasmoothlossprojlogit.py:573 - train] -  Start epoch 183
[2026-05-09 16:13:37,541 INFO][traineradasmoothlossprojlogit.py:574 - train] - ====================
[2026-05-09 16:13:43,450 INFO][traineradasmoothlossprojlogit.py:300 - log_iter_info] - Train Iter[100/351][183]	{"data_time": 0.00024, "batch_time": 0.05301, "loss": 0.18295, "acc": 0.99219, "mean_diffs": 6.37768}
[2026-05-09 16:13:48,739 INFO][traineradasmoothlossprojlogit.py:300 - log_iter_info] - Train Iter[200/351][183]	{"data_time": 0.00022, "batch_time": 0.05321, "loss": 0.18548, "acc": 0.97656, "mean_diffs": 6.32511}
[2026-05-09 16:13:54,053 INFO][traineradasmoothlossprojlogit.py:300 - log_iter_info] - Train Iter[300/351][183]	{"data_time": 0.00018, "batch_time": 0.05289, "loss": 0.23818, "acc": 0.96094, "mean_diffs": 6.17613}
[2026-05-09 16:13:56,846 INFO][traineradasmoothlossprojlogit.py:319 - log_epoch_info] - Train Epoch[183]	{"samples": 44928, "lr": 0.01, "loss": 0.18489, "acc": 0.98814, "acc_5": 0.99998, "macc": 0.98814, "mean_diffs": 6.34197, "max_diffs": 6.85376, "margin": 5.57857}
[2026-05-09 16:13:58,107 INFO][traineradasmoothlossprojlogit.py:333 - log_eval_epoch_info] - Val Epoch[183]	{"samples": 5000, "loss": 0.36265, "acc": 0.9286, "acc_5": 0.9954, "macc": 0.928, "nll": 0.24702, "ece": 0.01651, "aece": 0.02042, "cece": 0.00818, "mean_diffs": 6.04301, "max_diffs": 6.70295, "margin": 5.09176}
[2026-05-09 16:13:58,107 INFO][traineradasmoothlossprojlogit.py:336 - log_eval_epoch_info] - 
+---------+---------+---------+---------+
| samples | acc     | acc_5   | macc    |
+---------+---------+---------+---------+
| 5000    | 0.92860 | 0.99540 | 0.92800 |
+---------+---------+---------+---------+
[2026-05-09 16:13:58,107 INFO][traineradasmoothlossprojlogit.py:337 - log_eval_epoch_info] - 
+---------+---------+---------+---------+---------+
| samples | nll     | ece     | aece    | cece    |
+---------+---------+---------+---------+---------+
| 5000    | 0.24702 | 0.01651 | 0.02042 | 0.00818 |
+---------+---------+---------+---------+---------+
[2026-05-09 16:13:58,328 INFO][traineradasmoothlossprojlogit.py:605 - train] - Epoch[183]	Best acc on Val : 0.9456 at epoch 154
[2026-05-09 16:13:58,328 INFO][traineradasmoothlossprojlogit.py:572 - train] - ====================
[2026-05-09 16:13:58,328 INFO][traineradasmoothlossprojlogit.py:573 - train] -  Start epoch 184
[2026-05-09 16:13:58,329 INFO][traineradasmoothlossprojlogit.py:574 - train] - ====================
[2026-05-09 16:14:04,498 INFO][traineradasmoothlossprojlogit.py:300 - log_iter_info] - Train Iter[100/351][184]	{"data_time": 0.00019, "batch_time": 0.05261, "loss": 0.1574, "acc": 1.0, "mean_diffs": 6.45382}
[2026-05-09 16:14:09,793 INFO][traineradasmoothlossprojlogit.py:300 - log_iter_info] - Train Iter[200/351][184]	{"data_time": 0.00026, "batch_time": 0.05384, "loss": 0.20865, "acc": 0.96094, "mean_diffs": 6.29311}
[2026-05-09 16:14:15,115 INFO][traineradasmoothlossprojlogit.py:300 - log_iter_info] - Train Iter[300/351][184]	{"data_time": 0.00025, "batch_time": 0.05316, "loss": 0.18588, "acc": 0.99219, "mean_diffs": 6.37256}
[2026-05-09 16:14:17,922 INFO][traineradasmoothlossprojlogit.py:319 - log_epoch_info] - Train Epoch[184]	{"samples": 44928, "lr": 0.01, "loss": 0.18677, "acc": 0.98851, "acc_5": 1.0, "macc": 0.98852, "mean_diffs": 6.30933, "max_diffs": 6.81254, "margin": 5.53826}
[2026-05-09 16:14:19,196 INFO][traineradasmoothlossprojlogit.py:333 - log_eval_epoch_info] - Val Epoch[184]	{"samples": 5000, "loss": 0.37953, "acc": 0.9316, "acc_5": 0.9966, "macc": 0.9313, "nll": 0.24487, "ece": 0.01903, "aece": 0.01903, "cece": 0.00737, "mean_diffs": 6.07464, "max_diffs": 6.67623, "margin": 5.16391}
[2026-05-09 16:14:19,197 INFO][traineradasmoothlossprojlogit.py:336 - log_eval_epoch_info] - 
+---------+---------+---------+---------+
| samples | acc     | acc_5   | macc    |
+---------+---------+---------+---------+
| 5000    | 0.93160 | 0.99660 | 0.93130 |
+---------+---------+---------+---------+
[2026-05-09 16:14:19,197 INFO][traineradasmoothlossprojlogit.py:337 - log_eval_epoch_info] - 
+---------+---------+---------+---------+---------+
| samples | nll     | ece     | aece    | cece    |
+---------+---------+---------+---------+---------+
| 5000    | 0.24487 | 0.01903 | 0.01903 | 0.00737 |
+---------+---------+---------+---------+---------+
[2026-05-09 16:14:19,414 INFO][traineradasmoothlossprojlogit.py:605 - train] - Epoch[184]	Best acc on Val : 0.9456 at epoch 154
[2026-05-09 16:14:19,414 INFO][traineradasmoothlossprojlogit.py:572 - train] - ====================
[2026-05-09 16:14:19,414 INFO][traineradasmoothlossprojlogit.py:573 - train] -  Start epoch 185
[2026-05-09 16:14:19,414 INFO][traineradasmoothlossprojlogit.py:574 - train] - ====================
[2026-05-09 16:14:25,307 INFO][traineradasmoothlossprojlogit.py:300 - log_iter_info] - Train Iter[100/351][185]	{"data_time": 0.00025, "batch_time": 0.05282, "loss": 0.18048, "acc": 0.99219, "mean_diffs": 6.31273}
[2026-05-09 16:14:30,592 INFO][traineradasmoothlossprojlogit.py:300 - log_iter_info] - Train Iter[200/351][185]	{"data_time": 0.00021, "batch_time": 0.05318, "loss": 0.1839, "acc": 0.99219, "mean_diffs": 6.14743}
[2026-05-09 16:14:35,902 INFO][traineradasmoothlossprojlogit.py:300 - log_iter_info] - Train Iter[300/351][185]	{"data_time": 0.00023, "batch_time": 0.05308, "loss": 0.20564, "acc": 0.99219, "mean_diffs": 5.7945}
[2026-05-09 16:14:38,707 INFO][traineradasmoothlossprojlogit.py:319 - log_epoch_info] - Train Epoch[185]	{"samples": 44928, "lr": 0.01, "loss": 0.20694, "acc": 0.9882, "acc_5": 0.99998, "macc": 0.98821, "mean_diffs": 6.13674, "max_diffs": 6.63282, "margin": 5.40542}
[2026-05-09 16:14:39,973 INFO][traineradasmoothlossprojlogit.py:333 - log_eval_epoch_info] - Val Epoch[185]	{"samples": 5000, "loss": 0.38074, "acc": 0.9246, "acc_5": 0.9976, "macc": 0.92474, "nll": 0.276, "ece": 0.02172, "aece": 0.01779, "cece": 0.01021, "mean_diffs": 5.37412, "max_diffs": 6.02774, "margin": 4.50679}
[2026-05-09 16:14:39,974 INFO][traineradasmoothlossprojlogit.py:336 - log_eval_epoch_info] - 
+---------+---------+---------+---------+
| samples | acc     | acc_5   | macc    |
+---------+---------+---------+---------+
| 5000    | 0.92460 | 0.99760 | 0.92474 |
+---------+---------+---------+---------+
[2026-05-09 16:14:39,974 INFO][traineradasmoothlossprojlogit.py:337 - log_eval_epoch_info] - 
+---------+---------+---------+---------+---------+
| samples | nll     | ece     | aece    | cece    |
+---------+---------+---------+---------+---------+
| 5000    | 0.27600 | 0.02172 | 0.01779 | 0.01021 |
+---------+---------+---------+---------+---------+
[2026-05-09 16:14:40,194 INFO][traineradasmoothlossprojlogit.py:605 - train] - Epoch[185]	Best acc on Val : 0.9456 at epoch 154
[2026-05-09 16:14:40,194 INFO][traineradasmoothlossprojlogit.py:572 - train] - ====================
[2026-05-09 16:14:40,194 INFO][traineradasmoothlossprojlogit.py:573 - train] -  Start epoch 186
[2026-05-09 16:14:40,194 INFO][traineradasmoothlossprojlogit.py:574 - train] - ====================
[2026-05-09 16:14:46,075 INFO][traineradasmoothlossprojlogit.py:300 - log_iter_info] - Train Iter[100/351][186]	{"data_time": 0.00038, "batch_time": 0.05315, "loss": 0.32937, "acc": 0.99219, "mean_diffs": 5.17992}
[2026-05-09 16:14:51,364 INFO][traineradasmoothlossprojlogit.py:300 - log_iter_info] - Train Iter[200/351][186]	{"data_time": 0.00026, "batch_time": 0.05245, "loss": 0.37551, "acc": 1.0, "mean_diffs": 5.05237}
[2026-05-09 16:14:56,686 INFO][traineradasmoothlossprojlogit.py:300 - log_iter_info] - Train Iter[300/351][186]	{"data_time": 0.00018, "batch_time": 0.05325, "loss": 0.35797, "acc": 1.0, "mean_diffs": 4.86257}
[2026-05-09 16:14:59,489 INFO][traineradasmoothlossprojlogit.py:319 - log_epoch_info] - Train Epoch[186]	{"samples": 44928, "lr": 0.01, "loss": 0.36667, "acc": 0.98945, "acc_5": 0.99998, "macc": 0.98945, "mean_diffs": 5.12898, "max_diffs": 5.5919, "margin": 4.52916}
[2026-05-09 16:15:00,776 INFO][traineradasmoothlossprojlogit.py:333 - log_eval_epoch_info] - Val Epoch[186]	{"samples": 5000, "loss": 0.57164, "acc": 0.9368, "acc_5": 0.996, "macc": 0.93667, "nll": 0.25629, "ece": 0.04431, "aece": 0.04116, "cece": 0.01288, "mean_diffs": 4.75821, "max_diffs": 5.29624, "margin": 4.05868}
[2026-05-09 16:15:00,776 INFO][traineradasmoothlossprojlogit.py:336 - log_eval_epoch_info] - 
+---------+---------+---------+---------+
| samples | acc     | acc_5   | macc    |
+---------+---------+---------+---------+
| 5000    | 0.93680 | 0.99600 | 0.93667 |
+---------+---------+---------+---------+
[2026-05-09 16:15:00,776 INFO][traineradasmoothlossprojlogit.py:337 - log_eval_epoch_info] - 
+---------+---------+---------+---------+---------+
| samples | nll     | ece     | aece    | cece    |
+---------+---------+---------+---------+---------+
| 5000    | 0.25629 | 0.04431 | 0.04116 | 0.01288 |
+---------+---------+---------+---------+---------+
[2026-05-09 16:15:00,997 INFO][traineradasmoothlossprojlogit.py:605 - train] - Epoch[186]	Best acc on Val : 0.9456 at epoch 154
[2026-05-09 16:15:00,997 INFO][traineradasmoothlossprojlogit.py:572 - train] - ====================
[2026-05-09 16:15:00,997 INFO][traineradasmoothlossprojlogit.py:573 - train] -  Start epoch 187
[2026-05-09 16:15:00,997 INFO][traineradasmoothlossprojlogit.py:574 - train] - ====================
[2026-05-09 16:15:06,892 INFO][traineradasmoothlossprojlogit.py:300 - log_iter_info] - Train Iter[100/351][187]	{"data_time": 0.00019, "batch_time": 0.05281, "loss": 0.3731, "acc": 0.99219, "mean_diffs": 5.03857}
[2026-05-09 16:15:12,179 INFO][traineradasmoothlossprojlogit.py:300 - log_iter_info] - Train Iter[200/351][187]	{"data_time": 0.00024, "batch_time": 0.05268, "loss": 0.39404, "acc": 0.98438, "mean_diffs": 4.85538}
[2026-05-09 16:15:17,492 INFO][traineradasmoothlossprojlogit.py:300 - log_iter_info] - Train Iter[300/351][187]	{"data_time": 0.00018, "batch_time": 0.05285, "loss": 0.34781, "acc": 0.99219, "mean_diffs": 4.95435}
[2026-05-09 16:15:20,303 INFO][traineradasmoothlossprojlogit.py:319 - log_epoch_info] - Train Epoch[187]	{"samples": 44928, "lr": 0.01, "loss": 0.38779, "acc": 0.9907, "acc_5": 0.99996, "macc": 0.9907, "mean_diffs": 4.95977, "max_diffs": 5.34288, "margin": 4.43436}
[2026-05-09 16:15:21,559 INFO][traineradasmoothlossprojlogit.py:333 - log_eval_epoch_info] - Val Epoch[187]	{"samples": 5000, "loss": 0.58417, "acc": 0.9296, "acc_5": 0.9972, "macc": 0.92957, "nll": 0.28113, "ece": 0.04838, "aece": 0.04601, "cece": 0.01358, "mean_diffs": 4.7117, "max_diffs": 5.16973, "margin": 4.06034}
[2026-05-09 16:15:21,560 INFO][traineradasmoothlossprojlogit.py:336 - log_eval_epoch_info] - 
+---------+---------+---------+---------+
| samples | acc     | acc_5   | macc    |
+---------+---------+---------+---------+
| 5000    | 0.92960 | 0.99720 | 0.92957 |
+---------+---------+---------+---------+
[2026-05-09 16:15:21,560 INFO][traineradasmoothlossprojlogit.py:337 - log_eval_epoch_info] - 
+---------+---------+---------+---------+---------+
| samples | nll     | ece     | aece    | cece    |
+---------+---------+---------+---------+---------+
| 5000    | 0.28113 | 0.04838 | 0.04601 | 0.01358 |
+---------+---------+---------+---------+---------+
[2026-05-09 16:15:21,780 INFO][traineradasmoothlossprojlogit.py:605 - train] - Epoch[187]	Best acc on Val : 0.9456 at epoch 154
[2026-05-09 16:15:21,780 INFO][traineradasmoothlossprojlogit.py:572 - train] - ====================
[2026-05-09 16:15:21,780 INFO][traineradasmoothlossprojlogit.py:573 - train] -  Start epoch 188
[2026-05-09 16:15:21,780 INFO][traineradasmoothlossprojlogit.py:574 - train] - ====================
[2026-05-09 16:15:27,942 INFO][traineradasmoothlossprojlogit.py:300 - log_iter_info] - Train Iter[100/351][188]	{"data_time": 0.00019, "batch_time": 0.05257, "loss": 0.41725, "acc": 0.99219, "mean_diffs": 5.0376}
[2026-05-09 16:15:33,230 INFO][traineradasmoothlossprojlogit.py:300 - log_iter_info] - Train Iter[200/351][188]	{"data_time": 0.0002, "batch_time": 0.05259, "loss": 0.39992, "acc": 0.99219, "mean_diffs": 4.94365}
[2026-05-09 16:15:38,550 INFO][traineradasmoothlossprojlogit.py:300 - log_iter_info] - Train Iter[300/351][188]	{"data_time": 0.00024, "batch_time": 0.05293, "loss": 0.32869, "acc": 0.98438, "mean_diffs": 5.1363}
[2026-05-09 16:15:41,360 INFO][traineradasmoothlossprojlogit.py:319 - log_epoch_info] - Train Epoch[188]	{"samples": 44928, "lr": 0.01, "loss": 0.36954, "acc": 0.98923, "acc_5": 1.0, "macc": 0.98923, "mean_diffs": 5.03014, "max_diffs": 5.38749, "margin": 4.50421}
[2026-05-09 16:15:42,613 INFO][traineradasmoothlossprojlogit.py:333 - log_eval_epoch_info] - Val Epoch[188]	{"samples": 5000, "loss": 0.50108, "acc": 0.9376, "acc_5": 0.9962, "macc": 0.93762, "nll": 0.25066, "ece": 0.04056, "aece": 0.03778, "cece": 0.01159, "mean_diffs": 4.98468, "max_diffs": 5.42502, "margin": 4.31081}
[2026-05-09 16:15:42,613 INFO][traineradasmoothlossprojlogit.py:336 - log_eval_epoch_info] - 
+---------+---------+---------+---------+
| samples | acc     | acc_5   | macc    |
+---------+---------+---------+---------+
| 5000    | 0.93760 | 0.99620 | 0.93762 |
+---------+---------+---------+---------+
[2026-05-09 16:15:42,613 INFO][traineradasmoothlossprojlogit.py:337 - log_eval_epoch_info] - 
+---------+---------+---------+---------+---------+
| samples | nll     | ece     | aece    | cece    |
+---------+---------+---------+---------+---------+
| 5000    | 0.25066 | 0.04056 | 0.03778 | 0.01159 |
+---------+---------+---------+---------+---------+
[2026-05-09 16:15:42,832 INFO][traineradasmoothlossprojlogit.py:605 - train] - Epoch[188]	Best acc on Val : 0.9456 at epoch 154
[2026-05-09 16:15:42,832 INFO][traineradasmoothlossprojlogit.py:572 - train] - ====================
[2026-05-09 16:15:42,832 INFO][traineradasmoothlossprojlogit.py:573 - train] -  Start epoch 189
[2026-05-09 16:15:42,832 INFO][traineradasmoothlossprojlogit.py:574 - train] - ====================
[2026-05-09 16:15:48,766 INFO][traineradasmoothlossprojlogit.py:300 - log_iter_info] - Train Iter[100/351][189]	{"data_time": 0.00027, "batch_time": 0.05297, "loss": 0.20455, "acc": 0.99219, "mean_diffs": 5.39168}
[2026-05-09 16:15:54,055 INFO][traineradasmoothlossprojlogit.py:300 - log_iter_info] - Train Iter[200/351][189]	{"data_time": 0.00019, "batch_time": 0.05252, "loss": 0.20675, "acc": 1.0, "mean_diffs": 5.90893}
[2026-05-09 16:15:59,383 INFO][traineradasmoothlossprojlogit.py:300 - log_iter_info] - Train Iter[300/351][189]	{"data_time": 0.00019, "batch_time": 0.05307, "loss": 0.24865, "acc": 0.97656, "mean_diffs": 5.7655}
[2026-05-09 16:16:02,188 INFO][traineradasmoothlossprojlogit.py:319 - log_epoch_info] - Train Epoch[189]	{"samples": 44928, "lr": 0.01, "loss": 0.25764, "acc": 0.98831, "acc_5": 0.99998, "macc": 0.98832, "mean_diffs": 5.64803, "max_diffs": 6.01756, "margin": 5.03618}
[2026-05-09 16:16:03,471 INFO][traineradasmoothlossprojlogit.py:333 - log_eval_epoch_info] - Val Epoch[189]	{"samples": 5000, "loss": 0.48491, "acc": 0.9326, "acc_5": 0.9968, "macc": 0.93249, "nll": 0.26077, "ece": 0.02001, "aece": 0.02335, "cece": 0.00852, "mean_diffs": 5.56595, "max_diffs": 6.05082, "margin": 4.76372}
[2026-05-09 16:16:03,472 INFO][traineradasmoothlossprojlogit.py:336 - log_eval_epoch_info] - 
+---------+---------+---------+---------+
| samples | acc     | acc_5   | macc    |
+---------+---------+---------+---------+
| 5000    | 0.93260 | 0.99680 | 0.93249 |
+---------+---------+---------+---------+
[2026-05-09 16:16:03,472 INFO][traineradasmoothlossprojlogit.py:337 - log_eval_epoch_info] - 
+---------+---------+---------+---------+---------+
| samples | nll     | ece     | aece    | cece    |
+---------+---------+---------+---------+---------+
| 5000    | 0.26077 | 0.02001 | 0.02335 | 0.00852 |
+---------+---------+---------+---------+---------+
[2026-05-09 16:16:03,692 INFO][traineradasmoothlossprojlogit.py:605 - train] - Epoch[189]	Best acc on Val : 0.9456 at epoch 154
[2026-05-09 16:16:03,692 INFO][traineradasmoothlossprojlogit.py:572 - train] - ====================
[2026-05-09 16:16:03,692 INFO][traineradasmoothlossprojlogit.py:573 - train] -  Start epoch 190
[2026-05-09 16:16:03,692 INFO][traineradasmoothlossprojlogit.py:574 - train] - ====================
[2026-05-09 16:16:09,594 INFO][traineradasmoothlossprojlogit.py:300 - log_iter_info] - Train Iter[100/351][190]	{"data_time": 0.00027, "batch_time": 0.05281, "loss": 0.2373, "acc": 0.98438, "mean_diffs": 5.927}
[2026-05-09 16:16:14,880 INFO][traineradasmoothlossprojlogit.py:300 - log_iter_info] - Train Iter[200/351][190]	{"data_time": 0.00021, "batch_time": 0.05261, "loss": 0.26842, "acc": 0.99219, "mean_diffs": 6.08638}
[2026-05-09 16:16:20,197 INFO][traineradasmoothlossprojlogit.py:300 - log_iter_info] - Train Iter[300/351][190]	{"data_time": 0.00019, "batch_time": 0.05304, "loss": 0.24888, "acc": 0.97656, "mean_diffs": 5.86121}
[2026-05-09 16:16:23,000 INFO][traineradasmoothlossprojlogit.py:319 - log_epoch_info] - Train Epoch[190]	{"samples": 44928, "lr": 0.01, "loss": 0.23147, "acc": 0.9862, "acc_5": 0.99996, "macc": 0.98621, "mean_diffs": 5.94253, "max_diffs": 6.33753, "margin": 5.27003}
[2026-05-09 16:16:24,257 INFO][traineradasmoothlossprojlogit.py:333 - log_eval_epoch_info] - Val Epoch[190]	{"samples": 5000, "loss": 0.44682, "acc": 0.9376, "acc_5": 0.9968, "macc": 0.93746, "nll": 0.23106, "ece": 0.01833, "aece": 0.02481, "cece": 0.00725, "mean_diffs": 5.86668, "max_diffs": 6.33546, "margin": 5.04774}
[2026-05-09 16:16:24,257 INFO][traineradasmoothlossprojlogit.py:336 - log_eval_epoch_info] - 
+---------+---------+---------+---------+
| samples | acc     | acc_5   | macc    |
+---------+---------+---------+---------+
| 5000    | 0.93760 | 0.99680 | 0.93746 |
+---------+---------+---------+---------+
[2026-05-09 16:16:24,257 INFO][traineradasmoothlossprojlogit.py:337 - log_eval_epoch_info] - 
+---------+---------+---------+---------+---------+
| samples | nll     | ece     | aece    | cece    |
+---------+---------+---------+---------+---------+
| 5000    | 0.23106 | 0.01833 | 0.02481 | 0.00725 |
+---------+---------+---------+---------+---------+
[2026-05-09 16:16:24,482 INFO][traineradasmoothlossprojlogit.py:605 - train] - Epoch[190]	Best acc on Val : 0.9456 at epoch 154
[2026-05-09 16:16:24,482 INFO][traineradasmoothlossprojlogit.py:572 - train] - ====================
[2026-05-09 16:16:24,482 INFO][traineradasmoothlossprojlogit.py:573 - train] -  Start epoch 191
[2026-05-09 16:16:24,482 INFO][traineradasmoothlossprojlogit.py:574 - train] - ====================
[2026-05-09 16:16:30,385 INFO][traineradasmoothlossprojlogit.py:300 - log_iter_info] - Train Iter[100/351][191]	{"data_time": 0.00019, "batch_time": 0.05288, "loss": 0.29749, "acc": 0.97656, "mean_diffs": 5.79594}
[2026-05-09 16:16:35,674 INFO][traineradasmoothlossprojlogit.py:300 - log_iter_info] - Train Iter[200/351][191]	{"data_time": 0.0002, "batch_time": 0.05287, "loss": 0.17331, "acc": 1.0, "mean_diffs": 6.12821}
[2026-05-09 16:16:40,988 INFO][traineradasmoothlossprojlogit.py:300 - log_iter_info] - Train Iter[300/351][191]	{"data_time": 0.00019, "batch_time": 0.05293, "loss": 0.21758, "acc": 0.97656, "mean_diffs": 5.93964}
[2026-05-09 16:16:43,783 INFO][traineradasmoothlossprojlogit.py:319 - log_epoch_info] - Train Epoch[191]	{"samples": 44928, "lr": 0.01, "loss": 0.22601, "acc": 0.98649, "acc_5": 0.99991, "macc": 0.98649, "mean_diffs": 6.02759, "max_diffs": 6.43586, "margin": 5.31698}
[2026-05-09 16:16:45,075 INFO][traineradasmoothlossprojlogit.py:333 - log_eval_epoch_info] - Val Epoch[191]	{"samples": 5000, "loss": 0.47046, "acc": 0.9328, "acc_5": 0.9972, "macc": 0.93292, "nll": 0.25816, "ece": 0.01963, "aece": 0.02495, "cece": 0.00827, "mean_diffs": 5.81043, "max_diffs": 6.28705, "margin": 4.96023}
[2026-05-09 16:16:45,076 INFO][traineradasmoothlossprojlogit.py:336 - log_eval_epoch_info] - 
+---------+---------+---------+---------+
| samples | acc     | acc_5   | macc    |
+---------+---------+---------+---------+
| 5000    | 0.93280 | 0.99720 | 0.93292 |
+---------+---------+---------+---------+
[2026-05-09 16:16:45,076 INFO][traineradasmoothlossprojlogit.py:337 - log_eval_epoch_info] - 
+---------+---------+---------+---------+---------+
| samples | nll     | ece     | aece    | cece    |
+---------+---------+---------+---------+---------+
| 5000    | 0.25816 | 0.01963 | 0.02495 | 0.00827 |
+---------+---------+---------+---------+---------+
[2026-05-09 16:16:45,294 INFO][traineradasmoothlossprojlogit.py:605 - train] - Epoch[191]	Best acc on Val : 0.9456 at epoch 154
[2026-05-09 16:16:45,294 INFO][traineradasmoothlossprojlogit.py:572 - train] - ====================
[2026-05-09 16:16:45,294 INFO][traineradasmoothlossprojlogit.py:573 - train] -  Start epoch 192
[2026-05-09 16:16:45,294 INFO][traineradasmoothlossprojlogit.py:574 - train] - ====================
[2026-05-09 16:16:51,450 INFO][traineradasmoothlossprojlogit.py:300 - log_iter_info] - Train Iter[100/351][192]	{"data_time": 0.00019, "batch_time": 0.05302, "loss": 0.19312, "acc": 0.99219, "mean_diffs": 6.26218}
[2026-05-09 16:16:56,737 INFO][traineradasmoothlossprojlogit.py:300 - log_iter_info] - Train Iter[200/351][192]	{"data_time": 0.00021, "batch_time": 0.05267, "loss": 0.24925, "acc": 0.98438, "mean_diffs": 5.9242}
[2026-05-09 16:17:02,048 INFO][traineradasmoothlossprojlogit.py:300 - log_iter_info] - Train Iter[300/351][192]	{"data_time": 0.00025, "batch_time": 0.05288, "loss": 0.26333, "acc": 0.96875, "mean_diffs": 6.1574}
[2026-05-09 16:17:04,859 INFO][traineradasmoothlossprojlogit.py:319 - log_epoch_info] - Train Epoch[192]	{"samples": 44928, "lr": 0.01, "loss": 0.22219, "acc": 0.98689, "acc_5": 1.0, "macc": 0.9869, "mean_diffs": 6.06871, "max_diffs": 6.48478, "margin": 5.34791}
[2026-05-09 16:17:06,139 INFO][traineradasmoothlossprojlogit.py:333 - log_eval_epoch_info] - Val Epoch[192]	{"samples": 5000, "loss": 0.48874, "acc": 0.9298, "acc_5": 0.997, "macc": 0.92991, "nll": 0.27524, "ece": 0.00977, "aece": 0.02553, "cece": 0.00876, "mean_diffs": 6.04616, "max_diffs": 6.52047, "margin": 5.17923}
[2026-05-09 16:17:06,139 INFO][traineradasmoothlossprojlogit.py:336 - log_eval_epoch_info] - 
+---------+---------+---------+---------+
| samples | acc     | acc_5   | macc    |
+---------+---------+---------+---------+
| 5000    | 0.92980 | 0.99700 | 0.92991 |
+---------+---------+---------+---------+
[2026-05-09 16:17:06,139 INFO][traineradasmoothlossprojlogit.py:337 - log_eval_epoch_info] - 
+---------+---------+---------+---------+---------+
| samples | nll     | ece     | aece    | cece    |
+---------+---------+---------+---------+---------+
| 5000    | 0.27524 | 0.00977 | 0.02553 | 0.00876 |
+---------+---------+---------+---------+---------+
[2026-05-09 16:17:06,362 INFO][traineradasmoothlossprojlogit.py:605 - train] - Epoch[192]	Best acc on Val : 0.9456 at epoch 154
[2026-05-09 16:17:06,362 INFO][traineradasmoothlossprojlogit.py:572 - train] - ====================
[2026-05-09 16:17:06,363 INFO][traineradasmoothlossprojlogit.py:573 - train] -  Start epoch 193
[2026-05-09 16:17:06,363 INFO][traineradasmoothlossprojlogit.py:574 - train] - ====================
[2026-05-09 16:17:12,260 INFO][traineradasmoothlossprojlogit.py:300 - log_iter_info] - Train Iter[100/351][193]	{"data_time": 0.0002, "batch_time": 0.05288, "loss": 0.23693, "acc": 0.96875, "mean_diffs": 6.03985}
[2026-05-09 16:17:17,558 INFO][traineradasmoothlossprojlogit.py:300 - log_iter_info] - Train Iter[200/351][193]	{"data_time": 0.0002, "batch_time": 0.05257, "loss": 0.17933, "acc": 1.0, "mean_diffs": 6.36425}
[2026-05-09 16:17:22,882 INFO][traineradasmoothlossprojlogit.py:300 - log_iter_info] - Train Iter[300/351][193]	{"data_time": 0.00019, "batch_time": 0.05312, "loss": 0.2502, "acc": 0.99219, "mean_diffs": 6.20164}
[2026-05-09 16:17:25,684 INFO][traineradasmoothlossprojlogit.py:319 - log_epoch_info] - Train Epoch[193]	{"samples": 44928, "lr": 0.01, "loss": 0.22317, "acc": 0.9848, "acc_5": 0.99991, "macc": 0.9848, "mean_diffs": 6.11271, "max_diffs": 6.53473, "margin": 5.38389}
[2026-05-09 16:17:26,949 INFO][traineradasmoothlossprojlogit.py:333 - log_eval_epoch_info] - Val Epoch[193]	{"samples": 5000, "loss": 0.50118, "acc": 0.9286, "acc_5": 0.997, "macc": 0.92864, "nll": 0.26629, "ece": 0.00861, "aece": 0.02197, "cece": 0.00867, "mean_diffs": 5.85391, "max_diffs": 6.35597, "margin": 4.96484}
[2026-05-09 16:17:26,949 INFO][traineradasmoothlossprojlogit.py:336 - log_eval_epoch_info] - 
+---------+---------+---------+---------+
| samples | acc     | acc_5   | macc    |
+---------+---------+---------+---------+
| 5000    | 0.92860 | 0.99700 | 0.92864 |
+---------+---------+---------+---------+
[2026-05-09 16:17:26,950 INFO][traineradasmoothlossprojlogit.py:337 - log_eval_epoch_info] - 
+---------+---------+---------+---------+---------+
| samples | nll     | ece     | aece    | cece    |
+---------+---------+---------+---------+---------+
| 5000    | 0.26629 | 0.00861 | 0.02197 | 0.00867 |
+---------+---------+---------+---------+---------+
[2026-05-09 16:17:27,168 INFO][traineradasmoothlossprojlogit.py:605 - train] - Epoch[193]	Best acc on Val : 0.9456 at epoch 154
[2026-05-09 16:17:27,168 INFO][traineradasmoothlossprojlogit.py:572 - train] - ====================
[2026-05-09 16:17:27,168 INFO][traineradasmoothlossprojlogit.py:573 - train] -  Start epoch 194
[2026-05-09 16:17:27,168 INFO][traineradasmoothlossprojlogit.py:574 - train] - ====================
[2026-05-09 16:17:33,119 INFO][traineradasmoothlossprojlogit.py:300 - log_iter_info] - Train Iter[100/351][194]	{"data_time": 0.00026, "batch_time": 0.05292, "loss": 0.1922, "acc": 0.99219, "mean_diffs": 6.06773}
[2026-05-09 16:17:38,418 INFO][traineradasmoothlossprojlogit.py:300 - log_iter_info] - Train Iter[200/351][194]	{"data_time": 0.00025, "batch_time": 0.05271, "loss": 0.15024, "acc": 1.0, "mean_diffs": 6.28723}
[2026-05-09 16:17:43,729 INFO][traineradasmoothlossprojlogit.py:300 - log_iter_info] - Train Iter[300/351][194]	{"data_time": 0.00022, "batch_time": 0.05308, "loss": 0.19227, "acc": 0.99219, "mean_diffs": 6.20383}
[2026-05-09 16:17:46,535 INFO][traineradasmoothlossprojlogit.py:319 - log_epoch_info] - Train Epoch[194]	{"samples": 44928, "lr": 0.01, "loss": 0.2156, "acc": 0.98734, "acc_5": 0.99996, "macc": 0.98734, "mean_diffs": 6.13828, "max_diffs": 6.55153, "margin": 5.42165}
[2026-05-09 16:17:47,805 INFO][traineradasmoothlossprojlogit.py:333 - log_eval_epoch_info] - Val Epoch[194]	{"samples": 5000, "loss": 0.51352, "acc": 0.9224, "acc_5": 0.9966, "macc": 0.92248, "nll": 0.29628, "ece": 0.01468, "aece": 0.02421, "cece": 0.00997, "mean_diffs": 5.92417, "max_diffs": 6.42547, "margin": 5.06099}
[2026-05-09 16:17:47,805 INFO][traineradasmoothlossprojlogit.py:336 - log_eval_epoch_info] - 
+---------+---------+---------+---------+
| samples | acc     | acc_5   | macc    |
+---------+---------+---------+---------+
| 5000    | 0.92240 | 0.99660 | 0.92248 |
+---------+---------+---------+---------+
[2026-05-09 16:17:47,805 INFO][traineradasmoothlossprojlogit.py:337 - log_eval_epoch_info] - 
+---------+---------+---------+---------+---------+
| samples | nll     | ece     | aece    | cece    |
+---------+---------+---------+---------+---------+
| 5000    | 0.29628 | 0.01468 | 0.02421 | 0.00997 |
+---------+---------+---------+---------+---------+
[2026-05-09 16:17:48,028 INFO][traineradasmoothlossprojlogit.py:605 - train] - Epoch[194]	Best acc on Val : 0.9456 at epoch 154
[2026-05-09 16:17:48,028 INFO][traineradasmoothlossprojlogit.py:572 - train] - ====================
[2026-05-09 16:17:48,028 INFO][traineradasmoothlossprojlogit.py:573 - train] -  Start epoch 195
[2026-05-09 16:17:48,028 INFO][traineradasmoothlossprojlogit.py:574 - train] - ====================
[2026-05-09 16:17:53,933 INFO][traineradasmoothlossprojlogit.py:300 - log_iter_info] - Train Iter[100/351][195]	{"data_time": 0.00019, "batch_time": 0.05257, "loss": 0.25019, "acc": 0.96875, "mean_diffs": 6.13678}
[2026-05-09 16:17:59,225 INFO][traineradasmoothlossprojlogit.py:300 - log_iter_info] - Train Iter[200/351][195]	{"data_time": 0.00026, "batch_time": 0.05266, "loss": 0.30338, "acc": 0.96875, "mean_diffs": 6.22299}
[2026-05-09 16:18:04,807 INFO][traineradasmoothlossprojlogit.py:300 - log_iter_info] - Train Iter[300/351][195]	{"data_time": 0.00022, "batch_time": 0.05295, "loss": 0.19616, "acc": 0.98438, "mean_diffs": 6.17038}
[2026-05-09 16:18:07,614 INFO][traineradasmoothlossprojlogit.py:319 - log_epoch_info] - Train Epoch[195]	{"samples": 44928, "lr": 0.01, "loss": 0.2199, "acc": 0.98509, "acc_5": 0.99993, "macc": 0.9851, "mean_diffs": 6.13455, "max_diffs": 6.5562, "margin": 5.38789}
[2026-05-09 16:18:08,906 INFO][traineradasmoothlossprojlogit.py:333 - log_eval_epoch_info] - Val Epoch[195]	{"samples": 5000, "loss": 0.45523, "acc": 0.9286, "acc_5": 0.997, "macc": 0.92867, "nll": 0.25825, "ece": 0.01525, "aece": 0.02414, "cece": 0.0084, "mean_diffs": 5.82958, "max_diffs": 6.31471, "margin": 4.97208}
[2026-05-09 16:18:08,906 INFO][traineradasmoothlossprojlogit.py:336 - log_eval_epoch_info] - 
+---------+---------+---------+---------+
| samples | acc     | acc_5   | macc    |
+---------+---------+---------+---------+
| 5000    | 0.92860 | 0.99700 | 0.92867 |
+---------+---------+---------+---------+
[2026-05-09 16:18:08,906 INFO][traineradasmoothlossprojlogit.py:337 - log_eval_epoch_info] - 
+---------+---------+---------+---------+---------+
| samples | nll     | ece     | aece    | cece    |
+---------+---------+---------+---------+---------+
| 5000    | 0.25825 | 0.01525 | 0.02414 | 0.00840 |
+---------+---------+---------+---------+---------+
[2026-05-09 16:18:09,125 INFO][traineradasmoothlossprojlogit.py:605 - train] - Epoch[195]	Best acc on Val : 0.9456 at epoch 154
[2026-05-09 16:18:09,125 INFO][traineradasmoothlossprojlogit.py:572 - train] - ====================
[2026-05-09 16:18:09,125 INFO][traineradasmoothlossprojlogit.py:573 - train] -  Start epoch 196
[2026-05-09 16:18:09,125 INFO][traineradasmoothlossprojlogit.py:574 - train] - ====================
[2026-05-09 16:18:15,017 INFO][traineradasmoothlossprojlogit.py:300 - log_iter_info] - Train Iter[100/351][196]	{"data_time": 0.00021, "batch_time": 0.05269, "loss": 0.19797, "acc": 0.99219, "mean_diffs": 6.38497}
[2026-05-09 16:18:20,318 INFO][traineradasmoothlossprojlogit.py:300 - log_iter_info] - Train Iter[200/351][196]	{"data_time": 0.00037, "batch_time": 0.05286, "loss": 0.24154, "acc": 0.96094, "mean_diffs": 5.9786}
[2026-05-09 16:18:25,635 INFO][traineradasmoothlossprojlogit.py:300 - log_iter_info] - Train Iter[300/351][196]	{"data_time": 0.0002, "batch_time": 0.05289, "loss": 0.23594, "acc": 0.99219, "mean_diffs": 6.04586}
[2026-05-09 16:18:28,438 INFO][traineradasmoothlossprojlogit.py:319 - log_epoch_info] - Train Epoch[196]	{"samples": 44928, "lr": 0.01, "loss": 0.22096, "acc": 0.98573, "acc_5": 0.99998, "macc": 0.98574, "mean_diffs": 6.11797, "max_diffs": 6.54362, "margin": 5.3648}
[2026-05-09 16:18:29,714 INFO][traineradasmoothlossprojlogit.py:333 - log_eval_epoch_info] - Val Epoch[196]	{"samples": 5000, "loss": 0.46523, "acc": 0.9268, "acc_5": 0.9962, "macc": 0.92678, "nll": 0.2711, "ece": 0.02126, "aece": 0.02052, "cece": 0.00915, "mean_diffs": 5.70885, "max_diffs": 6.25285, "margin": 4.82681}
[2026-05-09 16:18:29,714 INFO][traineradasmoothlossprojlogit.py:336 - log_eval_epoch_info] - 
+---------+---------+---------+---------+
| samples | acc     | acc_5   | macc    |
+---------+---------+---------+---------+
| 5000    | 0.92680 | 0.99620 | 0.92678 |
+---------+---------+---------+---------+
[2026-05-09 16:18:29,714 INFO][traineradasmoothlossprojlogit.py:337 - log_eval_epoch_info] - 
+---------+---------+---------+---------+---------+
| samples | nll     | ece     | aece    | cece    |
+---------+---------+---------+---------+---------+
| 5000    | 0.27110 | 0.02126 | 0.02052 | 0.00915 |
+---------+---------+---------+---------+---------+
[2026-05-09 16:18:29,936 INFO][traineradasmoothlossprojlogit.py:605 - train] - Epoch[196]	Best acc on Val : 0.9456 at epoch 154
[2026-05-09 16:18:29,936 INFO][traineradasmoothlossprojlogit.py:572 - train] - ====================
[2026-05-09 16:18:29,936 INFO][traineradasmoothlossprojlogit.py:573 - train] -  Start epoch 197
[2026-05-09 16:18:29,936 INFO][traineradasmoothlossprojlogit.py:574 - train] - ====================
[2026-05-09 16:18:35,854 INFO][traineradasmoothlossprojlogit.py:300 - log_iter_info] - Train Iter[100/351][197]	{"data_time": 0.00024, "batch_time": 0.05275, "loss": 0.19693, "acc": 0.98438, "mean_diffs": 6.12819}
[2026-05-09 16:18:41,146 INFO][traineradasmoothlossprojlogit.py:300 - log_iter_info] - Train Iter[200/351][197]	{"data_time": 0.00026, "batch_time": 0.053, "loss": 0.15287, "acc": 1.0, "mean_diffs": 6.07958}
[2026-05-09 16:18:46,458 INFO][traineradasmoothlossprojlogit.py:300 - log_iter_info] - Train Iter[300/351][197]	{"data_time": 0.00019, "batch_time": 0.05276, "loss": 0.19163, "acc": 0.99219, "mean_diffs": 6.14977}
[2026-05-09 16:18:49,249 INFO][traineradasmoothlossprojlogit.py:319 - log_epoch_info] - Train Epoch[197]	{"samples": 44928, "lr": 0.01, "loss": 0.21743, "acc": 0.98569, "acc_5": 0.99984, "macc": 0.98569, "mean_diffs": 6.14568, "max_diffs": 6.58017, "margin": 5.38048}
[2026-05-09 16:18:50,527 INFO][traineradasmoothlossprojlogit.py:333 - log_eval_epoch_info] - Val Epoch[197]	{"samples": 5000, "loss": 0.46156, "acc": 0.9304, "acc_5": 0.9982, "macc": 0.9299, "nll": 0.25816, "ece": 0.0179, "aece": 0.02315, "cece": 0.00908, "mean_diffs": 5.88379, "max_diffs": 6.4185, "margin": 4.99826}
[2026-05-09 16:18:50,527 INFO][traineradasmoothlossprojlogit.py:336 - log_eval_epoch_info] - 
+---------+---------+---------+---------+
| samples | acc     | acc_5   | macc    |
+---------+---------+---------+---------+
| 5000    | 0.93040 | 0.99820 | 0.92990 |
+---------+---------+---------+---------+
[2026-05-09 16:18:50,527 INFO][traineradasmoothlossprojlogit.py:337 - log_eval_epoch_info] - 
+---------+---------+---------+---------+---------+
| samples | nll     | ece     | aece    | cece    |
+---------+---------+---------+---------+---------+
| 5000    | 0.25816 | 0.01790 | 0.02315 | 0.00908 |
+---------+---------+---------+---------+---------+
[2026-05-09 16:18:50,747 INFO][traineradasmoothlossprojlogit.py:605 - train] - Epoch[197]	Best acc on Val : 0.9456 at epoch 154
[2026-05-09 16:18:50,747 INFO][traineradasmoothlossprojlogit.py:572 - train] - ====================
[2026-05-09 16:18:50,747 INFO][traineradasmoothlossprojlogit.py:573 - train] -  Start epoch 198
[2026-05-09 16:18:50,747 INFO][traineradasmoothlossprojlogit.py:574 - train] - ====================
[2026-05-09 16:18:56,656 INFO][traineradasmoothlossprojlogit.py:300 - log_iter_info] - Train Iter[100/351][198]	{"data_time": 0.00021, "batch_time": 0.05268, "loss": 0.28578, "acc": 0.99219, "mean_diffs": 5.92787}
[2026-05-09 16:19:01,962 INFO][traineradasmoothlossprojlogit.py:300 - log_iter_info] - Train Iter[200/351][198]	{"data_time": 0.00022, "batch_time": 0.05316, "loss": 0.22221, "acc": 0.98438, "mean_diffs": 6.12268}
[2026-05-09 16:19:07,280 INFO][traineradasmoothlossprojlogit.py:300 - log_iter_info] - Train Iter[300/351][198]	{"data_time": 0.00025, "batch_time": 0.05313, "loss": 0.27062, "acc": 0.96875, "mean_diffs": 6.17373}
[2026-05-09 16:19:10,086 INFO][traineradasmoothlossprojlogit.py:319 - log_epoch_info] - Train Epoch[198]	{"samples": 44928, "lr": 0.01, "loss": 0.21801, "acc": 0.98573, "acc_5": 0.99993, "macc": 0.98574, "mean_diffs": 6.14759, "max_diffs": 6.58504, "margin": 5.37188}
[2026-05-09 16:19:11,357 INFO][traineradasmoothlossprojlogit.py:333 - log_eval_epoch_info] - Val Epoch[198]	{"samples": 5000, "loss": 0.50821, "acc": 0.9272, "acc_5": 0.9976, "macc": 0.9275, "nll": 0.28944, "ece": 0.01395, "aece": 0.02695, "cece": 0.01079, "mean_diffs": 6.02682, "max_diffs": 6.51912, "margin": 5.06924}
[2026-05-09 16:19:11,358 INFO][traineradasmoothlossprojlogit.py:336 - log_eval_epoch_info] - 
+---------+---------+---------+---------+
| samples | acc     | acc_5   | macc    |
+---------+---------+---------+---------+
| 5000    | 0.92720 | 0.99760 | 0.92750 |
+---------+---------+---------+---------+
[2026-05-09 16:19:11,358 INFO][traineradasmoothlossprojlogit.py:337 - log_eval_epoch_info] - 
+---------+---------+---------+---------+---------+
| samples | nll     | ece     | aece    | cece    |
+---------+---------+---------+---------+---------+
| 5000    | 0.28944 | 0.01395 | 0.02695 | 0.01079 |
+---------+---------+---------+---------+---------+
[2026-05-09 16:19:11,577 INFO][traineradasmoothlossprojlogit.py:605 - train] - Epoch[198]	Best acc on Val : 0.9456 at epoch 154
[2026-05-09 16:19:11,578 INFO][traineradasmoothlossprojlogit.py:572 - train] - ====================
[2026-05-09 16:19:11,578 INFO][traineradasmoothlossprojlogit.py:573 - train] -  Start epoch 199
[2026-05-09 16:19:11,578 INFO][traineradasmoothlossprojlogit.py:574 - train] - ====================
[2026-05-09 16:19:17,474 INFO][traineradasmoothlossprojlogit.py:300 - log_iter_info] - Train Iter[100/351][199]	{"data_time": 0.00026, "batch_time": 0.05271, "loss": 0.24371, "acc": 0.96875, "mean_diffs": 6.00248}
[2026-05-09 16:19:23,035 INFO][traineradasmoothlossprojlogit.py:300 - log_iter_info] - Train Iter[200/351][199]	{"data_time": 0.00021, "batch_time": 0.05265, "loss": 0.25069, "acc": 0.96094, "mean_diffs": 6.17597}
[2026-05-09 16:19:28,347 INFO][traineradasmoothlossprojlogit.py:300 - log_iter_info] - Train Iter[300/351][199]	{"data_time": 0.00019, "batch_time": 0.05313, "loss": 0.24562, "acc": 0.96094, "mean_diffs": 6.01937}
[2026-05-09 16:19:31,154 INFO][traineradasmoothlossprojlogit.py:319 - log_epoch_info] - Train Epoch[199]	{"samples": 44928, "lr": 0.01, "loss": 0.21397, "acc": 0.98522, "acc_5": 0.99998, "macc": 0.98522, "mean_diffs": 6.188, "max_diffs": 6.62124, "margin": 5.40836}
[2026-05-09 16:19:32,400 INFO][traineradasmoothlossprojlogit.py:333 - log_eval_epoch_info] - Val Epoch[199]	{"samples": 5000, "loss": 0.4688, "acc": 0.928, "acc_5": 0.9956, "macc": 0.92775, "nll": 0.25639, "ece": 0.02198, "aece": 0.02901, "cece": 0.00837, "mean_diffs": 5.88123, "max_diffs": 6.3927, "margin": 5.01051}
[2026-05-09 16:19:32,400 INFO][traineradasmoothlossprojlogit.py:336 - log_eval_epoch_info] - 
+---------+---------+---------+---------+
| samples | acc     | acc_5   | macc    |
+---------+---------+---------+---------+
| 5000    | 0.92800 | 0.99560 | 0.92775 |
+---------+---------+---------+---------+
[2026-05-09 16:19:32,401 INFO][traineradasmoothlossprojlogit.py:337 - log_eval_epoch_info] - 
+---------+---------+---------+---------+---------+
| samples | nll     | ece     | aece    | cece    |
+---------+---------+---------+---------+---------+
| 5000    | 0.25639 | 0.02198 | 0.02901 | 0.00837 |
+---------+---------+---------+---------+---------+
[2026-05-09 16:19:32,621 INFO][traineradasmoothlossprojlogit.py:605 - train] - Epoch[199]	Best acc on Val : 0.9456 at epoch 154
[2026-05-09 16:19:32,621 INFO][traineradasmoothlossprojlogit.py:572 - train] - ====================
[2026-05-09 16:19:32,621 INFO][traineradasmoothlossprojlogit.py:573 - train] -  Start epoch 200
[2026-05-09 16:19:32,621 INFO][traineradasmoothlossprojlogit.py:574 - train] - ====================
[2026-05-09 16:19:38,504 INFO][traineradasmoothlossprojlogit.py:300 - log_iter_info] - Train Iter[100/351][200]	{"data_time": 0.00021, "batch_time": 0.05274, "loss": 0.27568, "acc": 0.96094, "mean_diffs": 6.14917}
[2026-05-09 16:19:43,797 INFO][traineradasmoothlossprojlogit.py:300 - log_iter_info] - Train Iter[200/351][200]	{"data_time": 0.00021, "batch_time": 0.05309, "loss": 0.15656, "acc": 0.96875, "mean_diffs": 6.40631}
[2026-05-09 16:19:49,102 INFO][traineradasmoothlossprojlogit.py:300 - log_iter_info] - Train Iter[300/351][200]	{"data_time": 0.00018, "batch_time": 0.05323, "loss": 0.1492, "acc": 0.98438, "mean_diffs": 6.57819}
[2026-05-09 16:19:51,899 INFO][traineradasmoothlossprojlogit.py:319 - log_epoch_info] - Train Epoch[200]	{"samples": 44928, "lr": 0.01, "loss": 0.17822, "acc": 0.98511, "acc_5": 0.99989, "macc": 0.98511, "mean_diffs": 6.34836, "max_diffs": 6.79297, "margin": 5.53527}
[2026-05-09 16:19:53,154 INFO][traineradasmoothlossprojlogit.py:333 - log_eval_epoch_info] - Val Epoch[200]	{"samples": 5000, "loss": 0.44356, "acc": 0.9228, "acc_5": 0.9974, "macc": 0.92303, "nll": 0.28683, "ece": 0.02113, "aece": 0.02602, "cece": 0.01044, "mean_diffs": 6.3718, "max_diffs": 6.92726, "margin": 5.35241}
[2026-05-09 16:19:53,155 INFO][traineradasmoothlossprojlogit.py:336 - log_eval_epoch_info] - 
+---------+---------+---------+---------+
| samples | acc     | acc_5   | macc    |
+---------+---------+---------+---------+
| 5000    | 0.92280 | 0.99740 | 0.92303 |
+---------+---------+---------+---------+
[2026-05-09 16:19:53,155 INFO][traineradasmoothlossprojlogit.py:337 - log_eval_epoch_info] - 
+---------+---------+---------+---------+---------+
| samples | nll     | ece     | aece    | cece    |
+---------+---------+---------+---------+---------+
| 5000    | 0.28683 | 0.02113 | 0.02602 | 0.01044 |
+---------+---------+---------+---------+---------+
[2026-05-09 16:19:53,377 INFO][traineradasmoothlossprojlogit.py:605 - train] - Epoch[200]	Best acc on Val : 0.9456 at epoch 154
[2026-05-09 16:19:53,377 INFO][traineradasmoothlossprojlogit.py:572 - train] - ====================
[2026-05-09 16:19:53,377 INFO][traineradasmoothlossprojlogit.py:573 - train] -  Start epoch 201
[2026-05-09 16:19:53,377 INFO][traineradasmoothlossprojlogit.py:574 - train] - ====================
[2026-05-09 16:19:59,304 INFO][traineradasmoothlossprojlogit.py:300 - log_iter_info] - Train Iter[100/351][201]	{"data_time": 0.0002, "batch_time": 0.05301, "loss": 0.1235, "acc": 0.97656, "mean_diffs": 6.69771}
[2026-05-09 16:20:04,609 INFO][traineradasmoothlossprojlogit.py:300 - log_iter_info] - Train Iter[200/351][201]	{"data_time": 0.00019, "batch_time": 0.05285, "loss": 0.14334, "acc": 0.97656, "mean_diffs": 6.66141}
[2026-05-09 16:20:09,919 INFO][traineradasmoothlossprojlogit.py:300 - log_iter_info] - Train Iter[300/351][201]	{"data_time": 0.00019, "batch_time": 0.053, "loss": 0.10443, "acc": 0.99219, "mean_diffs": 6.70301}
[2026-05-09 16:20:12,723 INFO][traineradasmoothlossprojlogit.py:319 - log_epoch_info] - Train Epoch[201]	{"samples": 44928, "lr": 0.01, "loss": 0.14344, "acc": 0.98575, "acc_5": 0.99998, "macc": 0.98576, "mean_diffs": 6.62034, "max_diffs": 7.08316, "margin": 5.75681}
[2026-05-09 16:20:13,999 INFO][traineradasmoothlossprojlogit.py:333 - log_eval_epoch_info] - Val Epoch[201]	{"samples": 5000, "loss": 0.39476, "acc": 0.9346, "acc_5": 0.998, "macc": 0.9345, "nll": 0.23245, "ece": 0.01373, "aece": 0.01765, "cece": 0.006, "mean_diffs": 6.48473, "max_diffs": 6.99676, "margin": 5.48519}
[2026-05-09 16:20:13,999 INFO][traineradasmoothlossprojlogit.py:336 - log_eval_epoch_info] - 
+---------+---------+---------+---------+
| samples | acc     | acc_5   | macc    |
+---------+---------+---------+---------+
| 5000    | 0.93460 | 0.99800 | 0.93450 |
+---------+---------+---------+---------+
[2026-05-09 16:20:13,999 INFO][traineradasmoothlossprojlogit.py:337 - log_eval_epoch_info] - 
+---------+---------+---------+---------+---------+
| samples | nll     | ece     | aece    | cece    |
+---------+---------+---------+---------+---------+
| 5000    | 0.23245 | 0.01373 | 0.01765 | 0.00600 |
+---------+---------+---------+---------+---------+
[2026-05-09 16:20:14,218 INFO][traineradasmoothlossprojlogit.py:605 - train] - Epoch[201]	Best acc on Val : 0.9456 at epoch 154
[2026-05-09 16:20:14,218 INFO][traineradasmoothlossprojlogit.py:572 - train] - ====================
[2026-05-09 16:20:14,218 INFO][traineradasmoothlossprojlogit.py:573 - train] -  Start epoch 202
[2026-05-09 16:20:14,218 INFO][traineradasmoothlossprojlogit.py:574 - train] - ====================
[2026-05-09 16:20:20,156 INFO][traineradasmoothlossprojlogit.py:300 - log_iter_info] - Train Iter[100/351][202]	{"data_time": 0.00037, "batch_time": 0.05296, "loss": 0.15971, "acc": 0.97656, "mean_diffs": 6.60779}
[2026-05-09 16:20:25,460 INFO][traineradasmoothlossprojlogit.py:300 - log_iter_info] - Train Iter[200/351][202]	{"data_time": 0.0002, "batch_time": 0.05356, "loss": 0.21645, "acc": 0.99219, "mean_diffs": 6.40547}
[2026-05-09 16:20:30,782 INFO][traineradasmoothlossprojlogit.py:300 - log_iter_info] - Train Iter[300/351][202]	{"data_time": 0.00025, "batch_time": 0.05309, "loss": 0.2325, "acc": 0.94531, "mean_diffs": 5.8234}
[2026-05-09 16:20:33,583 INFO][traineradasmoothlossprojlogit.py:319 - log_epoch_info] - Train Epoch[202]	{"samples": 44928, "lr": 0.01, "loss": 0.18422, "acc": 0.98493, "acc_5": 0.99993, "macc": 0.98493, "mean_diffs": 6.38583, "max_diffs": 6.88645, "margin": 5.53634}
[2026-05-09 16:20:34,858 INFO][traineradasmoothlossprojlogit.py:333 - log_eval_epoch_info] - Val Epoch[202]	{"samples": 5000, "loss": 0.43074, "acc": 0.9274, "acc_5": 0.9966, "macc": 0.92787, "nll": 0.26297, "ece": 0.01909, "aece": 0.02666, "cece": 0.00926, "mean_diffs": 5.78168, "max_diffs": 6.34517, "margin": 4.85103}
[2026-05-09 16:20:34,858 INFO][traineradasmoothlossprojlogit.py:336 - log_eval_epoch_info] - 
+---------+---------+---------+---------+
| samples | acc     | acc_5   | macc    |
+---------+---------+---------+---------+
| 5000    | 0.92740 | 0.99660 | 0.92787 |
+---------+---------+---------+---------+
[2026-05-09 16:20:34,858 INFO][traineradasmoothlossprojlogit.py:337 - log_eval_epoch_info] - 
+---------+---------+---------+---------+---------+
| samples | nll     | ece     | aece    | cece    |
+---------+---------+---------+---------+---------+
| 5000    | 0.26297 | 0.01909 | 0.02666 | 0.00926 |
+---------+---------+---------+---------+---------+
[2026-05-09 16:20:35,078 INFO][traineradasmoothlossprojlogit.py:605 - train] - Epoch[202]	Best acc on Val : 0.9456 at epoch 154
[2026-05-09 16:20:35,078 INFO][traineradasmoothlossprojlogit.py:572 - train] - ====================
[2026-05-09 16:20:35,078 INFO][traineradasmoothlossprojlogit.py:573 - train] -  Start epoch 203
[2026-05-09 16:20:35,078 INFO][traineradasmoothlossprojlogit.py:574 - train] - ====================
[2026-05-09 16:20:40,975 INFO][traineradasmoothlossprojlogit.py:300 - log_iter_info] - Train Iter[100/351][203]	{"data_time": 0.00021, "batch_time": 0.05302, "loss": 0.21227, "acc": 0.98438, "mean_diffs": 5.86779}
[2026-05-09 16:20:46,276 INFO][traineradasmoothlossprojlogit.py:300 - log_iter_info] - Train Iter[200/351][203]	{"data_time": 0.00028, "batch_time": 0.05317, "loss": 0.35643, "acc": 0.94531, "mean_diffs": 5.79678}
[2026-05-09 16:20:51,590 INFO][traineradasmoothlossprojlogit.py:300 - log_iter_info] - Train Iter[300/351][203]	{"data_time": 0.00029, "batch_time": 0.0542, "loss": 0.22803, "acc": 0.99219, "mean_diffs": 5.9012}
[2026-05-09 16:20:54,391 INFO][traineradasmoothlossprojlogit.py:319 - log_epoch_info] - Train Epoch[203]	{"samples": 44928, "lr": 0.01, "loss": 0.23552, "acc": 0.986, "acc_5": 0.99996, "macc": 0.986, "mean_diffs": 5.96126, "max_diffs": 6.41769, "margin": 5.19829}
[2026-05-09 16:20:55,931 INFO][traineradasmoothlossprojlogit.py:333 - log_eval_epoch_info] - Val Epoch[203]	{"samples": 5000, "loss": 0.4138, "acc": 0.9324, "acc_5": 0.9982, "macc": 0.9322, "nll": 0.25946, "ece": 0.019, "aece": 0.02662, "cece": 0.00889, "mean_diffs": 5.71107, "max_diffs": 6.19899, "margin": 4.86611}
[2026-05-09 16:20:55,931 INFO][traineradasmoothlossprojlogit.py:336 - log_eval_epoch_info] - 
+---------+---------+---------+---------+
| samples | acc     | acc_5   | macc    |
+---------+---------+---------+---------+
| 5000    | 0.93240 | 0.99820 | 0.93220 |
+---------+---------+---------+---------+
[2026-05-09 16:20:55,931 INFO][traineradasmoothlossprojlogit.py:337 - log_eval_epoch_info] - 
+---------+---------+---------+---------+---------+
| samples | nll     | ece     | aece    | cece    |
+---------+---------+---------+---------+---------+
| 5000    | 0.25946 | 0.01900 | 0.02662 | 0.00889 |
+---------+---------+---------+---------+---------+
[2026-05-09 16:20:56,151 INFO][traineradasmoothlossprojlogit.py:605 - train] - Epoch[203]	Best acc on Val : 0.9456 at epoch 154
[2026-05-09 16:20:56,151 INFO][traineradasmoothlossprojlogit.py:572 - train] - ====================
[2026-05-09 16:20:56,151 INFO][traineradasmoothlossprojlogit.py:573 - train] -  Start epoch 204
[2026-05-09 16:20:56,151 INFO][traineradasmoothlossprojlogit.py:574 - train] - ====================
[2026-05-09 16:21:02,081 INFO][traineradasmoothlossprojlogit.py:300 - log_iter_info] - Train Iter[100/351][204]	{"data_time": 0.0002, "batch_time": 0.05276, "loss": 0.21266, "acc": 1.0, "mean_diffs": 5.96362}
[2026-05-09 16:21:07,373 INFO][traineradasmoothlossprojlogit.py:300 - log_iter_info] - Train Iter[200/351][204]	{"data_time": 0.00021, "batch_time": 0.05293, "loss": 0.29958, "acc": 0.96875, "mean_diffs": 5.85039}
[2026-05-09 16:21:12,679 INFO][traineradasmoothlossprojlogit.py:300 - log_iter_info] - Train Iter[300/351][204]	{"data_time": 0.00029, "batch_time": 0.05382, "loss": 0.20812, "acc": 0.98438, "mean_diffs": 5.74999}
[2026-05-09 16:21:15,481 INFO][traineradasmoothlossprojlogit.py:319 - log_epoch_info] - Train Epoch[204]	{"samples": 44928, "lr": 0.01, "loss": 0.23012, "acc": 0.98629, "acc_5": 0.99998, "macc": 0.98629, "mean_diffs": 5.94886, "max_diffs": 6.38171, "margin": 5.20958}
[2026-05-09 16:21:16,728 INFO][traineradasmoothlossprojlogit.py:333 - log_eval_epoch_info] - Val Epoch[204]	{"samples": 5000, "loss": 0.38489, "acc": 0.9362, "acc_5": 0.9984, "macc": 0.93614, "nll": 0.23544, "ece": 0.01544, "aece": 0.02321, "cece": 0.00718, "mean_diffs": 5.75882, "max_diffs": 6.2527, "margin": 4.91742}
[2026-05-09 16:21:16,728 INFO][traineradasmoothlossprojlogit.py:336 - log_eval_epoch_info] - 
+---------+---------+---------+---------+
| samples | acc     | acc_5   | macc    |
+---------+---------+---------+---------+
| 5000    | 0.93620 | 0.99840 | 0.93614 |
+---------+---------+---------+---------+
[2026-05-09 16:21:16,729 INFO][traineradasmoothlossprojlogit.py:337 - log_eval_epoch_info] - 
+---------+---------+---------+---------+---------+
| samples | nll     | ece     | aece    | cece    |
+---------+---------+---------+---------+---------+
| 5000    | 0.23544 | 0.01544 | 0.02321 | 0.00718 |
+---------+---------+---------+---------+---------+
[2026-05-09 16:21:16,949 INFO][traineradasmoothlossprojlogit.py:605 - train] - Epoch[204]	Best acc on Val : 0.9456 at epoch 154
[2026-05-09 16:21:16,949 INFO][traineradasmoothlossprojlogit.py:572 - train] - ====================
[2026-05-09 16:21:16,950 INFO][traineradasmoothlossprojlogit.py:573 - train] -  Start epoch 205
[2026-05-09 16:21:16,950 INFO][traineradasmoothlossprojlogit.py:574 - train] - ====================
[2026-05-09 16:21:22,856 INFO][traineradasmoothlossprojlogit.py:300 - log_iter_info] - Train Iter[100/351][205]	{"data_time": 0.00021, "batch_time": 0.05297, "loss": 0.29317, "acc": 0.95312, "mean_diffs": 6.14795}
[2026-05-09 16:21:28,155 INFO][traineradasmoothlossprojlogit.py:300 - log_iter_info] - Train Iter[200/351][205]	{"data_time": 0.00021, "batch_time": 0.05305, "loss": 0.17773, "acc": 0.98438, "mean_diffs": 6.32096}
[2026-05-09 16:21:33,464 INFO][traineradasmoothlossprojlogit.py:300 - log_iter_info] - Train Iter[300/351][205]	{"data_time": 0.00025, "batch_time": 0.05358, "loss": 0.21144, "acc": 0.97656, "mean_diffs": 6.26766}
[2026-05-09 16:21:36,277 INFO][traineradasmoothlossprojlogit.py:319 - log_epoch_info] - Train Epoch[205]	{"samples": 44928, "lr": 0.01, "loss": 0.17977, "acc": 0.98642, "acc_5": 0.99998, "macc": 0.98643, "mean_diffs": 6.22485, "max_diffs": 6.64835, "margin": 5.46835}
[2026-05-09 16:21:37,536 INFO][traineradasmoothlossprojlogit.py:333 - log_eval_epoch_info] - Val Epoch[205]	{"samples": 5000, "loss": 0.33453, "acc": 0.933, "acc_5": 0.9968, "macc": 0.93279, "nll": 0.2486, "ece": 0.01966, "aece": 0.02105, "cece": 0.00739, "mean_diffs": 5.94735, "max_diffs": 6.42638, "margin": 5.07069}
[2026-05-09 16:21:37,536 INFO][traineradasmoothlossprojlogit.py:336 - log_eval_epoch_info] - 
+---------+---------+---------+---------+
| samples | acc     | acc_5   | macc    |
+---------+---------+---------+---------+
| 5000    | 0.93300 | 0.99680 | 0.93279 |
+---------+---------+---------+---------+
[2026-05-09 16:21:37,536 INFO][traineradasmoothlossprojlogit.py:337 - log_eval_epoch_info] - 
+---------+---------+---------+---------+---------+
| samples | nll     | ece     | aece    | cece    |
+---------+---------+---------+---------+---------+
| 5000    | 0.24860 | 0.01966 | 0.02105 | 0.00739 |
+---------+---------+---------+---------+---------+
[2026-05-09 16:21:37,763 INFO][traineradasmoothlossprojlogit.py:605 - train] - Epoch[205]	Best acc on Val : 0.9456 at epoch 154
[2026-05-09 16:21:37,763 INFO][traineradasmoothlossprojlogit.py:572 - train] - ====================
[2026-05-09 16:21:37,763 INFO][traineradasmoothlossprojlogit.py:573 - train] -  Start epoch 206
[2026-05-09 16:21:37,763 INFO][traineradasmoothlossprojlogit.py:574 - train] - ====================
[2026-05-09 16:21:43,667 INFO][traineradasmoothlossprojlogit.py:300 - log_iter_info] - Train Iter[100/351][206]	{"data_time": 0.00026, "batch_time": 0.05283, "loss": 0.21872, "acc": 0.96094, "mean_diffs": 6.29706}
[2026-05-09 16:21:48,961 INFO][traineradasmoothlossprojlogit.py:300 - log_iter_info] - Train Iter[200/351][206]	{"data_time": 0.00021, "batch_time": 0.05286, "loss": 0.21135, "acc": 0.96094, "mean_diffs": 6.23703}
[2026-05-09 16:21:54,265 INFO][traineradasmoothlossprojlogit.py:300 - log_iter_info] - Train Iter[300/351][206]	{"data_time": 0.00025, "batch_time": 0.05394, "loss": 0.18829, "acc": 0.99219, "mean_diffs": 6.21117}
[2026-05-09 16:21:57,071 INFO][traineradasmoothlossprojlogit.py:319 - log_epoch_info] - Train Epoch[206]	{"samples": 44928, "lr": 0.01, "loss": 0.1812, "acc": 0.98464, "acc_5": 0.99993, "macc": 0.98464, "mean_diffs": 6.23457, "max_diffs": 6.66929, "margin": 5.44501}
[2026-05-09 16:21:58,336 INFO][traineradasmoothlossprojlogit.py:333 - log_eval_epoch_info] - Val Epoch[206]	{"samples": 5000, "loss": 0.32444, "acc": 0.9354, "acc_5": 0.9976, "macc": 0.93491, "nll": 0.2316, "ece": 0.01859, "aece": 0.02071, "cece": 0.00636, "mean_diffs": 5.94505, "max_diffs": 6.40769, "margin": 5.04013}
[2026-05-09 16:21:58,336 INFO][traineradasmoothlossprojlogit.py:336 - log_eval_epoch_info] - 
+---------+---------+---------+---------+
| samples | acc     | acc_5   | macc    |
+---------+---------+---------+---------+
| 5000    | 0.93540 | 0.99760 | 0.93491 |
+---------+---------+---------+---------+
[2026-05-09 16:21:58,337 INFO][traineradasmoothlossprojlogit.py:337 - log_eval_epoch_info] - 
+---------+---------+---------+---------+---------+
| samples | nll     | ece     | aece    | cece    |
+---------+---------+---------+---------+---------+
| 5000    | 0.23160 | 0.01859 | 0.02071 | 0.00636 |
+---------+---------+---------+---------+---------+
[2026-05-09 16:21:58,557 INFO][traineradasmoothlossprojlogit.py:605 - train] - Epoch[206]	Best acc on Val : 0.9456 at epoch 154
[2026-05-09 16:21:58,557 INFO][traineradasmoothlossprojlogit.py:572 - train] - ====================
[2026-05-09 16:21:58,557 INFO][traineradasmoothlossprojlogit.py:573 - train] -  Start epoch 207
[2026-05-09 16:21:58,557 INFO][traineradasmoothlossprojlogit.py:574 - train] - ====================
[2026-05-09 16:22:04,715 INFO][traineradasmoothlossprojlogit.py:300 - log_iter_info] - Train Iter[100/351][207]	{"data_time": 0.0002, "batch_time": 0.05259, "loss": 0.17472, "acc": 0.96875, "mean_diffs": 6.21826}
[2026-05-09 16:22:10,015 INFO][traineradasmoothlossprojlogit.py:300 - log_iter_info] - Train Iter[200/351][207]	{"data_time": 0.00027, "batch_time": 0.05307, "loss": 0.21347, "acc": 0.97656, "mean_diffs": 6.06651}
[2026-05-09 16:22:15,319 INFO][traineradasmoothlossprojlogit.py:300 - log_iter_info] - Train Iter[300/351][207]	{"data_time": 0.00026, "batch_time": 0.05343, "loss": 0.18357, "acc": 0.99219, "mean_diffs": 6.35589}
[2026-05-09 16:22:18,138 INFO][traineradasmoothlossprojlogit.py:319 - log_epoch_info] - Train Epoch[207]	{"samples": 44928, "lr": 0.01, "loss": 0.18083, "acc": 0.9852, "acc_5": 0.99998, "macc": 0.9852, "mean_diffs": 6.23004, "max_diffs": 6.66188, "margin": 5.4454}
[2026-05-09 16:22:19,392 INFO][traineradasmoothlossprojlogit.py:333 - log_eval_epoch_info] - Val Epoch[207]	{"samples": 5000, "loss": 0.35504, "acc": 0.9266, "acc_5": 0.9966, "macc": 0.92681, "nll": 0.27388, "ece": 0.01519, "aece": 0.02164, "cece": 0.00827, "mean_diffs": 5.98056, "max_diffs": 6.48338, "margin": 5.07818}
[2026-05-09 16:22:19,393 INFO][traineradasmoothlossprojlogit.py:336 - log_eval_epoch_info] - 
+---------+---------+---------+---------+
| samples | acc     | acc_5   | macc    |
+---------+---------+---------+---------+
| 5000    | 0.92660 | 0.99660 | 0.92681 |
+---------+---------+---------+---------+
[2026-05-09 16:22:19,393 INFO][traineradasmoothlossprojlogit.py:337 - log_eval_epoch_info] - 
+---------+---------+---------+---------+---------+
| samples | nll     | ece     | aece    | cece    |
+---------+---------+---------+---------+---------+
| 5000    | 0.27388 | 0.01519 | 0.02164 | 0.00827 |
+---------+---------+---------+---------+---------+
[2026-05-09 16:22:19,612 INFO][traineradasmoothlossprojlogit.py:605 - train] - Epoch[207]	Best acc on Val : 0.9456 at epoch 154
[2026-05-09 16:22:19,612 INFO][traineradasmoothlossprojlogit.py:572 - train] - ====================
[2026-05-09 16:22:19,612 INFO][traineradasmoothlossprojlogit.py:573 - train] -  Start epoch 208
[2026-05-09 16:22:19,612 INFO][traineradasmoothlossprojlogit.py:574 - train] - ====================
[2026-05-09 16:22:25,498 INFO][traineradasmoothlossprojlogit.py:300 - log_iter_info] - Train Iter[100/351][208]	{"data_time": 0.0002, "batch_time": 0.05279, "loss": 0.19001, "acc": 0.99219, "mean_diffs": 6.17988}
[2026-05-09 16:22:30,792 INFO][traineradasmoothlossprojlogit.py:300 - log_iter_info] - Train Iter[200/351][208]	{"data_time": 0.00021, "batch_time": 0.05289, "loss": 0.20094, "acc": 0.98438, "mean_diffs": 6.32199}
[2026-05-09 16:22:36,093 INFO][traineradasmoothlossprojlogit.py:300 - log_iter_info] - Train Iter[300/351][208]	{"data_time": 0.00025, "batch_time": 0.05333, "loss": 0.16927, "acc": 0.98438, "mean_diffs": 6.36479}
[2026-05-09 16:22:38,910 INFO][traineradasmoothlossprojlogit.py:319 - log_epoch_info] - Train Epoch[208]	{"samples": 44928, "lr": 0.01, "loss": 0.18348, "acc": 0.98464, "acc_5": 0.99989, "macc": 0.98465, "mean_diffs": 6.2122, "max_diffs": 6.65466, "margin": 5.406}
[2026-05-09 16:22:40,165 INFO][traineradasmoothlossprojlogit.py:333 - log_eval_epoch_info] - Val Epoch[208]	{"samples": 5000, "loss": 0.30719, "acc": 0.9306, "acc_5": 0.9962, "macc": 0.93031, "nll": 0.24091, "ece": 0.02324, "aece": 0.02523, "cece": 0.00782, "mean_diffs": 5.85499, "max_diffs": 6.34552, "margin": 4.99116}
[2026-05-09 16:22:40,165 INFO][traineradasmoothlossprojlogit.py:336 - log_eval_epoch_info] - 
+---------+---------+---------+---------+
| samples | acc     | acc_5   | macc    |
+---------+---------+---------+---------+
| 5000    | 0.93060 | 0.99620 | 0.93031 |
+---------+---------+---------+---------+
[2026-05-09 16:22:40,165 INFO][traineradasmoothlossprojlogit.py:337 - log_eval_epoch_info] - 
+---------+---------+---------+---------+---------+
| samples | nll     | ece     | aece    | cece    |
+---------+---------+---------+---------+---------+
| 5000    | 0.24091 | 0.02324 | 0.02523 | 0.00782 |
+---------+---------+---------+---------+---------+
[2026-05-09 16:22:40,394 INFO][traineradasmoothlossprojlogit.py:605 - train] - Epoch[208]	Best acc on Val : 0.9456 at epoch 154
[2026-05-09 16:22:40,394 INFO][traineradasmoothlossprojlogit.py:572 - train] - ====================
[2026-05-09 16:22:40,394 INFO][traineradasmoothlossprojlogit.py:573 - train] -  Start epoch 209
[2026-05-09 16:22:40,394 INFO][traineradasmoothlossprojlogit.py:574 - train] - ====================
[2026-05-09 16:22:46,296 INFO][traineradasmoothlossprojlogit.py:300 - log_iter_info] - Train Iter[100/351][209]	{"data_time": 0.0002, "batch_time": 0.05293, "loss": 0.21596, "acc": 0.99219, "mean_diffs": 6.10163}
[2026-05-09 16:22:51,600 INFO][traineradasmoothlossprojlogit.py:300 - log_iter_info] - Train Iter[200/351][209]	{"data_time": 0.00025, "batch_time": 0.05313, "loss": 0.15539, "acc": 1.0, "mean_diffs": 6.39791}
[2026-05-09 16:22:56,904 INFO][traineradasmoothlossprojlogit.py:300 - log_iter_info] - Train Iter[300/351][209]	{"data_time": 0.00023, "batch_time": 0.05249, "loss": 0.21721, "acc": 0.96875, "mean_diffs": 6.26402}
[2026-05-09 16:22:59,725 INFO][traineradasmoothlossprojlogit.py:319 - log_epoch_info] - Train Epoch[209]	{"samples": 44928, "lr": 0.01, "loss": 0.18074, "acc": 0.98538, "acc_5": 1.0, "macc": 0.98538, "mean_diffs": 6.22684, "max_diffs": 6.66987, "margin": 5.43155}
[2026-05-09 16:23:00,982 INFO][traineradasmoothlossprojlogit.py:333 - log_eval_epoch_info] - Val Epoch[209]	{"samples": 5000, "loss": 0.35889, "acc": 0.9268, "acc_5": 0.9954, "macc": 0.92666, "nll": 0.26707, "ece": 0.01855, "aece": 0.02602, "cece": 0.00907, "mean_diffs": 6.02282, "max_diffs": 6.54001, "margin": 5.06999}
[2026-05-09 16:23:00,983 INFO][traineradasmoothlossprojlogit.py:336 - log_eval_epoch_info] - 
+---------+---------+---------+---------+
| samples | acc     | acc_5   | macc    |
+---------+---------+---------+---------+
| 5000    | 0.92680 | 0.99540 | 0.92666 |
+---------+---------+---------+---------+
[2026-05-09 16:23:00,983 INFO][traineradasmoothlossprojlogit.py:337 - log_eval_epoch_info] - 
+---------+---------+---------+---------+---------+
| samples | nll     | ece     | aece    | cece    |
+---------+---------+---------+---------+---------+
| 5000    | 0.26707 | 0.01855 | 0.02602 | 0.00907 |
+---------+---------+---------+---------+---------+
[2026-05-09 16:23:01,205 INFO][traineradasmoothlossprojlogit.py:605 - train] - Epoch[209]	Best acc on Val : 0.9456 at epoch 154
[2026-05-09 16:23:01,205 INFO][traineradasmoothlossprojlogit.py:572 - train] - ====================
[2026-05-09 16:23:01,205 INFO][traineradasmoothlossprojlogit.py:573 - train] -  Start epoch 210
[2026-05-09 16:23:01,205 INFO][traineradasmoothlossprojlogit.py:574 - train] - ====================
[2026-05-09 16:23:07,117 INFO][traineradasmoothlossprojlogit.py:300 - log_iter_info] - Train Iter[100/351][210]	{"data_time": 0.00025, "batch_time": 0.0529, "loss": 0.15325, "acc": 1.0, "mean_diffs": 6.31536}
[2026-05-09 16:23:12,412 INFO][traineradasmoothlossprojlogit.py:300 - log_iter_info] - Train Iter[200/351][210]	{"data_time": 0.00025, "batch_time": 0.05299, "loss": 0.17238, "acc": 0.99219, "mean_diffs": 6.21171}
[2026-05-09 16:23:17,711 INFO][traineradasmoothlossprojlogit.py:300 - log_iter_info] - Train Iter[300/351][210]	{"data_time": 0.00025, "batch_time": 0.0539, "loss": 0.16227, "acc": 1.0, "mean_diffs": 6.3772}
[2026-05-09 16:23:20,522 INFO][traineradasmoothlossprojlogit.py:319 - log_epoch_info] - Train Epoch[210]	{"samples": 44928, "lr": 0.01, "loss": 0.17742, "acc": 0.98616, "acc_5": 0.99998, "macc": 0.98616, "mean_diffs": 6.25367, "max_diffs": 6.6912, "margin": 5.46776}
[2026-05-09 16:23:21,796 INFO][traineradasmoothlossprojlogit.py:333 - log_eval_epoch_info] - Val Epoch[210]	{"samples": 5000, "loss": 0.40035, "acc": 0.9222, "acc_5": 0.9978, "macc": 0.92222, "nll": 0.29494, "ece": 0.01986, "aece": 0.02889, "cece": 0.00902, "mean_diffs": 6.03681, "max_diffs": 6.51278, "margin": 5.08448}
[2026-05-09 16:23:21,796 INFO][traineradasmoothlossprojlogit.py:336 - log_eval_epoch_info] - 
+---------+---------+---------+---------+
| samples | acc     | acc_5   | macc    |
+---------+---------+---------+---------+
| 5000    | 0.92220 | 0.99780 | 0.92222 |
+---------+---------+---------+---------+
[2026-05-09 16:23:21,796 INFO][traineradasmoothlossprojlogit.py:337 - log_eval_epoch_info] - 
+---------+---------+---------+---------+---------+
| samples | nll     | ece     | aece    | cece    |
+---------+---------+---------+---------+---------+
| 5000    | 0.29494 | 0.01986 | 0.02889 | 0.00902 |
+---------+---------+---------+---------+---------+
[2026-05-09 16:23:22,023 INFO][traineradasmoothlossprojlogit.py:605 - train] - Epoch[210]	Best acc on Val : 0.9456 at epoch 154
[2026-05-09 16:23:22,023 INFO][traineradasmoothlossprojlogit.py:572 - train] - ====================
[2026-05-09 16:23:22,023 INFO][traineradasmoothlossprojlogit.py:573 - train] -  Start epoch 211
[2026-05-09 16:23:22,023 INFO][traineradasmoothlossprojlogit.py:574 - train] - ====================
[2026-05-09 16:23:27,958 INFO][traineradasmoothlossprojlogit.py:300 - log_iter_info] - Train Iter[100/351][211]	{"data_time": 0.00021, "batch_time": 0.05264, "loss": 0.20799, "acc": 0.99219, "mean_diffs": 6.34174}
[2026-05-09 16:23:33,521 INFO][traineradasmoothlossprojlogit.py:300 - log_iter_info] - Train Iter[200/351][211]	{"data_time": 0.00025, "batch_time": 0.05263, "loss": 0.14749, "acc": 0.99219, "mean_diffs": 6.32757}
[2026-05-09 16:23:38,819 INFO][traineradasmoothlossprojlogit.py:300 - log_iter_info] - Train Iter[300/351][211]	{"data_time": 0.00017, "batch_time": 0.05243, "loss": 0.17203, "acc": 0.98438, "mean_diffs": 6.32002}
[2026-05-09 16:23:41,653 INFO][traineradasmoothlossprojlogit.py:319 - log_epoch_info] - Train Epoch[211]	{"samples": 44928, "lr": 0.01, "loss": 0.18067, "acc": 0.98484, "acc_5": 0.99993, "macc": 0.98485, "mean_diffs": 6.24674, "max_diffs": 6.68977, "margin": 5.44589}
[2026-05-09 16:23:42,921 INFO][traineradasmoothlossprojlogit.py:333 - log_eval_epoch_info] - Val Epoch[211]	{"samples": 5000, "loss": 0.34341, "acc": 0.9306, "acc_5": 0.9976, "macc": 0.93104, "nll": 0.25531, "ece": 0.01439, "aece": 0.02153, "cece": 0.00805, "mean_diffs": 6.01584, "max_diffs": 6.51138, "margin": 5.10795}
[2026-05-09 16:23:42,922 INFO][traineradasmoothlossprojlogit.py:336 - log_eval_epoch_info] - 
+---------+---------+---------+---------+
| samples | acc     | acc_5   | macc    |
+---------+---------+---------+---------+
| 5000    | 0.93060 | 0.99760 | 0.93104 |
+---------+---------+---------+---------+
[2026-05-09 16:23:42,922 INFO][traineradasmoothlossprojlogit.py:337 - log_eval_epoch_info] - 
+---------+---------+---------+---------+---------+
| samples | nll     | ece     | aece    | cece    |
+---------+---------+---------+---------+---------+
| 5000    | 0.25531 | 0.01439 | 0.02153 | 0.00805 |
+---------+---------+---------+---------+---------+
[2026-05-09 16:23:43,142 INFO][traineradasmoothlossprojlogit.py:605 - train] - Epoch[211]	Best acc on Val : 0.9456 at epoch 154
[2026-05-09 16:23:43,142 INFO][traineradasmoothlossprojlogit.py:572 - train] - ====================
[2026-05-09 16:23:43,142 INFO][traineradasmoothlossprojlogit.py:573 - train] -  Start epoch 212
[2026-05-09 16:23:43,142 INFO][traineradasmoothlossprojlogit.py:574 - train] - ====================
[2026-05-09 16:23:49,033 INFO][traineradasmoothlossprojlogit.py:300 - log_iter_info] - Train Iter[100/351][212]	{"data_time": 0.00026, "batch_time": 0.05291, "loss": 0.17462, "acc": 0.99219, "mean_diffs": 6.14325}
[2026-05-09 16:23:54,328 INFO][traineradasmoothlossprojlogit.py:300 - log_iter_info] - Train Iter[200/351][212]	{"data_time": 0.00036, "batch_time": 0.05306, "loss": 0.19124, "acc": 0.97656, "mean_diffs": 6.14209}
[2026-05-09 16:23:59,629 INFO][traineradasmoothlossprojlogit.py:300 - log_iter_info] - Train Iter[300/351][212]	{"data_time": 0.00029, "batch_time": 0.054, "loss": 0.14762, "acc": 0.99219, "mean_diffs": 6.19147}
[2026-05-09 16:24:02,436 INFO][traineradasmoothlossprojlogit.py:319 - log_epoch_info] - Train Epoch[212]	{"samples": 44928, "lr": 0.01, "loss": 0.18164, "acc": 0.98404, "acc_5": 0.99991, "macc": 0.98405, "mean_diffs": 6.24083, "max_diffs": 6.68136, "margin": 5.43615}
[2026-05-09 16:24:03,721 INFO][traineradasmoothlossprojlogit.py:333 - log_eval_epoch_info] - Val Epoch[212]	{"samples": 5000, "loss": 0.36133, "acc": 0.9268, "acc_5": 0.9964, "macc": 0.92721, "nll": 0.27171, "ece": 0.0141, "aece": 0.02184, "cece": 0.00963, "mean_diffs": 5.96719, "max_diffs": 6.51739, "margin": 5.04501}
[2026-05-09 16:24:03,722 INFO][traineradasmoothlossprojlogit.py:336 - log_eval_epoch_info] - 
+---------+---------+---------+---------+
| samples | acc     | acc_5   | macc    |
+---------+---------+---------+---------+
| 5000    | 0.92680 | 0.99640 | 0.92721 |
+---------+---------+---------+---------+
[2026-05-09 16:24:03,722 INFO][traineradasmoothlossprojlogit.py:337 - log_eval_epoch_info] - 
+---------+---------+---------+---------+---------+
| samples | nll     | ece     | aece    | cece    |
+---------+---------+---------+---------+---------+
| 5000    | 0.27171 | 0.01410 | 0.02184 | 0.00963 |
+---------+---------+---------+---------+---------+
[2026-05-09 16:24:03,940 INFO][traineradasmoothlossprojlogit.py:605 - train] - Epoch[212]	Best acc on Val : 0.9456 at epoch 154
[2026-05-09 16:24:03,941 INFO][traineradasmoothlossprojlogit.py:572 - train] - ====================
[2026-05-09 16:24:03,941 INFO][traineradasmoothlossprojlogit.py:573 - train] -  Start epoch 213
[2026-05-09 16:24:03,941 INFO][traineradasmoothlossprojlogit.py:574 - train] - ====================
[2026-05-09 16:24:09,836 INFO][traineradasmoothlossprojlogit.py:300 - log_iter_info] - Train Iter[100/351][213]	{"data_time": 0.00021, "batch_time": 0.0529, "loss": 0.20568, "acc": 0.97656, "mean_diffs": 6.32624}
[2026-05-09 16:24:15,124 INFO][traineradasmoothlossprojlogit.py:300 - log_iter_info] - Train Iter[200/351][213]	{"data_time": 0.00024, "batch_time": 0.05278, "loss": 0.18772, "acc": 0.98438, "mean_diffs": 6.19008}
[2026-05-09 16:24:20,411 INFO][traineradasmoothlossprojlogit.py:300 - log_iter_info] - Train Iter[300/351][213]	{"data_time": 0.00018, "batch_time": 0.05348, "loss": 0.13617, "acc": 1.0, "mean_diffs": 6.24497}
[2026-05-09 16:24:23,255 INFO][traineradasmoothlossprojlogit.py:319 - log_epoch_info] - Train Epoch[213]	{"samples": 44928, "lr": 0.01, "loss": 0.17966, "acc": 0.98515, "acc_5": 0.99996, "macc": 0.98515, "mean_diffs": 6.24114, "max_diffs": 6.67872, "margin": 5.44967}
[2026-05-09 16:24:24,519 INFO][traineradasmoothlossprojlogit.py:333 - log_eval_epoch_info] - Val Epoch[213]	{"samples": 5000, "loss": 0.33951, "acc": 0.9302, "acc_5": 0.9968, "macc": 0.93049, "nll": 0.25075, "ece": 0.01576, "aece": 0.02466, "cece": 0.00754, "mean_diffs": 5.97281, "max_diffs": 6.45574, "margin": 5.06778}
[2026-05-09 16:24:24,519 INFO][traineradasmoothlossprojlogit.py:336 - log_eval_epoch_info] - 
+---------+---------+---------+---------+
| samples | acc     | acc_5   | macc    |
+---------+---------+---------+---------+
| 5000    | 0.93020 | 0.99680 | 0.93049 |
+---------+---------+---------+---------+
[2026-05-09 16:24:24,519 INFO][traineradasmoothlossprojlogit.py:337 - log_eval_epoch_info] - 
+---------+---------+---------+---------+---------+
| samples | nll     | ece     | aece    | cece    |
+---------+---------+---------+---------+---------+
| 5000    | 0.25075 | 0.01576 | 0.02466 | 0.00754 |
+---------+---------+---------+---------+---------+
[2026-05-09 16:24:24,740 INFO][traineradasmoothlossprojlogit.py:605 - train] - Epoch[213]	Best acc on Val : 0.9456 at epoch 154
[2026-05-09 16:24:24,740 INFO][traineradasmoothlossprojlogit.py:572 - train] - ====================
[2026-05-09 16:24:24,740 INFO][traineradasmoothlossprojlogit.py:573 - train] -  Start epoch 214
[2026-05-09 16:24:24,740 INFO][traineradasmoothlossprojlogit.py:574 - train] - ====================
[2026-05-09 16:24:30,642 INFO][traineradasmoothlossprojlogit.py:300 - log_iter_info] - Train Iter[100/351][214]	{"data_time": 0.0002, "batch_time": 0.05301, "loss": 0.16245, "acc": 0.98438, "mean_diffs": 6.24074}
[2026-05-09 16:24:35,930 INFO][traineradasmoothlossprojlogit.py:300 - log_iter_info] - Train Iter[200/351][214]	{"data_time": 0.00025, "batch_time": 0.05268, "loss": 0.19814, "acc": 0.97656, "mean_diffs": 6.23071}
[2026-05-09 16:24:41,216 INFO][traineradasmoothlossprojlogit.py:300 - log_iter_info] - Train Iter[300/351][214]	{"data_time": 0.00019, "batch_time": 0.05276, "loss": 0.20082, "acc": 0.96875, "mean_diffs": 6.30896}
[2026-05-09 16:24:44,039 INFO][traineradasmoothlossprojlogit.py:319 - log_epoch_info] - Train Epoch[214]	{"samples": 44928, "lr": 0.01, "loss": 0.17859, "acc": 0.98435, "acc_5": 0.99989, "macc": 0.98435, "mean_diffs": 6.26938, "max_diffs": 6.71149, "margin": 5.45855}
[2026-05-09 16:24:45,317 INFO][traineradasmoothlossprojlogit.py:333 - log_eval_epoch_info] - Val Epoch[214]	{"samples": 5000, "loss": 0.36033, "acc": 0.9182, "acc_5": 0.9974, "macc": 0.91843, "nll": 0.28029, "ece": 0.02143, "aece": 0.0312, "cece": 0.00903, "mean_diffs": 5.88064, "max_diffs": 6.38886, "margin": 4.92202}
[2026-05-09 16:24:45,317 INFO][traineradasmoothlossprojlogit.py:336 - log_eval_epoch_info] - 
+---------+---------+---------+---------+
| samples | acc     | acc_5   | macc    |
+---------+---------+---------+---------+
| 5000    | 0.91820 | 0.99740 | 0.91843 |
+---------+---------+---------+---------+
[2026-05-09 16:24:45,317 INFO][traineradasmoothlossprojlogit.py:337 - log_eval_epoch_info] - 
+---------+---------+---------+---------+---------+
| samples | nll     | ece     | aece    | cece    |
+---------+---------+---------+---------+---------+
| 5000    | 0.28029 | 0.02143 | 0.03120 | 0.00903 |
+---------+---------+---------+---------+---------+
[2026-05-09 16:24:45,537 INFO][traineradasmoothlossprojlogit.py:605 - train] - Epoch[214]	Best acc on Val : 0.9456 at epoch 154
[2026-05-09 16:24:45,537 INFO][traineradasmoothlossprojlogit.py:572 - train] - ====================
[2026-05-09 16:24:45,537 INFO][traineradasmoothlossprojlogit.py:573 - train] -  Start epoch 215
[2026-05-09 16:24:45,537 INFO][traineradasmoothlossprojlogit.py:574 - train] - ====================
[2026-05-09 16:24:51,705 INFO][traineradasmoothlossprojlogit.py:300 - log_iter_info] - Train Iter[100/351][215]	{"data_time": 0.00019, "batch_time": 0.05298, "loss": 0.18434, "acc": 0.99219, "mean_diffs": 6.1976}
[2026-05-09 16:24:57,003 INFO][traineradasmoothlossprojlogit.py:300 - log_iter_info] - Train Iter[200/351][215]	{"data_time": 0.00038, "batch_time": 0.05298, "loss": 0.19698, "acc": 0.96094, "mean_diffs": 6.18061}
[2026-05-09 16:25:02,301 INFO][traineradasmoothlossprojlogit.py:300 - log_iter_info] - Train Iter[300/351][215]	{"data_time": 0.00018, "batch_time": 0.05407, "loss": 0.15819, "acc": 0.99219, "mean_diffs": 6.33428}
[2026-05-09 16:25:05,131 INFO][traineradasmoothlossprojlogit.py:319 - log_epoch_info] - Train Epoch[215]	{"samples": 44928, "lr": 0.01, "loss": 0.17909, "acc": 0.98429, "acc_5": 0.99993, "macc": 0.98429, "mean_diffs": 6.26802, "max_diffs": 6.70517, "margin": 5.45389}
[2026-05-09 16:25:06,410 INFO][traineradasmoothlossprojlogit.py:333 - log_eval_epoch_info] - Val Epoch[215]	{"samples": 5000, "loss": 0.34059, "acc": 0.929, "acc_5": 0.995, "macc": 0.92888, "nll": 0.25839, "ece": 0.0187, "aece": 0.02485, "cece": 0.00766, "mean_diffs": 5.93635, "max_diffs": 6.45197, "margin": 5.00001}
[2026-05-09 16:25:06,410 INFO][traineradasmoothlossprojlogit.py:336 - log_eval_epoch_info] - 
+---------+---------+---------+---------+
| samples | acc     | acc_5   | macc    |
+---------+---------+---------+---------+
| 5000    | 0.92900 | 0.99500 | 0.92888 |
+---------+---------+---------+---------+
[2026-05-09 16:25:06,411 INFO][traineradasmoothlossprojlogit.py:337 - log_eval_epoch_info] - 
+---------+---------+---------+---------+---------+
| samples | nll     | ece     | aece    | cece    |
+---------+---------+---------+---------+---------+
| 5000    | 0.25839 | 0.01870 | 0.02485 | 0.00766 |
+---------+---------+---------+---------+---------+
[2026-05-09 16:25:06,636 INFO][traineradasmoothlossprojlogit.py:605 - train] - Epoch[215]	Best acc on Val : 0.9456 at epoch 154
[2026-05-09 16:25:06,636 INFO][traineradasmoothlossprojlogit.py:572 - train] - ====================
[2026-05-09 16:25:06,636 INFO][traineradasmoothlossprojlogit.py:573 - train] -  Start epoch 216
[2026-05-09 16:25:06,636 INFO][traineradasmoothlossprojlogit.py:574 - train] - ====================
[2026-05-09 16:25:12,538 INFO][traineradasmoothlossprojlogit.py:300 - log_iter_info] - Train Iter[100/351][216]	{"data_time": 0.0002, "batch_time": 0.05282, "loss": 0.21637, "acc": 0.98438, "mean_diffs": 6.37865}
[2026-05-09 16:25:17,831 INFO][traineradasmoothlossprojlogit.py:300 - log_iter_info] - Train Iter[200/351][216]	{"data_time": 0.0002, "batch_time": 0.05291, "loss": 0.16061, "acc": 0.99219, "mean_diffs": 6.32183}
[2026-05-09 16:25:23,121 INFO][traineradasmoothlossprojlogit.py:300 - log_iter_info] - Train Iter[300/351][216]	{"data_time": 0.00019, "batch_time": 0.0526, "loss": 0.1884, "acc": 0.97656, "mean_diffs": 6.10908}
[2026-05-09 16:25:25,955 INFO][traineradasmoothlossprojlogit.py:319 - log_epoch_info] - Train Epoch[216]	{"samples": 44928, "lr": 0.01, "loss": 0.17942, "acc": 0.98435, "acc_5": 0.99998, "macc": 0.98435, "mean_diffs": 6.24714, "max_diffs": 6.69087, "margin": 5.43834}
[2026-05-09 16:25:27,226 INFO][traineradasmoothlossprojlogit.py:333 - log_eval_epoch_info] - Val Epoch[216]	{"samples": 5000, "loss": 0.35637, "acc": 0.9282, "acc_5": 0.996, "macc": 0.9282, "nll": 0.25876, "ece": 0.01745, "aece": 0.02027, "cece": 0.00814, "mean_diffs": 5.9892, "max_diffs": 6.48395, "margin": 5.09296}
[2026-05-09 16:25:27,227 INFO][traineradasmoothlossprojlogit.py:336 - log_eval_epoch_info] - 
+---------+---------+---------+---------+
| samples | acc     | acc_5   | macc    |
+---------+---------+---------+---------+
| 5000    | 0.92820 | 0.99600 | 0.92820 |
+---------+---------+---------+---------+
[2026-05-09 16:25:27,227 INFO][traineradasmoothlossprojlogit.py:337 - log_eval_epoch_info] - 
+---------+---------+---------+---------+---------+
| samples | nll     | ece     | aece    | cece    |
+---------+---------+---------+---------+---------+
| 5000    | 0.25876 | 0.01745 | 0.02027 | 0.00814 |
+---------+---------+---------+---------+---------+
[2026-05-09 16:25:27,450 INFO][traineradasmoothlossprojlogit.py:605 - train] - Epoch[216]	Best acc on Val : 0.9456 at epoch 154
[2026-05-09 16:25:27,451 INFO][traineradasmoothlossprojlogit.py:572 - train] - ====================
[2026-05-09 16:25:27,451 INFO][traineradasmoothlossprojlogit.py:573 - train] -  Start epoch 217
[2026-05-09 16:25:27,451 INFO][traineradasmoothlossprojlogit.py:574 - train] - ====================
[2026-05-09 16:25:33,346 INFO][traineradasmoothlossprojlogit.py:300 - log_iter_info] - Train Iter[100/351][217]	{"data_time": 0.0002, "batch_time": 0.05282, "loss": 0.19045, "acc": 0.99219, "mean_diffs": 6.33406}
[2026-05-09 16:25:38,638 INFO][traineradasmoothlossprojlogit.py:300 - log_iter_info] - Train Iter[200/351][217]	{"data_time": 0.0002, "batch_time": 0.05272, "loss": 0.14807, "acc": 0.99219, "mean_diffs": 6.41325}
[2026-05-09 16:25:43,927 INFO][traineradasmoothlossprojlogit.py:300 - log_iter_info] - Train Iter[300/351][217]	{"data_time": 0.00023, "batch_time": 0.05264, "loss": 0.23024, "acc": 0.98438, "mean_diffs": 6.09561}
[2026-05-09 16:25:46,767 INFO][traineradasmoothlossprojlogit.py:319 - log_epoch_info] - Train Epoch[217]	{"samples": 44928, "lr": 0.01, "loss": 0.17567, "acc": 0.98593, "acc_5": 0.99991, "macc": 0.98594, "mean_diffs": 6.27417, "max_diffs": 6.71345, "margin": 5.4878}
[2026-05-09 16:25:48,046 INFO][traineradasmoothlossprojlogit.py:333 - log_eval_epoch_info] - Val Epoch[217]	{"samples": 5000, "loss": 0.36483, "acc": 0.9268, "acc_5": 0.9966, "macc": 0.92647, "nll": 0.27247, "ece": 0.01333, "aece": 0.02311, "cece": 0.00812, "mean_diffs": 6.0044, "max_diffs": 6.51663, "margin": 5.03752}
[2026-05-09 16:25:48,047 INFO][traineradasmoothlossprojlogit.py:336 - log_eval_epoch_info] - 
+---------+---------+---------+---------+
| samples | acc     | acc_5   | macc    |
+---------+---------+---------+---------+
| 5000    | 0.92680 | 0.99660 | 0.92647 |
+---------+---------+---------+---------+
[2026-05-09 16:25:48,047 INFO][traineradasmoothlossprojlogit.py:337 - log_eval_epoch_info] - 
+---------+---------+---------+---------+---------+
| samples | nll     | ece     | aece    | cece    |
+---------+---------+---------+---------+---------+
| 5000    | 0.27247 | 0.01333 | 0.02311 | 0.00812 |
+---------+---------+---------+---------+---------+
[2026-05-09 16:25:48,267 INFO][traineradasmoothlossprojlogit.py:605 - train] - Epoch[217]	Best acc on Val : 0.9456 at epoch 154
[2026-05-09 16:25:48,268 INFO][traineradasmoothlossprojlogit.py:572 - train] - ====================
[2026-05-09 16:25:48,268 INFO][traineradasmoothlossprojlogit.py:573 - train] -  Start epoch 218
[2026-05-09 16:25:48,268 INFO][traineradasmoothlossprojlogit.py:574 - train] - ====================
[2026-05-09 16:25:54,174 INFO][traineradasmoothlossprojlogit.py:300 - log_iter_info] - Train Iter[100/351][218]	{"data_time": 0.00025, "batch_time": 0.0528, "loss": 0.1871, "acc": 0.97656, "mean_diffs": 6.30469}
[2026-05-09 16:25:59,471 INFO][traineradasmoothlossprojlogit.py:300 - log_iter_info] - Train Iter[200/351][218]	{"data_time": 0.0002, "batch_time": 0.05336, "loss": 0.17231, "acc": 0.99219, "mean_diffs": 6.34492}
[2026-05-09 16:26:04,771 INFO][traineradasmoothlossprojlogit.py:300 - log_iter_info] - Train Iter[300/351][218]	{"data_time": 0.00024, "batch_time": 0.05334, "loss": 0.20014, "acc": 0.97656, "mean_diffs": 6.42614}
[2026-05-09 16:26:07,595 INFO][traineradasmoothlossprojlogit.py:319 - log_epoch_info] - Train Epoch[218]	{"samples": 44928, "lr": 0.01, "loss": 0.17855, "acc": 0.98402, "acc_5": 0.99987, "macc": 0.98402, "mean_diffs": 6.26961, "max_diffs": 6.7116, "margin": 5.45532}
[2026-05-09 16:26:08,862 INFO][traineradasmoothlossprojlogit.py:333 - log_eval_epoch_info] - Val Epoch[218]	{"samples": 5000, "loss": 0.31797, "acc": 0.9338, "acc_5": 0.9974, "macc": 0.93376, "nll": 0.23686, "ece": 0.0256, "aece": 0.02723, "cece": 0.0072, "mean_diffs": 5.97783, "max_diffs": 6.42784, "margin": 5.10863}
[2026-05-09 16:26:08,862 INFO][traineradasmoothlossprojlogit.py:336 - log_eval_epoch_info] - 
+---------+---------+---------+---------+
| samples | acc     | acc_5   | macc    |
+---------+---------+---------+---------+
| 5000    | 0.93380 | 0.99740 | 0.93376 |
+---------+---------+---------+---------+
[2026-05-09 16:26:08,862 INFO][traineradasmoothlossprojlogit.py:337 - log_eval_epoch_info] - 
+---------+---------+---------+---------+---------+
| samples | nll     | ece     | aece    | cece    |
+---------+---------+---------+---------+---------+
| 5000    | 0.23686 | 0.02560 | 0.02723 | 0.00720 |
+---------+---------+---------+---------+---------+
[2026-05-09 16:26:09,087 INFO][traineradasmoothlossprojlogit.py:605 - train] - Epoch[218]	Best acc on Val : 0.9456 at epoch 154
[2026-05-09 16:26:09,087 INFO][traineradasmoothlossprojlogit.py:572 - train] - ====================
[2026-05-09 16:26:09,087 INFO][traineradasmoothlossprojlogit.py:573 - train] -  Start epoch 219
[2026-05-09 16:26:09,087 INFO][traineradasmoothlossprojlogit.py:574 - train] - ====================
[2026-05-09 16:26:15,278 INFO][traineradasmoothlossprojlogit.py:300 - log_iter_info] - Train Iter[100/351][219]	{"data_time": 0.00022, "batch_time": 0.05277, "loss": 0.15276, "acc": 0.99219, "mean_diffs": 6.34307}
[2026-05-09 16:26:20,574 INFO][traineradasmoothlossprojlogit.py:300 - log_iter_info] - Train Iter[200/351][219]	{"data_time": 0.0002, "batch_time": 0.0527, "loss": 0.20191, "acc": 0.96094, "mean_diffs": 6.02303}
[2026-05-09 16:26:25,877 INFO][traineradasmoothlossprojlogit.py:300 - log_iter_info] - Train Iter[300/351][219]	{"data_time": 0.00022, "batch_time": 0.05282, "loss": 0.21383, "acc": 0.98438, "mean_diffs": 6.23976}
[2026-05-09 16:26:28,704 INFO][traineradasmoothlossprojlogit.py:319 - log_epoch_info] - Train Epoch[219]	{"samples": 44928, "lr": 0.01, "loss": 0.17822, "acc": 0.98453, "acc_5": 0.99998, "macc": 0.98454, "mean_diffs": 6.26242, "max_diffs": 6.69942, "margin": 5.46561}
[2026-05-09 16:26:29,984 INFO][traineradasmoothlossprojlogit.py:333 - log_eval_epoch_info] - Val Epoch[219]	{"samples": 5000, "loss": 0.33132, "acc": 0.9288, "acc_5": 0.9974, "macc": 0.92883, "nll": 0.24904, "ece": 0.02381, "aece": 0.02649, "cece": 0.00757, "mean_diffs": 5.93615, "max_diffs": 6.43892, "margin": 4.94235}
[2026-05-09 16:26:29,984 INFO][traineradasmoothlossprojlogit.py:336 - log_eval_epoch_info] - 
+---------+---------+---------+---------+
| samples | acc     | acc_5   | macc    |
+---------+---------+---------+---------+
| 5000    | 0.92880 | 0.99740 | 0.92883 |
+---------+---------+---------+---------+
[2026-05-09 16:26:29,984 INFO][traineradasmoothlossprojlogit.py:337 - log_eval_epoch_info] - 
+---------+---------+---------+---------+---------+
| samples | nll     | ece     | aece    | cece    |
+---------+---------+---------+---------+---------+
| 5000    | 0.24904 | 0.02381 | 0.02649 | 0.00757 |
+---------+---------+---------+---------+---------+
[2026-05-09 16:26:30,206 INFO][traineradasmoothlossprojlogit.py:605 - train] - Epoch[219]	Best acc on Val : 0.9456 at epoch 154
[2026-05-09 16:26:30,206 INFO][traineradasmoothlossprojlogit.py:572 - train] - ====================
[2026-05-09 16:26:30,206 INFO][traineradasmoothlossprojlogit.py:573 - train] -  Start epoch 220
[2026-05-09 16:26:30,206 INFO][traineradasmoothlossprojlogit.py:574 - train] - ====================
[2026-05-09 16:26:36,123 INFO][traineradasmoothlossprojlogit.py:300 - log_iter_info] - Train Iter[100/351][220]	{"data_time": 0.00026, "batch_time": 0.05262, "loss": 0.16413, "acc": 0.99219, "mean_diffs": 6.21587}
[2026-05-09 16:26:41,418 INFO][traineradasmoothlossprojlogit.py:300 - log_iter_info] - Train Iter[200/351][220]	{"data_time": 0.0002, "batch_time": 0.05293, "loss": 0.17509, "acc": 0.98438, "mean_diffs": 6.33023}
[2026-05-09 16:26:46,713 INFO][traineradasmoothlossprojlogit.py:300 - log_iter_info] - Train Iter[300/351][220]	{"data_time": 0.00019, "batch_time": 0.05264, "loss": 0.17308, "acc": 0.98438, "mean_diffs": 6.26779}
[2026-05-09 16:26:49,525 INFO][traineradasmoothlossprojlogit.py:319 - log_epoch_info] - Train Epoch[220]	{"samples": 44928, "lr": 0.01, "loss": 0.17811, "acc": 0.98429, "acc_5": 0.99996, "macc": 0.98429, "mean_diffs": 6.23682, "max_diffs": 6.6818, "margin": 5.41423}
[2026-05-09 16:26:50,820 INFO][traineradasmoothlossprojlogit.py:333 - log_eval_epoch_info] - Val Epoch[220]	{"samples": 5000, "loss": 0.34363, "acc": 0.926, "acc_5": 0.9966, "macc": 0.92575, "nll": 0.26339, "ece": 0.02292, "aece": 0.02884, "cece": 0.00812, "mean_diffs": 5.93894, "max_diffs": 6.44654, "margin": 4.96616}
[2026-05-09 16:26:50,820 INFO][traineradasmoothlossprojlogit.py:336 - log_eval_epoch_info] - 
+---------+---------+---------+---------+
| samples | acc     | acc_5   | macc    |
+---------+---------+---------+---------+
| 5000    | 0.92600 | 0.99660 | 0.92575 |
+---------+---------+---------+---------+
[2026-05-09 16:26:50,820 INFO][traineradasmoothlossprojlogit.py:337 - log_eval_epoch_info] - 
+---------+---------+---------+---------+---------+
| samples | nll     | ece     | aece    | cece    |
+---------+---------+---------+---------+---------+
| 5000    | 0.26339 | 0.02292 | 0.02884 | 0.00812 |
+---------+---------+---------+---------+---------+
[2026-05-09 16:26:51,040 INFO][traineradasmoothlossprojlogit.py:605 - train] - Epoch[220]	Best acc on Val : 0.9456 at epoch 154
[2026-05-09 16:26:51,040 INFO][traineradasmoothlossprojlogit.py:572 - train] - ====================
[2026-05-09 16:26:51,040 INFO][traineradasmoothlossprojlogit.py:573 - train] -  Start epoch 221
[2026-05-09 16:26:51,040 INFO][traineradasmoothlossprojlogit.py:574 - train] - ====================
[2026-05-09 16:26:56,934 INFO][traineradasmoothlossprojlogit.py:300 - log_iter_info] - Train Iter[100/351][221]	{"data_time": 0.00021, "batch_time": 0.05286, "loss": 0.2123, "acc": 0.97656, "mean_diffs": 6.1776}
[2026-05-09 16:27:02,230 INFO][traineradasmoothlossprojlogit.py:300 - log_iter_info] - Train Iter[200/351][221]	{"data_time": 0.00022, "batch_time": 0.05279, "loss": 0.24573, "acc": 0.96094, "mean_diffs": 6.22777}
[2026-05-09 16:27:07,526 INFO][traineradasmoothlossprojlogit.py:300 - log_iter_info] - Train Iter[300/351][221]	{"data_time": 0.00036, "batch_time": 0.05281, "loss": 0.22227, "acc": 0.97656, "mean_diffs": 6.2441}
[2026-05-09 16:27:10,332 INFO][traineradasmoothlossprojlogit.py:319 - log_epoch_info] - Train Epoch[221]	{"samples": 44928, "lr": 0.01, "loss": 0.179, "acc": 0.98466, "acc_5": 0.99998, "macc": 0.98467, "mean_diffs": 6.24878, "max_diffs": 6.68803, "margin": 5.43119}
[2026-05-09 16:27:11,590 INFO][traineradasmoothlossprojlogit.py:333 - log_eval_epoch_info] - Val Epoch[221]	{"samples": 5000, "loss": 0.34971, "acc": 0.922, "acc_5": 0.9958, "macc": 0.92185, "nll": 0.27947, "ece": 0.01894, "aece": 0.02434, "cece": 0.00946, "mean_diffs": 5.88464, "max_diffs": 6.38212, "margin": 4.95082}
[2026-05-09 16:27:11,590 INFO][traineradasmoothlossprojlogit.py:336 - log_eval_epoch_info] - 
+---------+---------+---------+---------+
| samples | acc     | acc_5   | macc    |
+---------+---------+---------+---------+
| 5000    | 0.92200 | 0.99580 | 0.92185 |
+---------+---------+---------+---------+
[2026-05-09 16:27:11,590 INFO][traineradasmoothlossprojlogit.py:337 - log_eval_epoch_info] - 
+---------+---------+---------+---------+---------+
| samples | nll     | ece     | aece    | cece    |
+---------+---------+---------+---------+---------+
| 5000    | 0.27947 | 0.01894 | 0.02434 | 0.00946 |
+---------+---------+---------+---------+---------+
[2026-05-09 16:27:11,812 INFO][traineradasmoothlossprojlogit.py:605 - train] - Epoch[221]	Best acc on Val : 0.9456 at epoch 154
[2026-05-09 16:27:11,812 INFO][traineradasmoothlossprojlogit.py:572 - train] - ====================
[2026-05-09 16:27:11,812 INFO][traineradasmoothlossprojlogit.py:573 - train] -  Start epoch 222
[2026-05-09 16:27:11,812 INFO][traineradasmoothlossprojlogit.py:574 - train] - ====================
[2026-05-09 16:27:17,697 INFO][traineradasmoothlossprojlogit.py:300 - log_iter_info] - Train Iter[100/351][222]	{"data_time": 0.0002, "batch_time": 0.05298, "loss": 0.1644, "acc": 0.99219, "mean_diffs": 6.31749}
[2026-05-09 16:27:22,990 INFO][traineradasmoothlossprojlogit.py:300 - log_iter_info] - Train Iter[200/351][222]	{"data_time": 0.00021, "batch_time": 0.05299, "loss": 0.14111, "acc": 0.98438, "mean_diffs": 6.37658}
[2026-05-09 16:27:28,289 INFO][traineradasmoothlossprojlogit.py:300 - log_iter_info] - Train Iter[300/351][222]	{"data_time": 0.00018, "batch_time": 0.05306, "loss": 0.1912, "acc": 0.98438, "mean_diffs": 6.25738}
[2026-05-09 16:27:31,085 INFO][traineradasmoothlossprojlogit.py:319 - log_epoch_info] - Train Epoch[222]	{"samples": 44928, "lr": 0.01, "loss": 0.17984, "acc": 0.98395, "acc_5": 0.99993, "macc": 0.98396, "mean_diffs": 6.25348, "max_diffs": 6.69237, "margin": 5.44911}
[2026-05-09 16:27:32,350 INFO][traineradasmoothlossprojlogit.py:333 - log_eval_epoch_info] - Val Epoch[222]	{"samples": 5000, "loss": 0.36631, "acc": 0.9266, "acc_5": 0.9976, "macc": 0.92647, "nll": 0.26418, "ece": 0.01699, "aece": 0.0269, "cece": 0.00724, "mean_diffs": 6.00221, "max_diffs": 6.50314, "margin": 5.0543}
[2026-05-09 16:27:32,350 INFO][traineradasmoothlossprojlogit.py:336 - log_eval_epoch_info] - 
+---------+---------+---------+---------+
| samples | acc     | acc_5   | macc    |
+---------+---------+---------+---------+
| 5000    | 0.92660 | 0.99760 | 0.92647 |
+---------+---------+---------+---------+
[2026-05-09 16:27:32,350 INFO][traineradasmoothlossprojlogit.py:337 - log_eval_epoch_info] - 
+---------+---------+---------+---------+---------+
| samples | nll     | ece     | aece    | cece    |
+---------+---------+---------+---------+---------+
| 5000    | 0.26418 | 0.01699 | 0.02690 | 0.00724 |
+---------+---------+---------+---------+---------+
[2026-05-09 16:27:32,571 INFO][traineradasmoothlossprojlogit.py:605 - train] - Epoch[222]	Best acc on Val : 0.9456 at epoch 154
[2026-05-09 16:27:32,571 INFO][traineradasmoothlossprojlogit.py:572 - train] - ====================
[2026-05-09 16:27:32,571 INFO][traineradasmoothlossprojlogit.py:573 - train] -  Start epoch 223
[2026-05-09 16:27:32,571 INFO][traineradasmoothlossprojlogit.py:574 - train] - ====================
[2026-05-09 16:27:38,480 INFO][traineradasmoothlossprojlogit.py:300 - log_iter_info] - Train Iter[100/351][223]	{"data_time": 0.0002, "batch_time": 0.05278, "loss": 0.21312, "acc": 0.97656, "mean_diffs": 6.14516}
[2026-05-09 16:27:44,058 INFO][traineradasmoothlossprojlogit.py:300 - log_iter_info] - Train Iter[200/351][223]	{"data_time": 0.00032, "batch_time": 0.05296, "loss": 0.15995, "acc": 0.98438, "mean_diffs": 6.39288}
[2026-05-09 16:27:49,354 INFO][traineradasmoothlossprojlogit.py:300 - log_iter_info] - Train Iter[300/351][223]	{"data_time": 0.00019, "batch_time": 0.05271, "loss": 0.14773, "acc": 1.0, "mean_diffs": 6.17884}
[2026-05-09 16:27:52,156 INFO][traineradasmoothlossprojlogit.py:319 - log_epoch_info] - Train Epoch[223]	{"samples": 44928, "lr": 0.01, "loss": 0.17854, "acc": 0.98478, "acc_5": 0.99991, "macc": 0.98478, "mean_diffs": 6.27266, "max_diffs": 6.72055, "margin": 5.44867}
[2026-05-09 16:27:53,437 INFO][traineradasmoothlossprojlogit.py:333 - log_eval_epoch_info] - Val Epoch[223]	{"samples": 5000, "loss": 0.39134, "acc": 0.919, "acc_5": 0.9974, "macc": 0.9193, "nll": 0.29004, "ece": 0.02378, "aece": 0.0344, "cece": 0.00931, "mean_diffs": 6.1858, "max_diffs": 6.68916, "margin": 5.15701}
[2026-05-09 16:27:53,438 INFO][traineradasmoothlossprojlogit.py:336 - log_eval_epoch_info] - 
+---------+---------+---------+---------+
| samples | acc     | acc_5   | macc    |
+---------+---------+---------+---------+
| 5000    | 0.91900 | 0.99740 | 0.91930 |
+---------+---------+---------+---------+
[2026-05-09 16:27:53,438 INFO][traineradasmoothlossprojlogit.py:337 - log_eval_epoch_info] - 
+---------+---------+---------+---------+---------+
| samples | nll     | ece     | aece    | cece    |
+---------+---------+---------+---------+---------+
| 5000    | 0.29004 | 0.02378 | 0.03440 | 0.00931 |
+---------+---------+---------+---------+---------+
[2026-05-09 16:27:53,663 INFO][traineradasmoothlossprojlogit.py:605 - train] - Epoch[223]	Best acc on Val : 0.9456 at epoch 154
[2026-05-09 16:27:53,663 INFO][traineradasmoothlossprojlogit.py:572 - train] - ====================
[2026-05-09 16:27:53,663 INFO][traineradasmoothlossprojlogit.py:573 - train] -  Start epoch 224
[2026-05-09 16:27:53,663 INFO][traineradasmoothlossprojlogit.py:574 - train] - ====================
[2026-05-09 16:27:59,570 INFO][traineradasmoothlossprojlogit.py:300 - log_iter_info] - Train Iter[100/351][224]	{"data_time": 0.0002, "batch_time": 0.05282, "loss": 0.15154, "acc": 0.99219, "mean_diffs": 6.32358}
[2026-05-09 16:28:04,868 INFO][traineradasmoothlossprojlogit.py:300 - log_iter_info] - Train Iter[200/351][224]	{"data_time": 0.00021, "batch_time": 0.05287, "loss": 0.17034, "acc": 0.99219, "mean_diffs": 6.24885}
[2026-05-09 16:28:10,172 INFO][traineradasmoothlossprojlogit.py:300 - log_iter_info] - Train Iter[300/351][224]	{"data_time": 0.00019, "batch_time": 0.05282, "loss": 0.19979, "acc": 0.96875, "mean_diffs": 6.21818}
[2026-05-09 16:28:12,976 INFO][traineradasmoothlossprojlogit.py:319 - log_epoch_info] - Train Epoch[224]	{"samples": 44928, "lr": 0.01, "loss": 0.17621, "acc": 0.98475, "acc_5": 0.99993, "macc": 0.98476, "mean_diffs": 6.26576, "max_diffs": 6.70972, "margin": 5.4627}
[2026-05-09 16:28:14,249 INFO][traineradasmoothlossprojlogit.py:333 - log_eval_epoch_info] - Val Epoch[224]	{"samples": 5000, "loss": 0.36267, "acc": 0.9228, "acc_5": 0.9962, "macc": 0.92296, "nll": 0.26961, "ece": 0.01719, "aece": 0.02568, "cece": 0.0087, "mean_diffs": 6.07583, "max_diffs": 6.55435, "margin": 5.11852}
[2026-05-09 16:28:14,250 INFO][traineradasmoothlossprojlogit.py:336 - log_eval_epoch_info] - 
+---------+---------+---------+---------+
| samples | acc     | acc_5   | macc    |
+---------+---------+---------+---------+
| 5000    | 0.92280 | 0.99620 | 0.92296 |
+---------+---------+---------+---------+
[2026-05-09 16:28:14,250 INFO][traineradasmoothlossprojlogit.py:337 - log_eval_epoch_info] - 
+---------+---------+---------+---------+---------+
| samples | nll     | ece     | aece    | cece    |
+---------+---------+---------+---------+---------+
| 5000    | 0.26961 | 0.01719 | 0.02568 | 0.00870 |
+---------+---------+---------+---------+---------+
[2026-05-09 16:28:14,478 INFO][traineradasmoothlossprojlogit.py:605 - train] - Epoch[224]	Best acc on Val : 0.9456 at epoch 154
[2026-05-09 16:28:14,478 INFO][traineradasmoothlossprojlogit.py:572 - train] - ====================
[2026-05-09 16:28:14,478 INFO][traineradasmoothlossprojlogit.py:573 - train] -  Start epoch 225
[2026-05-09 16:28:14,478 INFO][traineradasmoothlossprojlogit.py:574 - train] - ====================
[2026-05-09 16:28:20,357 INFO][traineradasmoothlossprojlogit.py:300 - log_iter_info] - Train Iter[100/351][225]	{"data_time": 0.00025, "batch_time": 0.05285, "loss": 0.24687, "acc": 0.96875, "mean_diffs": 6.19032}
[2026-05-09 16:28:25,649 INFO][traineradasmoothlossprojlogit.py:300 - log_iter_info] - Train Iter[200/351][225]	{"data_time": 0.0002, "batch_time": 0.05329, "loss": 0.14911, "acc": 0.99219, "mean_diffs": 6.21198}
[2026-05-09 16:28:30,954 INFO][traineradasmoothlossprojlogit.py:300 - log_iter_info] - Train Iter[300/351][225]	{"data_time": 0.00019, "batch_time": 0.05282, "loss": 0.16953, "acc": 0.99219, "mean_diffs": 6.25957}
[2026-05-09 16:28:33,758 INFO][traineradasmoothlossprojlogit.py:319 - log_epoch_info] - Train Epoch[225]	{"samples": 44928, "lr": 0.01, "loss": 0.18022, "acc": 0.98366, "acc_5": 0.99998, "macc": 0.98367, "mean_diffs": 6.24397, "max_diffs": 6.68789, "margin": 5.43584}
[2026-05-09 16:28:35,021 INFO][traineradasmoothlossprojlogit.py:333 - log_eval_epoch_info] - Val Epoch[225]	{"samples": 5000, "loss": 0.33475, "acc": 0.9276, "acc_5": 0.9954, "macc": 0.9272, "nll": 0.26328, "ece": 0.01853, "aece": 0.02326, "cece": 0.00731, "mean_diffs": 5.92196, "max_diffs": 6.4145, "margin": 5.00744}
[2026-05-09 16:28:35,022 INFO][traineradasmoothlossprojlogit.py:336 - log_eval_epoch_info] - 
+---------+---------+---------+---------+
| samples | acc     | acc_5   | macc    |
+---------+---------+---------+---------+
| 5000    | 0.92760 | 0.99540 | 0.92720 |
+---------+---------+---------+---------+
[2026-05-09 16:28:35,022 INFO][traineradasmoothlossprojlogit.py:337 - log_eval_epoch_info] - 
+---------+---------+---------+---------+---------+
| samples | nll     | ece     | aece    | cece    |
+---------+---------+---------+---------+---------+
| 5000    | 0.26328 | 0.01853 | 0.02326 | 0.00731 |
+---------+---------+---------+---------+---------+
[2026-05-09 16:28:35,250 INFO][traineradasmoothlossprojlogit.py:605 - train] - Epoch[225]	Best acc on Val : 0.9456 at epoch 154
[2026-05-09 16:28:35,250 INFO][traineradasmoothlossprojlogit.py:572 - train] - ====================
[2026-05-09 16:28:35,250 INFO][traineradasmoothlossprojlogit.py:573 - train] -  Start epoch 226
[2026-05-09 16:28:35,250 INFO][traineradasmoothlossprojlogit.py:574 - train] - ====================
[2026-05-09 16:28:41,172 INFO][traineradasmoothlossprojlogit.py:300 - log_iter_info] - Train Iter[100/351][226]	{"data_time": 0.00021, "batch_time": 0.05261, "loss": 0.15973, "acc": 0.98438, "mean_diffs": 6.32268}
[2026-05-09 16:28:46,475 INFO][traineradasmoothlossprojlogit.py:300 - log_iter_info] - Train Iter[200/351][226]	{"data_time": 0.00021, "batch_time": 0.05301, "loss": 0.18463, "acc": 0.99219, "mean_diffs": 6.25707}
[2026-05-09 16:28:51,773 INFO][traineradasmoothlossprojlogit.py:300 - log_iter_info] - Train Iter[300/351][226]	{"data_time": 0.00018, "batch_time": 0.05277, "loss": 0.23359, "acc": 0.96875, "mean_diffs": 6.22288}
[2026-05-09 16:28:54,569 INFO][traineradasmoothlossprojlogit.py:319 - log_epoch_info] - Train Epoch[226]	{"samples": 44928, "lr": 0.01, "loss": 0.17741, "acc": 0.98442, "acc_5": 0.99996, "macc": 0.98443, "mean_diffs": 6.25949, "max_diffs": 6.69893, "margin": 5.452}
[2026-05-09 16:28:55,842 INFO][traineradasmoothlossprojlogit.py:333 - log_eval_epoch_info] - Val Epoch[226]	{"samples": 5000, "loss": 0.35284, "acc": 0.9268, "acc_5": 0.997, "macc": 0.92646, "nll": 0.26706, "ece": 0.01801, "aece": 0.03005, "cece": 0.00774, "mean_diffs": 6.0419, "max_diffs": 6.50026, "margin": 5.1486}
[2026-05-09 16:28:55,842 INFO][traineradasmoothlossprojlogit.py:336 - log_eval_epoch_info] - 
+---------+---------+---------+---------+
| samples | acc     | acc_5   | macc    |
+---------+---------+---------+---------+
| 5000    | 0.92680 | 0.99700 | 0.92646 |
+---------+---------+---------+---------+
[2026-05-09 16:28:55,842 INFO][traineradasmoothlossprojlogit.py:337 - log_eval_epoch_info] - 
+---------+---------+---------+---------+---------+
| samples | nll     | ece     | aece    | cece    |
+---------+---------+---------+---------+---------+
| 5000    | 0.26706 | 0.01801 | 0.03005 | 0.00774 |
+---------+---------+---------+---------+---------+
[2026-05-09 16:28:56,065 INFO][traineradasmoothlossprojlogit.py:605 - train] - Epoch[226]	Best acc on Val : 0.9456 at epoch 154
[2026-05-09 16:28:56,065 INFO][traineradasmoothlossprojlogit.py:572 - train] - ====================
[2026-05-09 16:28:56,065 INFO][traineradasmoothlossprojlogit.py:573 - train] -  Start epoch 227
[2026-05-09 16:28:56,066 INFO][traineradasmoothlossprojlogit.py:574 - train] - ====================
[2026-05-09 16:29:02,253 INFO][traineradasmoothlossprojlogit.py:300 - log_iter_info] - Train Iter[100/351][227]	{"data_time": 0.00025, "batch_time": 0.05258, "loss": 0.13288, "acc": 1.0, "mean_diffs": 6.30469}
[2026-05-09 16:29:07,549 INFO][traineradasmoothlossprojlogit.py:300 - log_iter_info] - Train Iter[200/351][227]	{"data_time": 0.00025, "batch_time": 0.05272, "loss": 0.14339, "acc": 0.98438, "mean_diffs": 6.24389}
[2026-05-09 16:29:12,848 INFO][traineradasmoothlossprojlogit.py:300 - log_iter_info] - Train Iter[300/351][227]	{"data_time": 0.0004, "batch_time": 0.05303, "loss": 0.1779, "acc": 0.98438, "mean_diffs": 6.12073}
[2026-05-09 16:29:15,658 INFO][traineradasmoothlossprojlogit.py:319 - log_epoch_info] - Train Epoch[227]	{"samples": 44928, "lr": 0.01, "loss": 0.17971, "acc": 0.98344, "acc_5": 0.99998, "macc": 0.98344, "mean_diffs": 6.2485, "max_diffs": 6.69082, "margin": 5.42772}
[2026-05-09 16:29:16,935 INFO][traineradasmoothlossprojlogit.py:333 - log_eval_epoch_info] - Val Epoch[227]	{"samples": 5000, "loss": 0.33293, "acc": 0.93, "acc_5": 0.9954, "macc": 0.92966, "nll": 0.25784, "ece": 0.01356, "aece": 0.02021, "cece": 0.00785, "mean_diffs": 6.054, "max_diffs": 6.55545, "margin": 5.08877}
[2026-05-09 16:29:16,936 INFO][traineradasmoothlossprojlogit.py:336 - log_eval_epoch_info] - 
+---------+---------+---------+---------+
| samples | acc     | acc_5   | macc    |
+---------+---------+---------+---------+
| 5000    | 0.93000 | 0.99540 | 0.92966 |
+---------+---------+---------+---------+
[2026-05-09 16:29:16,936 INFO][traineradasmoothlossprojlogit.py:337 - log_eval_epoch_info] - 
+---------+---------+---------+---------+---------+
| samples | nll     | ece     | aece    | cece    |
+---------+---------+---------+---------+---------+
| 5000    | 0.25784 | 0.01356 | 0.02021 | 0.00785 |
+---------+---------+---------+---------+---------+
[2026-05-09 16:29:17,157 INFO][traineradasmoothlossprojlogit.py:605 - train] - Epoch[227]	Best acc on Val : 0.9456 at epoch 154
[2026-05-09 16:29:17,157 INFO][traineradasmoothlossprojlogit.py:572 - train] - ====================
[2026-05-09 16:29:17,157 INFO][traineradasmoothlossprojlogit.py:573 - train] -  Start epoch 228
[2026-05-09 16:29:17,157 INFO][traineradasmoothlossprojlogit.py:574 - train] - ====================
[2026-05-09 16:29:23,078 INFO][traineradasmoothlossprojlogit.py:300 - log_iter_info] - Train Iter[100/351][228]	{"data_time": 0.00025, "batch_time": 0.05277, "loss": 0.15049, "acc": 0.99219, "mean_diffs": 6.27992}
[2026-05-09 16:29:28,376 INFO][traineradasmoothlossprojlogit.py:300 - log_iter_info] - Train Iter[200/351][228]	{"data_time": 0.00039, "batch_time": 0.05279, "loss": 0.14157, "acc": 0.99219, "mean_diffs": 6.34955}
[2026-05-09 16:29:33,681 INFO][traineradasmoothlossprojlogit.py:300 - log_iter_info] - Train Iter[300/351][228]	{"data_time": 0.00021, "batch_time": 0.05281, "loss": 0.16589, "acc": 0.96875, "mean_diffs": 6.23673}
[2026-05-09 16:29:36,482 INFO][traineradasmoothlossprojlogit.py:319 - log_epoch_info] - Train Epoch[228]	{"samples": 44928, "lr": 0.01, "loss": 0.17666, "acc": 0.98411, "acc_5": 0.99993, "macc": 0.98411, "mean_diffs": 6.25269, "max_diffs": 6.68699, "margin": 5.45887}
[2026-05-09 16:29:37,739 INFO][traineradasmoothlossprojlogit.py:333 - log_eval_epoch_info] - Val Epoch[228]	{"samples": 5000, "loss": 0.3354, "acc": 0.929, "acc_5": 0.995, "macc": 0.92889, "nll": 0.26287, "ece": 0.01907, "aece": 0.02564, "cece": 0.0072, "mean_diffs": 5.90779, "max_diffs": 6.44381, "margin": 5.04012}
[2026-05-09 16:29:37,740 INFO][traineradasmoothlossprojlogit.py:336 - log_eval_epoch_info] - 
+---------+---------+---------+---------+
| samples | acc     | acc_5   | macc    |
+---------+---------+---------+---------+
| 5000    | 0.92900 | 0.99500 | 0.92889 |
+---------+---------+---------+---------+
[2026-05-09 16:29:37,740 INFO][traineradasmoothlossprojlogit.py:337 - log_eval_epoch_info] - 
+---------+---------+---------+---------+---------+
| samples | nll     | ece     | aece    | cece    |
+---------+---------+---------+---------+---------+
| 5000    | 0.26287 | 0.01907 | 0.02564 | 0.00720 |
+---------+---------+---------+---------+---------+
[2026-05-09 16:29:37,963 INFO][traineradasmoothlossprojlogit.py:605 - train] - Epoch[228]	Best acc on Val : 0.9456 at epoch 154
[2026-05-09 16:29:37,963 INFO][traineradasmoothlossprojlogit.py:572 - train] - ====================
[2026-05-09 16:29:37,963 INFO][traineradasmoothlossprojlogit.py:573 - train] -  Start epoch 229
[2026-05-09 16:29:37,963 INFO][traineradasmoothlossprojlogit.py:574 - train] - ====================
[2026-05-09 16:29:43,863 INFO][traineradasmoothlossprojlogit.py:300 - log_iter_info] - Train Iter[100/351][229]	{"data_time": 0.0002, "batch_time": 0.05289, "loss": 0.21136, "acc": 0.97656, "mean_diffs": 6.06423}
[2026-05-09 16:29:49,157 INFO][traineradasmoothlossprojlogit.py:300 - log_iter_info] - Train Iter[200/351][229]	{"data_time": 0.00039, "batch_time": 0.05331, "loss": 0.17429, "acc": 0.99219, "mean_diffs": 6.17563}
[2026-05-09 16:29:54,455 INFO][traineradasmoothlossprojlogit.py:300 - log_iter_info] - Train Iter[300/351][229]	{"data_time": 0.00023, "batch_time": 0.053, "loss": 0.17059, "acc": 0.99219, "mean_diffs": 6.29181}
[2026-05-09 16:29:57,243 INFO][traineradasmoothlossprojlogit.py:319 - log_epoch_info] - Train Epoch[229]	{"samples": 44928, "lr": 0.01, "loss": 0.17935, "acc": 0.9842, "acc_5": 0.99993, "macc": 0.9842, "mean_diffs": 6.2346, "max_diffs": 6.67164, "margin": 5.43437}
[2026-05-09 16:29:58,517 INFO][traineradasmoothlossprojlogit.py:333 - log_eval_epoch_info] - Val Epoch[229]	{"samples": 5000, "loss": 0.35296, "acc": 0.9272, "acc_5": 0.9956, "macc": 0.92738, "nll": 0.26768, "ece": 0.0152, "aece": 0.0261, "cece": 0.00831, "mean_diffs": 5.9584, "max_diffs": 6.44115, "margin": 5.02735}
[2026-05-09 16:29:58,517 INFO][traineradasmoothlossprojlogit.py:336 - log_eval_epoch_info] - 
+---------+---------+---------+---------+
| samples | acc     | acc_5   | macc    |
+---------+---------+---------+---------+
| 5000    | 0.92720 | 0.99560 | 0.92738 |
+---------+---------+---------+---------+
[2026-05-09 16:29:58,517 INFO][traineradasmoothlossprojlogit.py:337 - log_eval_epoch_info] - 
+---------+---------+---------+---------+---------+
| samples | nll     | ece     | aece    | cece    |
+---------+---------+---------+---------+---------+
| 5000    | 0.26768 | 0.01520 | 0.02610 | 0.00831 |
+---------+---------+---------+---------+---------+
[2026-05-09 16:29:58,742 INFO][traineradasmoothlossprojlogit.py:605 - train] - Epoch[229]	Best acc on Val : 0.9456 at epoch 154
[2026-05-09 16:29:58,742 INFO][traineradasmoothlossprojlogit.py:572 - train] - ====================
[2026-05-09 16:29:58,742 INFO][traineradasmoothlossprojlogit.py:573 - train] -  Start epoch 230
[2026-05-09 16:29:58,743 INFO][traineradasmoothlossprojlogit.py:574 - train] - ====================
[2026-05-09 16:30:04,682 INFO][traineradasmoothlossprojlogit.py:300 - log_iter_info] - Train Iter[100/351][230]	{"data_time": 0.0002, "batch_time": 0.05313, "loss": 0.20756, "acc": 0.98438, "mean_diffs": 6.2847}
[2026-05-09 16:30:09,985 INFO][traineradasmoothlossprojlogit.py:300 - log_iter_info] - Train Iter[200/351][230]	{"data_time": 0.00025, "batch_time": 0.0529, "loss": 0.28869, "acc": 0.96875, "mean_diffs": 6.04293}
[2026-05-09 16:30:15,286 INFO][traineradasmoothlossprojlogit.py:300 - log_iter_info] - Train Iter[300/351][230]	{"data_time": 0.00024, "batch_time": 0.05288, "loss": 0.20845, "acc": 0.97656, "mean_diffs": 6.14456}
[2026-05-09 16:30:18,086 INFO][traineradasmoothlossprojlogit.py:319 - log_epoch_info] - Train Epoch[230]	{"samples": 44928, "lr": 0.01, "loss": 0.17945, "acc": 0.98413, "acc_5": 0.99987, "macc": 0.98413, "mean_diffs": 6.25246, "max_diffs": 6.69331, "margin": 5.44295}
[2026-05-09 16:30:19,354 INFO][traineradasmoothlossprojlogit.py:333 - log_eval_epoch_info] - Val Epoch[230]	{"samples": 5000, "loss": 0.34852, "acc": 0.9262, "acc_5": 0.9968, "macc": 0.92639, "nll": 0.26654, "ece": 0.01824, "aece": 0.02433, "cece": 0.00871, "mean_diffs": 6.01444, "max_diffs": 6.50006, "margin": 5.07137}
[2026-05-09 16:30:19,354 INFO][traineradasmoothlossprojlogit.py:336 - log_eval_epoch_info] - 
+---------+---------+---------+---------+
| samples | acc     | acc_5   | macc    |
+---------+---------+---------+---------+
| 5000    | 0.92620 | 0.99680 | 0.92639 |
+---------+---------+---------+---------+
[2026-05-09 16:30:19,354 INFO][traineradasmoothlossprojlogit.py:337 - log_eval_epoch_info] - 
+---------+---------+---------+---------+---------+
| samples | nll     | ece     | aece    | cece    |
+---------+---------+---------+---------+---------+
| 5000    | 0.26654 | 0.01824 | 0.02433 | 0.00871 |
+---------+---------+---------+---------+---------+
[2026-05-09 16:30:19,580 INFO][traineradasmoothlossprojlogit.py:605 - train] - Epoch[230]	Best acc on Val : 0.9456 at epoch 154
[2026-05-09 16:30:19,580 INFO][traineradasmoothlossprojlogit.py:572 - train] - ====================
[2026-05-09 16:30:19,580 INFO][traineradasmoothlossprojlogit.py:573 - train] -  Start epoch 231
[2026-05-09 16:30:19,580 INFO][traineradasmoothlossprojlogit.py:574 - train] - ====================
[2026-05-09 16:30:25,507 INFO][traineradasmoothlossprojlogit.py:300 - log_iter_info] - Train Iter[100/351][231]	{"data_time": 0.00021, "batch_time": 0.05272, "loss": 0.17659, "acc": 0.98438, "mean_diffs": 6.2689}
[2026-05-09 16:30:30,805 INFO][traineradasmoothlossprojlogit.py:300 - log_iter_info] - Train Iter[200/351][231]	{"data_time": 0.00027, "batch_time": 0.05302, "loss": 0.20905, "acc": 0.96875, "mean_diffs": 6.21252}
[2026-05-09 16:30:36,106 INFO][traineradasmoothlossprojlogit.py:300 - log_iter_info] - Train Iter[300/351][231]	{"data_time": 0.00019, "batch_time": 0.05303, "loss": 0.20904, "acc": 0.98438, "mean_diffs": 6.03541}
[2026-05-09 16:30:38,903 INFO][traineradasmoothlossprojlogit.py:319 - log_epoch_info] - Train Epoch[231]	{"samples": 44928, "lr": 0.01, "loss": 0.17896, "acc": 0.98375, "acc_5": 0.99993, "macc": 0.98375, "mean_diffs": 6.26607, "max_diffs": 6.7054, "margin": 5.45165}
[2026-05-09 16:30:40,816 INFO][traineradasmoothlossprojlogit.py:333 - log_eval_epoch_info] - Val Epoch[231]	{"samples": 5000, "loss": 0.34066, "acc": 0.9268, "acc_5": 0.9938, "macc": 0.9262, "nll": 0.27396, "ece": 0.01586, "aece": 0.02382, "cece": 0.00889, "mean_diffs": 5.93512, "max_diffs": 6.40223, "margin": 5.06292}
[2026-05-09 16:30:40,816 INFO][traineradasmoothlossprojlogit.py:336 - log_eval_epoch_info] - 
+---------+---------+---------+---------+
| samples | acc     | acc_5   | macc    |
+---------+---------+---------+---------+
| 5000    | 0.92680 | 0.99380 | 0.92620 |
+---------+---------+---------+---------+
[2026-05-09 16:30:40,816 INFO][traineradasmoothlossprojlogit.py:337 - log_eval_epoch_info] - 
+---------+---------+---------+---------+---------+
| samples | nll     | ece     | aece    | cece    |
+---------+---------+---------+---------+---------+
| 5000    | 0.27396 | 0.01586 | 0.02382 | 0.00889 |
+---------+---------+---------+---------+---------+
[2026-05-09 16:30:41,041 INFO][traineradasmoothlossprojlogit.py:605 - train] - Epoch[231]	Best acc on Val : 0.9456 at epoch 154
[2026-05-09 16:30:41,041 INFO][traineradasmoothlossprojlogit.py:572 - train] - ====================
[2026-05-09 16:30:41,041 INFO][traineradasmoothlossprojlogit.py:573 - train] -  Start epoch 232
[2026-05-09 16:30:41,041 INFO][traineradasmoothlossprojlogit.py:574 - train] - ====================
[2026-05-09 16:30:46,915 INFO][traineradasmoothlossprojlogit.py:300 - log_iter_info] - Train Iter[100/351][232]	{"data_time": 0.00021, "batch_time": 0.05262, "loss": 0.17905, "acc": 0.98438, "mean_diffs": 6.36783}
[2026-05-09 16:30:52,215 INFO][traineradasmoothlossprojlogit.py:300 - log_iter_info] - Train Iter[200/351][232]	{"data_time": 0.0002, "batch_time": 0.05263, "loss": 0.15846, "acc": 0.98438, "mean_diffs": 6.36706}
[2026-05-09 16:30:57,516 INFO][traineradasmoothlossprojlogit.py:300 - log_iter_info] - Train Iter[300/351][232]	{"data_time": 0.00023, "batch_time": 0.05302, "loss": 0.1516, "acc": 0.98438, "mean_diffs": 6.21464}
[2026-05-09 16:31:00,317 INFO][traineradasmoothlossprojlogit.py:319 - log_epoch_info] - Train Epoch[232]	{"samples": 44928, "lr": 0.01, "loss": 0.17802, "acc": 0.98393, "acc_5": 0.99987, "macc": 0.98393, "mean_diffs": 6.27201, "max_diffs": 6.70375, "margin": 5.47396}
[2026-05-09 16:31:01,584 INFO][traineradasmoothlossprojlogit.py:333 - log_eval_epoch_info] - Val Epoch[232]	{"samples": 5000, "loss": 0.40772, "acc": 0.9168, "acc_5": 0.9964, "macc": 0.91723, "nll": 0.30096, "ece": 0.02381, "aece": 0.02972, "cece": 0.01097, "mean_diffs": 6.13147, "max_diffs": 6.63725, "margin": 5.09685}
[2026-05-09 16:31:01,584 INFO][traineradasmoothlossprojlogit.py:336 - log_eval_epoch_info] - 
+---------+---------+---------+---------+
| samples | acc     | acc_5   | macc    |
+---------+---------+---------+---------+
| 5000    | 0.91680 | 0.99640 | 0.91723 |
+---------+---------+---------+---------+
[2026-05-09 16:31:01,584 INFO][traineradasmoothlossprojlogit.py:337 - log_eval_epoch_info] - 
+---------+---------+---------+---------+---------+
| samples | nll     | ece     | aece    | cece    |
+---------+---------+---------+---------+---------+
| 5000    | 0.30096 | 0.02381 | 0.02972 | 0.01097 |
+---------+---------+---------+---------+---------+
[2026-05-09 16:31:01,806 INFO][traineradasmoothlossprojlogit.py:605 - train] - Epoch[232]	Best acc on Val : 0.9456 at epoch 154
[2026-05-09 16:31:01,806 INFO][traineradasmoothlossprojlogit.py:572 - train] - ====================
[2026-05-09 16:31:01,806 INFO][traineradasmoothlossprojlogit.py:573 - train] -  Start epoch 233
[2026-05-09 16:31:01,806 INFO][traineradasmoothlossprojlogit.py:574 - train] - ====================
[2026-05-09 16:31:07,727 INFO][traineradasmoothlossprojlogit.py:300 - log_iter_info] - Train Iter[100/351][233]	{"data_time": 0.0002, "batch_time": 0.05262, "loss": 0.13612, "acc": 1.0, "mean_diffs": 6.25494}
[2026-05-09 16:31:13,020 INFO][traineradasmoothlossprojlogit.py:300 - log_iter_info] - Train Iter[200/351][233]	{"data_time": 0.00026, "batch_time": 0.05299, "loss": 0.17027, "acc": 0.96875, "mean_diffs": 6.36538}
[2026-05-09 16:31:18,316 INFO][traineradasmoothlossprojlogit.py:300 - log_iter_info] - Train Iter[300/351][233]	{"data_time": 0.00024, "batch_time": 0.05289, "loss": 0.15722, "acc": 1.0, "mean_diffs": 6.34114}
[2026-05-09 16:31:21,108 INFO][traineradasmoothlossprojlogit.py:319 - log_epoch_info] - Train Epoch[233]	{"samples": 44928, "lr": 0.01, "loss": 0.17966, "acc": 0.98377, "acc_5": 0.99993, "macc": 0.98378, "mean_diffs": 6.24699, "max_diffs": 6.68307, "margin": 5.42227}
[2026-05-09 16:31:22,371 INFO][traineradasmoothlossprojlogit.py:333 - log_eval_epoch_info] - Val Epoch[233]	{"samples": 5000, "loss": 0.39849, "acc": 0.9194, "acc_5": 0.9966, "macc": 0.91969, "nll": 0.30438, "ece": 0.02391, "aece": 0.03384, "cece": 0.01065, "mean_diffs": 6.05399, "max_diffs": 6.54498, "margin": 5.06484}
[2026-05-09 16:31:22,371 INFO][traineradasmoothlossprojlogit.py:336 - log_eval_epoch_info] - 
+---------+---------+---------+---------+
| samples | acc     | acc_5   | macc    |
+---------+---------+---------+---------+
| 5000    | 0.91940 | 0.99660 | 0.91969 |
+---------+---------+---------+---------+
[2026-05-09 16:31:22,371 INFO][traineradasmoothlossprojlogit.py:337 - log_eval_epoch_info] - 
+---------+---------+---------+---------+---------+
| samples | nll     | ece     | aece    | cece    |
+---------+---------+---------+---------+---------+
| 5000    | 0.30438 | 0.02391 | 0.03384 | 0.01065 |
+---------+---------+---------+---------+---------+
[2026-05-09 16:31:22,592 INFO][traineradasmoothlossprojlogit.py:605 - train] - Epoch[233]	Best acc on Val : 0.9456 at epoch 154
[2026-05-09 16:31:22,592 INFO][traineradasmoothlossprojlogit.py:572 - train] - ====================
[2026-05-09 16:31:22,592 INFO][traineradasmoothlossprojlogit.py:573 - train] -  Start epoch 234
[2026-05-09 16:31:22,592 INFO][traineradasmoothlossprojlogit.py:574 - train] - ====================
[2026-05-09 16:31:28,531 INFO][traineradasmoothlossprojlogit.py:300 - log_iter_info] - Train Iter[100/351][234]	{"data_time": 0.00019, "batch_time": 0.05266, "loss": 0.18546, "acc": 0.98438, "mean_diffs": 6.3554}
[2026-05-09 16:31:33,829 INFO][traineradasmoothlossprojlogit.py:300 - log_iter_info] - Train Iter[200/351][234]	{"data_time": 0.00027, "batch_time": 0.05304, "loss": 0.21051, "acc": 0.98438, "mean_diffs": 6.12216}
[2026-05-09 16:31:39,129 INFO][traineradasmoothlossprojlogit.py:300 - log_iter_info] - Train Iter[300/351][234]	{"data_time": 0.00019, "batch_time": 0.05292, "loss": 0.13577, "acc": 1.0, "mean_diffs": 6.21318}
[2026-05-09 16:31:41,933 INFO][traineradasmoothlossprojlogit.py:319 - log_epoch_info] - Train Epoch[234]	{"samples": 44928, "lr": 0.01, "loss": 0.17753, "acc": 0.98431, "acc_5": 0.99993, "macc": 0.98431, "mean_diffs": 6.24884, "max_diffs": 6.68266, "margin": 5.43973}
[2026-05-09 16:31:43,174 INFO][traineradasmoothlossprojlogit.py:333 - log_eval_epoch_info] - Val Epoch[234]	{"samples": 5000, "loss": 0.33425, "acc": 0.9296, "acc_5": 0.997, "macc": 0.9292, "nll": 0.24507, "ece": 0.01946, "aece": 0.02546, "cece": 0.00728, "mean_diffs": 6.09986, "max_diffs": 6.54336, "margin": 5.16951}
[2026-05-09 16:31:43,174 INFO][traineradasmoothlossprojlogit.py:336 - log_eval_epoch_info] - 
+---------+---------+---------+---------+
| samples | acc     | acc_5   | macc    |
+---------+---------+---------+---------+
| 5000    | 0.92960 | 0.99700 | 0.92920 |
+---------+---------+---------+---------+
[2026-05-09 16:31:43,174 INFO][traineradasmoothlossprojlogit.py:337 - log_eval_epoch_info] - 
+---------+---------+---------+---------+---------+
| samples | nll     | ece     | aece    | cece    |
+---------+---------+---------+---------+---------+
| 5000    | 0.24507 | 0.01946 | 0.02546 | 0.00728 |
+---------+---------+---------+---------+---------+
[2026-05-09 16:31:43,400 INFO][traineradasmoothlossprojlogit.py:605 - train] - Epoch[234]	Best acc on Val : 0.9456 at epoch 154
[2026-05-09 16:31:43,401 INFO][traineradasmoothlossprojlogit.py:572 - train] - ====================
[2026-05-09 16:31:43,401 INFO][traineradasmoothlossprojlogit.py:573 - train] -  Start epoch 235
[2026-05-09 16:31:43,401 INFO][traineradasmoothlossprojlogit.py:574 - train] - ====================
[2026-05-09 16:31:49,547 INFO][traineradasmoothlossprojlogit.py:300 - log_iter_info] - Train Iter[100/351][235]	{"data_time": 0.0002, "batch_time": 0.05302, "loss": 0.18955, "acc": 0.98438, "mean_diffs": 6.16207}
[2026-05-09 16:31:54,837 INFO][traineradasmoothlossprojlogit.py:300 - log_iter_info] - Train Iter[200/351][235]	{"data_time": 0.0002, "batch_time": 0.05273, "loss": 0.18184, "acc": 0.99219, "mean_diffs": 6.16065}
[2026-05-09 16:32:00,131 INFO][traineradasmoothlossprojlogit.py:300 - log_iter_info] - Train Iter[300/351][235]	{"data_time": 0.00019, "batch_time": 0.05277, "loss": 0.17327, "acc": 0.96875, "mean_diffs": 6.29832}
[2026-05-09 16:32:02,929 INFO][traineradasmoothlossprojlogit.py:319 - log_epoch_info] - Train Epoch[235]	{"samples": 44928, "lr": 0.01, "loss": 0.17883, "acc": 0.9834, "acc_5": 0.99993, "macc": 0.9834, "mean_diffs": 6.24065, "max_diffs": 6.67482, "margin": 5.44285}
[2026-05-09 16:32:04,189 INFO][traineradasmoothlossprojlogit.py:333 - log_eval_epoch_info] - Val Epoch[235]	{"samples": 5000, "loss": 0.3855, "acc": 0.9194, "acc_5": 0.9968, "macc": 0.91999, "nll": 0.29788, "ece": 0.02294, "aece": 0.03101, "cece": 0.00982, "mean_diffs": 6.09061, "max_diffs": 6.56065, "margin": 5.13349}
[2026-05-09 16:32:04,189 INFO][traineradasmoothlossprojlogit.py:336 - log_eval_epoch_info] - 
+---------+---------+---------+---------+
| samples | acc     | acc_5   | macc    |
+---------+---------+---------+---------+
| 5000    | 0.91940 | 0.99680 | 0.91999 |
+---------+---------+---------+---------+
[2026-05-09 16:32:04,189 INFO][traineradasmoothlossprojlogit.py:337 - log_eval_epoch_info] - 
+---------+---------+---------+---------+---------+
| samples | nll     | ece     | aece    | cece    |
+---------+---------+---------+---------+---------+
| 5000    | 0.29788 | 0.02294 | 0.03101 | 0.00982 |
+---------+---------+---------+---------+---------+
[2026-05-09 16:32:04,414 INFO][traineradasmoothlossprojlogit.py:605 - train] - Epoch[235]	Best acc on Val : 0.9456 at epoch 154
[2026-05-09 16:32:04,414 INFO][traineradasmoothlossprojlogit.py:572 - train] - ====================
[2026-05-09 16:32:04,414 INFO][traineradasmoothlossprojlogit.py:573 - train] -  Start epoch 236
[2026-05-09 16:32:04,414 INFO][traineradasmoothlossprojlogit.py:574 - train] - ====================
[2026-05-09 16:32:10,324 INFO][traineradasmoothlossprojlogit.py:300 - log_iter_info] - Train Iter[100/351][236]	{"data_time": 0.0002, "batch_time": 0.05262, "loss": 0.24716, "acc": 0.98438, "mean_diffs": 6.26134}
[2026-05-09 16:32:15,614 INFO][traineradasmoothlossprojlogit.py:300 - log_iter_info] - Train Iter[200/351][236]	{"data_time": 0.00027, "batch_time": 0.05299, "loss": 0.21872, "acc": 0.96094, "mean_diffs": 6.04679}
[2026-05-09 16:32:20,909 INFO][traineradasmoothlossprojlogit.py:300 - log_iter_info] - Train Iter[300/351][236]	{"data_time": 0.00019, "batch_time": 0.05274, "loss": 0.16644, "acc": 0.99219, "mean_diffs": 6.25876}
[2026-05-09 16:32:23,718 INFO][traineradasmoothlossprojlogit.py:319 - log_epoch_info] - Train Epoch[236]	{"samples": 44928, "lr": 0.01, "loss": 0.17749, "acc": 0.98426, "acc_5": 0.99991, "macc": 0.98427, "mean_diffs": 6.25967, "max_diffs": 6.70125, "margin": 5.4476}
[2026-05-09 16:32:24,987 INFO][traineradasmoothlossprojlogit.py:333 - log_eval_epoch_info] - Val Epoch[236]	{"samples": 5000, "loss": 0.47232, "acc": 0.907, "acc_5": 0.9958, "macc": 0.90768, "nll": 0.36858, "ece": 0.03662, "aece": 0.03583, "cece": 0.01326, "mean_diffs": 6.12709, "max_diffs": 6.63688, "margin": 5.14832}
[2026-05-09 16:32:24,987 INFO][traineradasmoothlossprojlogit.py:336 - log_eval_epoch_info] - 
+---------+---------+---------+---------+
| samples | acc     | acc_5   | macc    |
+---------+---------+---------+---------+
| 5000    | 0.90700 | 0.99580 | 0.90768 |
+---------+---------+---------+---------+
[2026-05-09 16:32:24,987 INFO][traineradasmoothlossprojlogit.py:337 - log_eval_epoch_info] - 
+---------+---------+---------+---------+---------+
| samples | nll     | ece     | aece    | cece    |
+---------+---------+---------+---------+---------+
| 5000    | 0.36858 | 0.03662 | 0.03583 | 0.01326 |
+---------+---------+---------+---------+---------+
[2026-05-09 16:32:25,221 INFO][traineradasmoothlossprojlogit.py:605 - train] - Epoch[236]	Best acc on Val : 0.9456 at epoch 154
[2026-05-09 16:32:25,221 INFO][traineradasmoothlossprojlogit.py:572 - train] - ====================
[2026-05-09 16:32:25,221 INFO][traineradasmoothlossprojlogit.py:573 - train] -  Start epoch 237
[2026-05-09 16:32:25,221 INFO][traineradasmoothlossprojlogit.py:574 - train] - ====================
[2026-05-09 16:32:31,152 INFO][traineradasmoothlossprojlogit.py:300 - log_iter_info] - Train Iter[100/351][237]	{"data_time": 0.0004, "batch_time": 0.05327, "loss": 0.16629, "acc": 0.97656, "mean_diffs": 6.40804}
[2026-05-09 16:32:36,442 INFO][traineradasmoothlossprojlogit.py:300 - log_iter_info] - Train Iter[200/351][237]	{"data_time": 0.00021, "batch_time": 0.05272, "loss": 0.18466, "acc": 0.97656, "mean_diffs": 6.24208}
[2026-05-09 16:32:41,736 INFO][traineradasmoothlossprojlogit.py:300 - log_iter_info] - Train Iter[300/351][237]	{"data_time": 0.00024, "batch_time": 0.05279, "loss": 0.1798, "acc": 0.97656, "mean_diffs": 6.27955}
[2026-05-09 16:32:44,531 INFO][traineradasmoothlossprojlogit.py:319 - log_epoch_info] - Train Epoch[237]	{"samples": 44928, "lr": 0.01, "loss": 0.17627, "acc": 0.98484, "acc_5": 0.99993, "macc": 0.98485, "mean_diffs": 6.24903, "max_diffs": 6.67735, "margin": 5.45931}
[2026-05-09 16:32:45,795 INFO][traineradasmoothlossprojlogit.py:333 - log_eval_epoch_info] - Val Epoch[237]	{"samples": 5000, "loss": 0.33099, "acc": 0.9314, "acc_5": 0.9952, "macc": 0.93139, "nll": 0.24757, "ece": 0.02064, "aece": 0.02338, "cece": 0.00732, "mean_diffs": 6.0034, "max_diffs": 6.48923, "margin": 5.08888}
[2026-05-09 16:32:45,795 INFO][traineradasmoothlossprojlogit.py:336 - log_eval_epoch_info] - 
+---------+---------+---------+---------+
| samples | acc     | acc_5   | macc    |
+---------+---------+---------+---------+
| 5000    | 0.93140 | 0.99520 | 0.93139 |
+---------+---------+---------+---------+
[2026-05-09 16:32:45,795 INFO][traineradasmoothlossprojlogit.py:337 - log_eval_epoch_info] - 
+---------+---------+---------+---------+---------+
| samples | nll     | ece     | aece    | cece    |
+---------+---------+---------+---------+---------+
| 5000    | 0.24757 | 0.02064 | 0.02338 | 0.00732 |
+---------+---------+---------+---------+---------+
[2026-05-09 16:32:46,021 INFO][traineradasmoothlossprojlogit.py:605 - train] - Epoch[237]	Best acc on Val : 0.9456 at epoch 154
[2026-05-09 16:32:46,021 INFO][traineradasmoothlossprojlogit.py:572 - train] - ====================
[2026-05-09 16:32:46,021 INFO][traineradasmoothlossprojlogit.py:573 - train] -  Start epoch 238
[2026-05-09 16:32:46,021 INFO][traineradasmoothlossprojlogit.py:574 - train] - ====================
[2026-05-09 16:32:51,962 INFO][traineradasmoothlossprojlogit.py:300 - log_iter_info] - Train Iter[100/351][238]	{"data_time": 0.00021, "batch_time": 0.05304, "loss": 0.18753, "acc": 0.97656, "mean_diffs": 6.26317}
[2026-05-09 16:32:57,262 INFO][traineradasmoothlossprojlogit.py:300 - log_iter_info] - Train Iter[200/351][238]	{"data_time": 0.00021, "batch_time": 0.05299, "loss": 0.19712, "acc": 0.96875, "mean_diffs": 6.20492}
[2026-05-09 16:33:02,572 INFO][traineradasmoothlossprojlogit.py:300 - log_iter_info] - Train Iter[300/351][238]	{"data_time": 0.00019, "batch_time": 0.05291, "loss": 0.19649, "acc": 0.96875, "mean_diffs": 6.09868}
[2026-05-09 16:33:05,376 INFO][traineradasmoothlossprojlogit.py:319 - log_epoch_info] - Train Epoch[238]	{"samples": 44928, "lr": 0.01, "loss": 0.17704, "acc": 0.9844, "acc_5": 0.99991, "macc": 0.9844, "mean_diffs": 6.23003, "max_diffs": 6.66208, "margin": 5.43278}
[2026-05-09 16:33:06,630 INFO][traineradasmoothlossprojlogit.py:333 - log_eval_epoch_info] - Val Epoch[238]	{"samples": 5000, "loss": 0.39164, "acc": 0.9216, "acc_5": 0.9962, "macc": 0.92154, "nll": 0.30794, "ece": 0.0211, "aece": 0.02398, "cece": 0.0095, "mean_diffs": 5.989, "max_diffs": 6.49976, "margin": 5.00856}
[2026-05-09 16:33:06,630 INFO][traineradasmoothlossprojlogit.py:336 - log_eval_epoch_info] - 
+---------+---------+---------+---------+
| samples | acc     | acc_5   | macc    |
+---------+---------+---------+---------+
| 5000    | 0.92160 | 0.99620 | 0.92154 |
+---------+---------+---------+---------+
[2026-05-09 16:33:06,631 INFO][traineradasmoothlossprojlogit.py:337 - log_eval_epoch_info] - 
+---------+---------+---------+---------+---------+
| samples | nll     | ece     | aece    | cece    |
+---------+---------+---------+---------+---------+
| 5000    | 0.30794 | 0.02110 | 0.02398 | 0.00950 |
+---------+---------+---------+---------+---------+
[2026-05-09 16:33:06,849 INFO][traineradasmoothlossprojlogit.py:605 - train] - Epoch[238]	Best acc on Val : 0.9456 at epoch 154
[2026-05-09 16:33:06,849 INFO][traineradasmoothlossprojlogit.py:572 - train] - ====================
[2026-05-09 16:33:06,849 INFO][traineradasmoothlossprojlogit.py:573 - train] -  Start epoch 239
[2026-05-09 16:33:06,849 INFO][traineradasmoothlossprojlogit.py:574 - train] - ====================
[2026-05-09 16:33:13,025 INFO][traineradasmoothlossprojlogit.py:300 - log_iter_info] - Train Iter[100/351][239]	{"data_time": 0.00026, "batch_time": 0.05287, "loss": 0.17889, "acc": 0.98438, "mean_diffs": 6.02863}
[2026-05-09 16:33:18,325 INFO][traineradasmoothlossprojlogit.py:300 - log_iter_info] - Train Iter[200/351][239]	{"data_time": 0.00026, "batch_time": 0.05296, "loss": 0.24257, "acc": 0.95312, "mean_diffs": 6.13844}
[2026-05-09 16:33:23,626 INFO][traineradasmoothlossprojlogit.py:300 - log_iter_info] - Train Iter[300/351][239]	{"data_time": 0.00025, "batch_time": 0.05296, "loss": 0.14307, "acc": 1.0, "mean_diffs": 6.33223}
[2026-05-09 16:33:26,437 INFO][traineradasmoothlossprojlogit.py:319 - log_epoch_info] - Train Epoch[239]	{"samples": 44928, "lr": 0.01, "loss": 0.18001, "acc": 0.98302, "acc_5": 0.99998, "macc": 0.98302, "mean_diffs": 6.2453, "max_diffs": 6.69038, "margin": 5.41763}
[2026-05-09 16:33:27,702 INFO][traineradasmoothlossprojlogit.py:333 - log_eval_epoch_info] - Val Epoch[239]	{"samples": 5000, "loss": 0.36126, "acc": 0.9204, "acc_5": 0.9964, "macc": 0.92059, "nll": 0.28902, "ece": 0.02222, "aece": 0.02622, "cece": 0.00925, "mean_diffs": 6.02923, "max_diffs": 6.49203, "margin": 5.11278}
[2026-05-09 16:33:27,702 INFO][traineradasmoothlossprojlogit.py:336 - log_eval_epoch_info] - 
+---------+---------+---------+---------+
| samples | acc     | acc_5   | macc    |
+---------+---------+---------+---------+
| 5000    | 0.92040 | 0.99640 | 0.92059 |
+---------+---------+---------+---------+
[2026-05-09 16:33:27,702 INFO][traineradasmoothlossprojlogit.py:337 - log_eval_epoch_info] - 
+---------+---------+---------+---------+---------+
| samples | nll     | ece     | aece    | cece    |
+---------+---------+---------+---------+---------+
| 5000    | 0.28902 | 0.02222 | 0.02622 | 0.00925 |
+---------+---------+---------+---------+---------+
[2026-05-09 16:33:27,922 INFO][traineradasmoothlossprojlogit.py:605 - train] - Epoch[239]	Best acc on Val : 0.9456 at epoch 154
[2026-05-09 16:33:27,922 INFO][traineradasmoothlossprojlogit.py:572 - train] - ====================
[2026-05-09 16:33:27,922 INFO][traineradasmoothlossprojlogit.py:573 - train] -  Start epoch 240
[2026-05-09 16:33:27,922 INFO][traineradasmoothlossprojlogit.py:574 - train] - ====================
[2026-05-09 16:33:33,834 INFO][traineradasmoothlossprojlogit.py:300 - log_iter_info] - Train Iter[100/351][240]	{"data_time": 0.00025, "batch_time": 0.0529, "loss": 0.19288, "acc": 0.96094, "mean_diffs": 6.30418}
[2026-05-09 16:33:39,128 INFO][traineradasmoothlossprojlogit.py:300 - log_iter_info] - Train Iter[200/351][240]	{"data_time": 0.00026, "batch_time": 0.05322, "loss": 0.24706, "acc": 0.95312, "mean_diffs": 6.13789}
[2026-05-09 16:33:44,427 INFO][traineradasmoothlossprojlogit.py:300 - log_iter_info] - Train Iter[300/351][240]	{"data_time": 0.00024, "batch_time": 0.05314, "loss": 0.20168, "acc": 0.97656, "mean_diffs": 6.03443}
[2026-05-09 16:33:47,249 INFO][traineradasmoothlossprojlogit.py:319 - log_epoch_info] - Train Epoch[240]	{"samples": 44928, "lr": 0.01, "loss": 0.18054, "acc": 0.98313, "acc_5": 0.99989, "macc": 0.98313, "mean_diffs": 6.24009, "max_diffs": 6.66763, "margin": 5.4408}
[2026-05-09 16:33:48,525 INFO][traineradasmoothlossprojlogit.py:333 - log_eval_epoch_info] - Val Epoch[240]	{"samples": 5000, "loss": 0.37223, "acc": 0.916, "acc_5": 0.9976, "macc": 0.91624, "nll": 0.30002, "ece": 0.02306, "aece": 0.03108, "cece": 0.00936, "mean_diffs": 5.92115, "max_diffs": 6.393, "margin": 4.95314}
[2026-05-09 16:33:48,525 INFO][traineradasmoothlossprojlogit.py:336 - log_eval_epoch_info] - 
+---------+---------+---------+---------+
| samples | acc     | acc_5   | macc    |
+---------+---------+---------+---------+
| 5000    | 0.91600 | 0.99760 | 0.91624 |
+---------+---------+---------+---------+
[2026-05-09 16:33:48,526 INFO][traineradasmoothlossprojlogit.py:337 - log_eval_epoch_info] - 
+---------+---------+---------+---------+---------+
| samples | nll     | ece     | aece    | cece    |
+---------+---------+---------+---------+---------+
| 5000    | 0.30002 | 0.02306 | 0.03108 | 0.00936 |
+---------+---------+---------+---------+---------+
[2026-05-09 16:33:48,743 INFO][traineradasmoothlossprojlogit.py:605 - train] - Epoch[240]	Best acc on Val : 0.9456 at epoch 154
[2026-05-09 16:33:48,743 INFO][traineradasmoothlossprojlogit.py:572 - train] - ====================
[2026-05-09 16:33:48,743 INFO][traineradasmoothlossprojlogit.py:573 - train] -  Start epoch 241
[2026-05-09 16:33:48,743 INFO][traineradasmoothlossprojlogit.py:574 - train] - ====================
[2026-05-09 16:33:54,650 INFO][traineradasmoothlossprojlogit.py:300 - log_iter_info] - Train Iter[100/351][241]	{"data_time": 0.00025, "batch_time": 0.05275, "loss": 0.24151, "acc": 0.96094, "mean_diffs": 6.12634}
[2026-05-09 16:33:59,940 INFO][traineradasmoothlossprojlogit.py:300 - log_iter_info] - Train Iter[200/351][241]	{"data_time": 0.00025, "batch_time": 0.05313, "loss": 0.20797, "acc": 0.96875, "mean_diffs": 6.29019}
[2026-05-09 16:34:05,236 INFO][traineradasmoothlossprojlogit.py:300 - log_iter_info] - Train Iter[300/351][241]	{"data_time": 0.00019, "batch_time": 0.05293, "loss": 0.15626, "acc": 0.98438, "mean_diffs": 6.50208}
[2026-05-09 16:34:08,029 INFO][traineradasmoothlossprojlogit.py:319 - log_epoch_info] - Train Epoch[241]	{"samples": 44928, "lr": 0.01, "loss": 0.17962, "acc": 0.98333, "acc_5": 0.99991, "macc": 0.98333, "mean_diffs": 6.24918, "max_diffs": 6.68244, "margin": 5.44456}
[2026-05-09 16:34:09,292 INFO][traineradasmoothlossprojlogit.py:333 - log_eval_epoch_info] - Val Epoch[241]	{"samples": 5000, "loss": 0.35505, "acc": 0.9218, "acc_5": 0.9954, "macc": 0.92151, "nll": 0.28135, "ece": 0.01481, "aece": 0.02487, "cece": 0.00768, "mean_diffs": 6.01452, "max_diffs": 6.5278, "margin": 5.00823}
[2026-05-09 16:34:09,292 INFO][traineradasmoothlossprojlogit.py:336 - log_eval_epoch_info] - 
+---------+---------+---------+---------+
| samples | acc     | acc_5   | macc    |
+---------+---------+---------+---------+
| 5000    | 0.92180 | 0.99540 | 0.92151 |
+---------+---------+---------+---------+
[2026-05-09 16:34:09,293 INFO][traineradasmoothlossprojlogit.py:337 - log_eval_epoch_info] - 
+---------+---------+---------+---------+---------+
| samples | nll     | ece     | aece    | cece    |
+---------+---------+---------+---------+---------+
| 5000    | 0.28135 | 0.01481 | 0.02487 | 0.00768 |
+---------+---------+---------+---------+---------+
[2026-05-09 16:34:09,512 INFO][traineradasmoothlossprojlogit.py:605 - train] - Epoch[241]	Best acc on Val : 0.9456 at epoch 154
[2026-05-09 16:34:09,512 INFO][traineradasmoothlossprojlogit.py:572 - train] - ====================
[2026-05-09 16:34:09,512 INFO][traineradasmoothlossprojlogit.py:573 - train] -  Start epoch 242
[2026-05-09 16:34:09,512 INFO][traineradasmoothlossprojlogit.py:574 - train] - ====================
[2026-05-09 16:34:15,443 INFO][traineradasmoothlossprojlogit.py:300 - log_iter_info] - Train Iter[100/351][242]	{"data_time": 0.0002, "batch_time": 0.05289, "loss": 0.17654, "acc": 0.97656, "mean_diffs": 6.3614}
[2026-05-09 16:34:20,739 INFO][traineradasmoothlossprojlogit.py:300 - log_iter_info] - Train Iter[200/351][242]	{"data_time": 0.00021, "batch_time": 0.05298, "loss": 0.2409, "acc": 0.98438, "mean_diffs": 6.24534}
[2026-05-09 16:34:26,039 INFO][traineradasmoothlossprojlogit.py:300 - log_iter_info] - Train Iter[300/351][242]	{"data_time": 0.00019, "batch_time": 0.05266, "loss": 0.22234, "acc": 0.96875, "mean_diffs": 6.25184}
[2026-05-09 16:34:28,848 INFO][traineradasmoothlossprojlogit.py:319 - log_epoch_info] - Train Epoch[242]	{"samples": 44928, "lr": 0.01, "loss": 0.17971, "acc": 0.98348, "acc_5": 1.0, "macc": 0.98349, "mean_diffs": 6.24475, "max_diffs": 6.68474, "margin": 5.41432}
[2026-05-09 16:34:30,098 INFO][traineradasmoothlossprojlogit.py:333 - log_eval_epoch_info] - Val Epoch[242]	{"samples": 5000, "loss": 0.40073, "acc": 0.9176, "acc_5": 0.9972, "macc": 0.91764, "nll": 0.30008, "ece": 0.02103, "aece": 0.03192, "cece": 0.00941, "mean_diffs": 6.02541, "max_diffs": 6.52605, "margin": 5.01787}
[2026-05-09 16:34:30,099 INFO][traineradasmoothlossprojlogit.py:336 - log_eval_epoch_info] - 
+---------+---------+---------+---------+
| samples | acc     | acc_5   | macc    |
+---------+---------+---------+---------+
| 5000    | 0.91760 | 0.99720 | 0.91764 |
+---------+---------+---------+---------+
[2026-05-09 16:34:30,099 INFO][traineradasmoothlossprojlogit.py:337 - log_eval_epoch_info] - 
+---------+---------+---------+---------+---------+
| samples | nll     | ece     | aece    | cece    |
+---------+---------+---------+---------+---------+
| 5000    | 0.30008 | 0.02103 | 0.03192 | 0.00941 |
+---------+---------+---------+---------+---------+
[2026-05-09 16:34:30,320 INFO][traineradasmoothlossprojlogit.py:605 - train] - Epoch[242]	Best acc on Val : 0.9456 at epoch 154
[2026-05-09 16:34:30,320 INFO][traineradasmoothlossprojlogit.py:572 - train] - ====================
[2026-05-09 16:34:30,320 INFO][traineradasmoothlossprojlogit.py:573 - train] -  Start epoch 243
[2026-05-09 16:34:30,320 INFO][traineradasmoothlossprojlogit.py:574 - train] - ====================
[2026-05-09 16:34:36,497 INFO][traineradasmoothlossprojlogit.py:300 - log_iter_info] - Train Iter[100/351][243]	{"data_time": 0.0002, "batch_time": 0.05251, "loss": 0.1794, "acc": 0.99219, "mean_diffs": 6.16004}
[2026-05-09 16:34:41,786 INFO][traineradasmoothlossprojlogit.py:300 - log_iter_info] - Train Iter[200/351][243]	{"data_time": 0.00036, "batch_time": 0.05298, "loss": 0.15245, "acc": 0.98438, "mean_diffs": 6.30419}
[2026-05-09 16:34:47,084 INFO][traineradasmoothlossprojlogit.py:300 - log_iter_info] - Train Iter[300/351][243]	{"data_time": 0.00018, "batch_time": 0.05293, "loss": 0.19792, "acc": 0.98438, "mean_diffs": 6.09869}
[2026-05-09 16:34:49,892 INFO][traineradasmoothlossprojlogit.py:319 - log_epoch_info] - Train Epoch[243]	{"samples": 44928, "lr": 0.01, "loss": 0.17833, "acc": 0.98384, "acc_5": 0.99996, "macc": 0.98384, "mean_diffs": 6.23722, "max_diffs": 6.67501, "margin": 5.41708}
[2026-05-09 16:34:51,153 INFO][traineradasmoothlossprojlogit.py:333 - log_eval_epoch_info] - Val Epoch[243]	{"samples": 5000, "loss": 0.34143, "acc": 0.9276, "acc_5": 0.9958, "macc": 0.9276, "nll": 0.25439, "ece": 0.01561, "aece": 0.02626, "cece": 0.00758, "mean_diffs": 6.14718, "max_diffs": 6.63237, "margin": 5.17352}
[2026-05-09 16:34:51,153 INFO][traineradasmoothlossprojlogit.py:336 - log_eval_epoch_info] - 
+---------+---------+---------+---------+
| samples | acc     | acc_5   | macc    |
+---------+---------+---------+---------+
| 5000    | 0.92760 | 0.99580 | 0.92760 |
+---------+---------+---------+---------+
[2026-05-09 16:34:51,153 INFO][traineradasmoothlossprojlogit.py:337 - log_eval_epoch_info] - 
+---------+---------+---------+---------+---------+
| samples | nll     | ece     | aece    | cece    |
+---------+---------+---------+---------+---------+
| 5000    | 0.25439 | 0.01561 | 0.02626 | 0.00758 |
+---------+---------+---------+---------+---------+
[2026-05-09 16:34:51,373 INFO][traineradasmoothlossprojlogit.py:605 - train] - Epoch[243]	Best acc on Val : 0.9456 at epoch 154
[2026-05-09 16:34:51,373 INFO][traineradasmoothlossprojlogit.py:572 - train] - ====================
[2026-05-09 16:34:51,373 INFO][traineradasmoothlossprojlogit.py:573 - train] -  Start epoch 244
[2026-05-09 16:34:51,373 INFO][traineradasmoothlossprojlogit.py:574 - train] - ====================
[2026-05-09 16:34:57,290 INFO][traineradasmoothlossprojlogit.py:300 - log_iter_info] - Train Iter[100/351][244]	{"data_time": 0.00021, "batch_time": 0.05266, "loss": 0.18454, "acc": 0.97656, "mean_diffs": 6.23779}
[2026-05-09 16:35:02,584 INFO][traineradasmoothlossprojlogit.py:300 - log_iter_info] - Train Iter[200/351][244]	{"data_time": 0.0002, "batch_time": 0.05304, "loss": 0.14476, "acc": 0.97656, "mean_diffs": 6.30463}
[2026-05-09 16:35:07,882 INFO][traineradasmoothlossprojlogit.py:300 - log_iter_info] - Train Iter[300/351][244]	{"data_time": 0.00023, "batch_time": 0.05288, "loss": 0.15381, "acc": 0.99219, "mean_diffs": 6.3973}
[2026-05-09 16:35:10,691 INFO][traineradasmoothlossprojlogit.py:319 - log_epoch_info] - Train Epoch[244]	{"samples": 44928, "lr": 0.01, "loss": 0.17842, "acc": 0.98326, "acc_5": 0.99996, "macc": 0.98327, "mean_diffs": 6.2496, "max_diffs": 6.68435, "margin": 5.43564}
[2026-05-09 16:35:11,951 INFO][traineradasmoothlossprojlogit.py:333 - log_eval_epoch_info] - Val Epoch[244]	{"samples": 5000, "loss": 0.36253, "acc": 0.9286, "acc_5": 0.9964, "macc": 0.92887, "nll": 0.26903, "ece": 0.01761, "aece": 0.02659, "cece": 0.00802, "mean_diffs": 6.21052, "max_diffs": 6.67582, "margin": 5.24395}
[2026-05-09 16:35:11,951 INFO][traineradasmoothlossprojlogit.py:336 - log_eval_epoch_info] - 
+---------+---------+---------+---------+
| samples | acc     | acc_5   | macc    |
+---------+---------+---------+---------+
| 5000    | 0.92860 | 0.99640 | 0.92887 |
+---------+---------+---------+---------+
[2026-05-09 16:35:11,951 INFO][traineradasmoothlossprojlogit.py:337 - log_eval_epoch_info] - 
+---------+---------+---------+---------+---------+
| samples | nll     | ece     | aece    | cece    |
+---------+---------+---------+---------+---------+
| 5000    | 0.26903 | 0.01761 | 0.02659 | 0.00802 |
+---------+---------+---------+---------+---------+
[2026-05-09 16:35:12,169 INFO][traineradasmoothlossprojlogit.py:605 - train] - Epoch[244]	Best acc on Val : 0.9456 at epoch 154
[2026-05-09 16:35:12,170 INFO][traineradasmoothlossprojlogit.py:572 - train] - ====================
[2026-05-09 16:35:12,170 INFO][traineradasmoothlossprojlogit.py:573 - train] -  Start epoch 245
[2026-05-09 16:35:12,170 INFO][traineradasmoothlossprojlogit.py:574 - train] - ====================
[2026-05-09 16:35:18,072 INFO][traineradasmoothlossprojlogit.py:300 - log_iter_info] - Train Iter[100/351][245]	{"data_time": 0.00026, "batch_time": 0.05271, "loss": 0.12469, "acc": 1.0, "mean_diffs": 6.27433}
[2026-05-09 16:35:23,369 INFO][traineradasmoothlossprojlogit.py:300 - log_iter_info] - Train Iter[200/351][245]	{"data_time": 0.0002, "batch_time": 0.05278, "loss": 0.14357, "acc": 0.98438, "mean_diffs": 6.33759}
[2026-05-09 16:35:28,673 INFO][traineradasmoothlossprojlogit.py:300 - log_iter_info] - Train Iter[300/351][245]	{"data_time": 0.00024, "batch_time": 0.05309, "loss": 0.12632, "acc": 0.99219, "mean_diffs": 6.44875}
[2026-05-09 16:35:31,482 INFO][traineradasmoothlossprojlogit.py:319 - log_epoch_info] - Train Epoch[245]	{"samples": 44928, "lr": 0.01, "loss": 0.18015, "acc": 0.98277, "acc_5": 0.99991, "macc": 0.98278, "mean_diffs": 6.25259, "max_diffs": 6.69002, "margin": 5.43657}
[2026-05-09 16:35:32,738 INFO][traineradasmoothlossprojlogit.py:333 - log_eval_epoch_info] - Val Epoch[245]	{"samples": 5000, "loss": 0.32568, "acc": 0.9324, "acc_5": 0.998, "macc": 0.93212, "nll": 0.24391, "ece": 0.01603, "aece": 0.0247, "cece": 0.00722, "mean_diffs": 6.11363, "max_diffs": 6.5852, "margin": 5.17215}
[2026-05-09 16:35:32,738 INFO][traineradasmoothlossprojlogit.py:336 - log_eval_epoch_info] - 
+---------+---------+---------+---------+
| samples | acc     | acc_5   | macc    |
+---------+---------+---------+---------+
| 5000    | 0.93240 | 0.99800 | 0.93212 |
+---------+---------+---------+---------+
[2026-05-09 16:35:32,739 INFO][traineradasmoothlossprojlogit.py:337 - log_eval_epoch_info] - 
+---------+---------+---------+---------+---------+
| samples | nll     | ece     | aece    | cece    |
+---------+---------+---------+---------+---------+
| 5000    | 0.24391 | 0.01603 | 0.02470 | 0.00722 |
+---------+---------+---------+---------+---------+
[2026-05-09 16:35:32,957 INFO][traineradasmoothlossprojlogit.py:605 - train] - Epoch[245]	Best acc on Val : 0.9456 at epoch 154
[2026-05-09 16:35:32,958 INFO][traineradasmoothlossprojlogit.py:572 - train] - ====================
[2026-05-09 16:35:32,958 INFO][traineradasmoothlossprojlogit.py:573 - train] -  Start epoch 246
[2026-05-09 16:35:32,958 INFO][traineradasmoothlossprojlogit.py:574 - train] - ====================
[2026-05-09 16:35:38,869 INFO][traineradasmoothlossprojlogit.py:300 - log_iter_info] - Train Iter[100/351][246]	{"data_time": 0.0002, "batch_time": 0.05305, "loss": 0.20489, "acc": 0.98438, "mean_diffs": 6.08724}
[2026-05-09 16:35:44,167 INFO][traineradasmoothlossprojlogit.py:300 - log_iter_info] - Train Iter[200/351][246]	{"data_time": 0.00026, "batch_time": 0.05314, "loss": 0.21248, "acc": 0.97656, "mean_diffs": 6.28168}
[2026-05-09 16:35:49,463 INFO][traineradasmoothlossprojlogit.py:300 - log_iter_info] - Train Iter[300/351][246]	{"data_time": 0.00018, "batch_time": 0.05314, "loss": 0.18155, "acc": 0.98438, "mean_diffs": 6.20563}
[2026-05-09 16:35:52,259 INFO][traineradasmoothlossprojlogit.py:319 - log_epoch_info] - Train Epoch[246]	{"samples": 44928, "lr": 0.01, "loss": 0.17638, "acc": 0.98453, "acc_5": 0.99989, "macc": 0.98454, "mean_diffs": 6.23836, "max_diffs": 6.66752, "margin": 5.43826}
[2026-05-09 16:35:53,545 INFO][traineradasmoothlossprojlogit.py:333 - log_eval_epoch_info] - Val Epoch[246]	{"samples": 5000, "loss": 0.34214, "acc": 0.9288, "acc_5": 0.9966, "macc": 0.92852, "nll": 0.25438, "ece": 0.01745, "aece": 0.02354, "cece": 0.00708, "mean_diffs": 6.00884, "max_diffs": 6.50518, "margin": 5.04516}
[2026-05-09 16:35:53,545 INFO][traineradasmoothlossprojlogit.py:336 - log_eval_epoch_info] - 
+---------+---------+---------+---------+
| samples | acc     | acc_5   | macc    |
+---------+---------+---------+---------+
| 5000    | 0.92880 | 0.99660 | 0.92852 |
+---------+---------+---------+---------+
[2026-05-09 16:35:53,545 INFO][traineradasmoothlossprojlogit.py:337 - log_eval_epoch_info] - 
+---------+---------+---------+---------+---------+
| samples | nll     | ece     | aece    | cece    |
+---------+---------+---------+---------+---------+
| 5000    | 0.25438 | 0.01745 | 0.02354 | 0.00708 |
+---------+---------+---------+---------+---------+
[2026-05-09 16:35:53,772 INFO][traineradasmoothlossprojlogit.py:605 - train] - Epoch[246]	Best acc on Val : 0.9456 at epoch 154
[2026-05-09 16:35:53,773 INFO][traineradasmoothlossprojlogit.py:572 - train] - ====================
[2026-05-09 16:35:53,773 INFO][traineradasmoothlossprojlogit.py:573 - train] -  Start epoch 247
[2026-05-09 16:35:53,773 INFO][traineradasmoothlossprojlogit.py:574 - train] - ====================
[2026-05-09 16:35:59,963 INFO][traineradasmoothlossprojlogit.py:300 - log_iter_info] - Train Iter[100/351][247]	{"data_time": 0.00026, "batch_time": 0.05295, "loss": 0.24556, "acc": 0.96875, "mean_diffs": 6.28338}
[2026-05-09 16:36:05,252 INFO][traineradasmoothlossprojlogit.py:300 - log_iter_info] - Train Iter[200/351][247]	{"data_time": 0.0002, "batch_time": 0.05289, "loss": 0.16564, "acc": 0.98438, "mean_diffs": 6.21129}
[2026-05-09 16:36:10,551 INFO][traineradasmoothlossprojlogit.py:300 - log_iter_info] - Train Iter[300/351][247]	{"data_time": 0.00019, "batch_time": 0.05313, "loss": 0.19967, "acc": 0.96875, "mean_diffs": 6.13016}
[2026-05-09 16:36:13,362 INFO][traineradasmoothlossprojlogit.py:319 - log_epoch_info] - Train Epoch[247]	{"samples": 44928, "lr": 0.01, "loss": 0.18095, "acc": 0.98288, "acc_5": 0.9998, "macc": 0.98289, "mean_diffs": 6.22048, "max_diffs": 6.65657, "margin": 5.41028}
[2026-05-09 16:36:14,635 INFO][traineradasmoothlossprojlogit.py:333 - log_eval_epoch_info] - Val Epoch[247]	{"samples": 5000, "loss": 0.34274, "acc": 0.9276, "acc_5": 0.996, "macc": 0.92769, "nll": 0.26733, "ece": 0.01537, "aece": 0.02587, "cece": 0.00678, "mean_diffs": 5.99408, "max_diffs": 6.45452, "margin": 5.08156}
[2026-05-09 16:36:14,636 INFO][traineradasmoothlossprojlogit.py:336 - log_eval_epoch_info] - 
+---------+---------+---------+---------+
| samples | acc     | acc_5   | macc    |
+---------+---------+---------+---------+
| 5000    | 0.92760 | 0.99600 | 0.92769 |
+---------+---------+---------+---------+
[2026-05-09 16:36:14,636 INFO][traineradasmoothlossprojlogit.py:337 - log_eval_epoch_info] - 
+---------+---------+---------+---------+---------+
| samples | nll     | ece     | aece    | cece    |
+---------+---------+---------+---------+---------+
| 5000    | 0.26733 | 0.01537 | 0.02587 | 0.00678 |
+---------+---------+---------+---------+---------+
[2026-05-09 16:36:14,857 INFO][traineradasmoothlossprojlogit.py:605 - train] - Epoch[247]	Best acc on Val : 0.9456 at epoch 154
[2026-05-09 16:36:14,857 INFO][traineradasmoothlossprojlogit.py:572 - train] - ====================
[2026-05-09 16:36:14,857 INFO][traineradasmoothlossprojlogit.py:573 - train] -  Start epoch 248
[2026-05-09 16:36:14,857 INFO][traineradasmoothlossprojlogit.py:574 - train] - ====================
[2026-05-09 16:36:20,790 INFO][traineradasmoothlossprojlogit.py:300 - log_iter_info] - Train Iter[100/351][248]	{"data_time": 0.00026, "batch_time": 0.05301, "loss": 0.1699, "acc": 0.99219, "mean_diffs": 6.364}
[2026-05-09 16:36:26,090 INFO][traineradasmoothlossprojlogit.py:300 - log_iter_info] - Train Iter[200/351][248]	{"data_time": 0.00026, "batch_time": 0.05299, "loss": 0.17986, "acc": 0.99219, "mean_diffs": 6.2393}
[2026-05-09 16:36:31,396 INFO][traineradasmoothlossprojlogit.py:300 - log_iter_info] - Train Iter[300/351][248]	{"data_time": 0.00018, "batch_time": 0.05304, "loss": 0.2181, "acc": 0.96875, "mean_diffs": 6.22244}
[2026-05-09 16:36:34,205 INFO][traineradasmoothlossprojlogit.py:319 - log_epoch_info] - Train Epoch[248]	{"samples": 44928, "lr": 0.01, "loss": 0.17751, "acc": 0.98366, "acc_5": 0.99993, "macc": 0.98366, "mean_diffs": 6.23691, "max_diffs": 6.66141, "margin": 5.44931}
[2026-05-09 16:36:35,475 INFO][traineradasmoothlossprojlogit.py:333 - log_eval_epoch_info] - Val Epoch[248]	{"samples": 5000, "loss": 0.35146, "acc": 0.925, "acc_5": 0.9964, "macc": 0.92495, "nll": 0.27415, "ece": 0.01901, "aece": 0.0264, "cece": 0.00861, "mean_diffs": 6.08286, "max_diffs": 6.52108, "margin": 5.16665}
[2026-05-09 16:36:35,475 INFO][traineradasmoothlossprojlogit.py:336 - log_eval_epoch_info] - 
+---------+---------+---------+---------+
| samples | acc     | acc_5   | macc    |
+---------+---------+---------+---------+
| 5000    | 0.92500 | 0.99640 | 0.92495 |
+---------+---------+---------+---------+
[2026-05-09 16:36:35,475 INFO][traineradasmoothlossprojlogit.py:337 - log_eval_epoch_info] - 
+---------+---------+---------+---------+---------+
| samples | nll     | ece     | aece    | cece    |
+---------+---------+---------+---------+---------+
| 5000    | 0.27415 | 0.01901 | 0.02640 | 0.00861 |
+---------+---------+---------+---------+---------+
[2026-05-09 16:36:35,697 INFO][traineradasmoothlossprojlogit.py:605 - train] - Epoch[248]	Best acc on Val : 0.9456 at epoch 154
[2026-05-09 16:36:35,697 INFO][traineradasmoothlossprojlogit.py:572 - train] - ====================
[2026-05-09 16:36:35,697 INFO][traineradasmoothlossprojlogit.py:573 - train] -  Start epoch 249
[2026-05-09 16:36:35,697 INFO][traineradasmoothlossprojlogit.py:574 - train] - ====================
[2026-05-09 16:36:41,600 INFO][traineradasmoothlossprojlogit.py:300 - log_iter_info] - Train Iter[100/351][249]	{"data_time": 0.00021, "batch_time": 0.05269, "loss": 0.1935, "acc": 0.96875, "mean_diffs": 6.21993}
[2026-05-09 16:36:46,893 INFO][traineradasmoothlossprojlogit.py:300 - log_iter_info] - Train Iter[200/351][249]	{"data_time": 0.00021, "batch_time": 0.05285, "loss": 0.16332, "acc": 0.99219, "mean_diffs": 6.40094}
[2026-05-09 16:36:52,198 INFO][traineradasmoothlossprojlogit.py:300 - log_iter_info] - Train Iter[300/351][249]	{"data_time": 0.00023, "batch_time": 0.05293, "loss": 0.14711, "acc": 0.99219, "mean_diffs": 6.22538}
[2026-05-09 16:36:55,009 INFO][traineradasmoothlossprojlogit.py:319 - log_epoch_info] - Train Epoch[249]	{"samples": 44928, "lr": 0.01, "loss": 0.17879, "acc": 0.98353, "acc_5": 0.99991, "macc": 0.98353, "mean_diffs": 6.23932, "max_diffs": 6.66483, "margin": 5.44787}
[2026-05-09 16:36:56,276 INFO][traineradasmoothlossprojlogit.py:333 - log_eval_epoch_info] - Val Epoch[249]	{"samples": 5000, "loss": 0.37855, "acc": 0.9238, "acc_5": 0.9962, "macc": 0.92395, "nll": 0.27617, "ece": 0.0187, "aece": 0.02959, "cece": 0.00817, "mean_diffs": 6.07681, "max_diffs": 6.55811, "margin": 5.11854}
[2026-05-09 16:36:56,276 INFO][traineradasmoothlossprojlogit.py:336 - log_eval_epoch_info] - 
+---------+---------+---------+---------+
| samples | acc     | acc_5   | macc    |
+---------+---------+---------+---------+
| 5000    | 0.92380 | 0.99620 | 0.92395 |
+---------+---------+---------+---------+
[2026-05-09 16:36:56,276 INFO][traineradasmoothlossprojlogit.py:337 - log_eval_epoch_info] - 
+---------+---------+---------+---------+---------+
| samples | nll     | ece     | aece    | cece    |
+---------+---------+---------+---------+---------+
| 5000    | 0.27617 | 0.01870 | 0.02959 | 0.00817 |
+---------+---------+---------+---------+---------+
[2026-05-09 16:36:56,497 INFO][traineradasmoothlossprojlogit.py:605 - train] - Epoch[249]	Best acc on Val : 0.9456 at epoch 154
[2026-05-09 16:36:56,497 INFO][traineradasmoothlossprojlogit.py:572 - train] - ====================
[2026-05-09 16:36:56,497 INFO][traineradasmoothlossprojlogit.py:573 - train] -  Start epoch 250
[2026-05-09 16:36:56,497 INFO][traineradasmoothlossprojlogit.py:574 - train] - ====================
[2026-05-09 16:37:02,434 INFO][traineradasmoothlossprojlogit.py:300 - log_iter_info] - Train Iter[100/351][250]	{"data_time": 0.00026, "batch_time": 0.05291, "loss": 0.17708, "acc": 0.99219, "mean_diffs": 6.3128}
[2026-05-09 16:37:07,727 INFO][traineradasmoothlossprojlogit.py:300 - log_iter_info] - Train Iter[200/351][250]	{"data_time": 0.00025, "batch_time": 0.05316, "loss": 0.2397, "acc": 0.96875, "mean_diffs": 6.26782}
[2026-05-09 16:37:13,029 INFO][traineradasmoothlossprojlogit.py:300 - log_iter_info] - Train Iter[300/351][250]	{"data_time": 0.00019, "batch_time": 0.05311, "loss": 0.15212, "acc": 0.99219, "mean_diffs": 6.33422}
[2026-05-09 16:37:15,847 INFO][traineradasmoothlossprojlogit.py:319 - log_epoch_info] - Train Epoch[250]	{"samples": 44928, "lr": 0.01, "loss": 0.18053, "acc": 0.98222, "acc_5": 0.99991, "macc": 0.98222, "mean_diffs": 6.22663, "max_diffs": 6.65968, "margin": 5.41692}
[2026-05-09 16:37:17,111 INFO][traineradasmoothlossprojlogit.py:333 - log_eval_epoch_info] - Val Epoch[250]	{"samples": 5000, "loss": 0.32569, "acc": 0.9268, "acc_5": 0.9954, "macc": 0.92688, "nll": 0.25771, "ece": 0.01866, "aece": 0.02829, "cece": 0.00762, "mean_diffs": 6.03352, "max_diffs": 6.49409, "margin": 5.13802}
[2026-05-09 16:37:17,112 INFO][traineradasmoothlossprojlogit.py:336 - log_eval_epoch_info] - 
+---------+---------+---------+---------+
| samples | acc     | acc_5   | macc    |
+---------+---------+---------+---------+
| 5000    | 0.92680 | 0.99540 | 0.92688 |
+---------+---------+---------+---------+
[2026-05-09 16:37:17,112 INFO][traineradasmoothlossprojlogit.py:337 - log_eval_epoch_info] - 
+---------+---------+---------+---------+---------+
| samples | nll     | ece     | aece    | cece    |
+---------+---------+---------+---------+---------+
| 5000    | 0.25771 | 0.01866 | 0.02829 | 0.00762 |
+---------+---------+---------+---------+---------+
[2026-05-09 16:37:17,333 INFO][traineradasmoothlossprojlogit.py:605 - train] - Epoch[250]	Best acc on Val : 0.9456 at epoch 154
[2026-05-09 16:37:17,333 INFO][traineradasmoothlossprojlogit.py:572 - train] - ====================
[2026-05-09 16:37:17,333 INFO][traineradasmoothlossprojlogit.py:573 - train] -  Start epoch 251
[2026-05-09 16:37:17,333 INFO][traineradasmoothlossprojlogit.py:574 - train] - ====================
[2026-05-09 16:37:23,526 INFO][traineradasmoothlossprojlogit.py:300 - log_iter_info] - Train Iter[100/351][251]	{"data_time": 0.00024, "batch_time": 0.05276, "loss": 0.13968, "acc": 0.99219, "mean_diffs": 6.26639}
[2026-05-09 16:37:28,823 INFO][traineradasmoothlossprojlogit.py:300 - log_iter_info] - Train Iter[200/351][251]	{"data_time": 0.00021, "batch_time": 0.05276, "loss": 0.13462, "acc": 1.0, "mean_diffs": 6.31671}
[2026-05-09 16:37:34,130 INFO][traineradasmoothlossprojlogit.py:300 - log_iter_info] - Train Iter[300/351][251]	{"data_time": 0.00018, "batch_time": 0.05296, "loss": 0.13831, "acc": 0.99219, "mean_diffs": 6.29745}
[2026-05-09 16:37:36,934 INFO][traineradasmoothlossprojlogit.py:319 - log_epoch_info] - Train Epoch[251]	{"samples": 44928, "lr": 0.001, "loss": 0.14667, "acc": 0.99461, "acc_5": 1.0, "macc": 0.99461, "mean_diffs": 6.3795, "max_diffs": 6.7722, "margin": 5.67498}
[2026-05-09 16:37:38,202 INFO][traineradasmoothlossprojlogit.py:333 - log_eval_epoch_info] - Val Epoch[251]	{"samples": 5000, "loss": 0.28805, "acc": 0.9454, "acc_5": 0.998, "macc": 0.94536, "nll": 0.19917, "ece": 0.01903, "aece": 0.02504, "cece": 0.00603, "mean_diffs": 6.19662, "max_diffs": 6.5795, "margin": 5.40813}
[2026-05-09 16:37:38,202 INFO][traineradasmoothlossprojlogit.py:336 - log_eval_epoch_info] - 
+---------+---------+---------+---------+
| samples | acc     | acc_5   | macc    |
+---------+---------+---------+---------+
| 5000    | 0.94540 | 0.99800 | 0.94536 |
+---------+---------+---------+---------+
[2026-05-09 16:37:38,202 INFO][traineradasmoothlossprojlogit.py:337 - log_eval_epoch_info] - 
+---------+---------+---------+---------+---------+
| samples | nll     | ece     | aece    | cece    |
+---------+---------+---------+---------+---------+
| 5000    | 0.19917 | 0.01903 | 0.02504 | 0.00603 |
+---------+---------+---------+---------+---------+
[2026-05-09 16:37:38,423 INFO][traineradasmoothlossprojlogit.py:605 - train] - Epoch[251]	Best acc on Val : 0.9456 at epoch 154
[2026-05-09 16:37:38,424 INFO][traineradasmoothlossprojlogit.py:572 - train] - ====================
[2026-05-09 16:37:38,424 INFO][traineradasmoothlossprojlogit.py:573 - train] -  Start epoch 252
[2026-05-09 16:37:38,424 INFO][traineradasmoothlossprojlogit.py:574 - train] - ====================
[2026-05-09 16:37:44,322 INFO][traineradasmoothlossprojlogit.py:300 - log_iter_info] - Train Iter[100/351][252]	{"data_time": 0.0002, "batch_time": 0.05308, "loss": 0.11334, "acc": 1.0, "mean_diffs": 6.40399}
[2026-05-09 16:37:49,607 INFO][traineradasmoothlossprojlogit.py:300 - log_iter_info] - Train Iter[200/351][252]	{"data_time": 0.00021, "batch_time": 0.05342, "loss": 0.15849, "acc": 0.98438, "mean_diffs": 6.45596}
[2026-05-09 16:37:54,900 INFO][traineradasmoothlossprojlogit.py:300 - log_iter_info] - Train Iter[300/351][252]	{"data_time": 0.00037, "batch_time": 0.05304, "loss": 0.11739, "acc": 1.0, "mean_diffs": 6.36521}
[2026-05-09 16:37:57,706 INFO][traineradasmoothlossprojlogit.py:319 - log_epoch_info] - Train Epoch[252]	{"samples": 44928, "lr": 0.001, "loss": 0.13753, "acc": 0.998, "acc_5": 1.0, "macc": 0.998, "mean_diffs": 6.41658, "max_diffs": 6.77653, "margin": 5.80551}
[2026-05-09 16:37:58,983 INFO][traineradasmoothlossprojlogit.py:333 - log_eval_epoch_info] - Val Epoch[252]	{"samples": 5000, "loss": 0.29138, "acc": 0.9468, "acc_5": 0.998, "macc": 0.94674, "nll": 0.20603, "ece": 0.01597, "aece": 0.02379, "cece": 0.00622, "mean_diffs": 6.18036, "max_diffs": 6.54703, "margin": 5.46056}
[2026-05-09 16:37:58,983 INFO][traineradasmoothlossprojlogit.py:336 - log_eval_epoch_info] - 
+---------+---------+---------+---------+
| samples | acc     | acc_5   | macc    |
+---------+---------+---------+---------+
| 5000    | 0.94680 | 0.99800 | 0.94674 |
+---------+---------+---------+---------+
[2026-05-09 16:37:58,983 INFO][traineradasmoothlossprojlogit.py:337 - log_eval_epoch_info] - 
+---------+---------+---------+---------+---------+
| samples | nll     | ece     | aece    | cece    |
+---------+---------+---------+---------+---------+
| 5000    | 0.20603 | 0.01597 | 0.02379 | 0.00622 |
+---------+---------+---------+---------+---------+
[2026-05-09 16:37:59,417 INFO][traineradasmoothlossprojlogit.py:605 - train] - Epoch[252]	Best acc on Val : 0.9468 at epoch 252
[2026-05-09 16:37:59,417 INFO][traineradasmoothlossprojlogit.py:572 - train] - ====================
[2026-05-09 16:37:59,417 INFO][traineradasmoothlossprojlogit.py:573 - train] -  Start epoch 253
[2026-05-09 16:37:59,417 INFO][traineradasmoothlossprojlogit.py:574 - train] - ====================
[2026-05-09 16:38:05,327 INFO][traineradasmoothlossprojlogit.py:300 - log_iter_info] - Train Iter[100/351][253]	{"data_time": 0.00019, "batch_time": 0.05272, "loss": 0.11644, "acc": 1.0, "mean_diffs": 6.49308}
[2026-05-09 16:38:10,615 INFO][traineradasmoothlossprojlogit.py:300 - log_iter_info] - Train Iter[200/351][253]	{"data_time": 0.0002, "batch_time": 0.05311, "loss": 0.13246, "acc": 1.0, "mean_diffs": 6.34869}
[2026-05-09 16:38:15,910 INFO][traineradasmoothlossprojlogit.py:300 - log_iter_info] - Train Iter[300/351][253]	{"data_time": 0.00018, "batch_time": 0.05283, "loss": 0.14342, "acc": 1.0, "mean_diffs": 6.42617}
[2026-05-09 16:38:18,727 INFO][traineradasmoothlossprojlogit.py:319 - log_epoch_info] - Train Epoch[253]	{"samples": 44928, "lr": 0.001, "loss": 0.13532, "acc": 0.99891, "acc_5": 1.0, "macc": 0.99891, "mean_diffs": 6.43004, "max_diffs": 6.77577, "margin": 5.86636}
[2026-05-09 16:38:20,000 INFO][traineradasmoothlossprojlogit.py:333 - log_eval_epoch_info] - Val Epoch[253]	{"samples": 5000, "loss": 0.28286, "acc": 0.9494, "acc_5": 0.9978, "macc": 0.9494, "nll": 0.1967, "ece": 0.01389, "aece": 0.02429, "cece": 0.00554, "mean_diffs": 6.19931, "max_diffs": 6.54558, "margin": 5.48729}
[2026-05-09 16:38:20,000 INFO][traineradasmoothlossprojlogit.py:336 - log_eval_epoch_info] - 
+---------+---------+---------+---------+
| samples | acc     | acc_5   | macc    |
+---------+---------+---------+---------+
| 5000    | 0.94940 | 0.99780 | 0.94940 |
+---------+---------+---------+---------+
[2026-05-09 16:38:20,001 INFO][traineradasmoothlossprojlogit.py:337 - log_eval_epoch_info] - 
+---------+---------+---------+---------+---------+
| samples | nll     | ece     | aece    | cece    |
+---------+---------+---------+---------+---------+
| 5000    | 0.19670 | 0.01389 | 0.02429 | 0.00554 |
+---------+---------+---------+---------+---------+
[2026-05-09 16:38:20,436 INFO][traineradasmoothlossprojlogit.py:605 - train] - Epoch[253]	Best acc on Val : 0.9494 at epoch 253
[2026-05-09 16:38:20,436 INFO][traineradasmoothlossprojlogit.py:572 - train] - ====================
[2026-05-09 16:38:20,436 INFO][traineradasmoothlossprojlogit.py:573 - train] -  Start epoch 254
[2026-05-09 16:38:20,436 INFO][traineradasmoothlossprojlogit.py:574 - train] - ====================
[2026-05-09 16:38:26,377 INFO][traineradasmoothlossprojlogit.py:300 - log_iter_info] - Train Iter[100/351][254]	{"data_time": 0.0002, "batch_time": 0.05275, "loss": 0.16831, "acc": 0.99219, "mean_diffs": 6.33081}
[2026-05-09 16:38:31,678 INFO][traineradasmoothlossprojlogit.py:300 - log_iter_info] - Train Iter[200/351][254]	{"data_time": 0.00026, "batch_time": 0.05307, "loss": 0.1297, "acc": 1.0, "mean_diffs": 6.54556}
[2026-05-09 16:38:36,984 INFO][traineradasmoothlossprojlogit.py:300 - log_iter_info] - Train Iter[300/351][254]	{"data_time": 0.00036, "batch_time": 0.05333, "loss": 0.11503, "acc": 1.0, "mean_diffs": 6.56042}
[2026-05-09 16:38:39,798 INFO][traineradasmoothlossprojlogit.py:319 - log_epoch_info] - Train Epoch[254]	{"samples": 44928, "lr": 0.001, "loss": 0.13507, "acc": 0.99875, "acc_5": 1.0, "macc": 0.99875, "mean_diffs": 6.42754, "max_diffs": 6.76311, "margin": 5.89223}
[2026-05-09 16:38:41,083 INFO][traineradasmoothlossprojlogit.py:333 - log_eval_epoch_info] - Val Epoch[254]	{"samples": 5000, "loss": 0.28964, "acc": 0.949, "acc_5": 0.9982, "macc": 0.94883, "nll": 0.19288, "ece": 0.01861, "aece": 0.02629, "cece": 0.00575, "mean_diffs": 6.18025, "max_diffs": 6.52888, "margin": 5.49129}
[2026-05-09 16:38:41,083 INFO][traineradasmoothlossprojlogit.py:336 - log_eval_epoch_info] - 
+---------+---------+---------+---------+
| samples | acc     | acc_5   | macc    |
+---------+---------+---------+---------+
| 5000    | 0.94900 | 0.99820 | 0.94883 |
+---------+---------+---------+---------+
[2026-05-09 16:38:41,084 INFO][traineradasmoothlossprojlogit.py:337 - log_eval_epoch_info] - 
+---------+---------+---------+---------+---------+
| samples | nll     | ece     | aece    | cece    |
+---------+---------+---------+---------+---------+
| 5000    | 0.19288 | 0.01861 | 0.02629 | 0.00575 |
+---------+---------+---------+---------+---------+
[2026-05-09 16:38:41,307 INFO][traineradasmoothlossprojlogit.py:605 - train] - Epoch[254]	Best acc on Val : 0.9494 at epoch 253
[2026-05-09 16:38:41,308 INFO][traineradasmoothlossprojlogit.py:572 - train] - ====================
[2026-05-09 16:38:41,308 INFO][traineradasmoothlossprojlogit.py:573 - train] -  Start epoch 255
[2026-05-09 16:38:41,308 INFO][traineradasmoothlossprojlogit.py:574 - train] - ====================
[2026-05-09 16:38:47,487 INFO][traineradasmoothlossprojlogit.py:300 - log_iter_info] - Train Iter[100/351][255]	{"data_time": 0.0004, "batch_time": 0.05304, "loss": 0.1424, "acc": 1.0, "mean_diffs": 6.40175}
[2026-05-09 16:38:52,778 INFO][traineradasmoothlossprojlogit.py:300 - log_iter_info] - Train Iter[200/351][255]	{"data_time": 0.00027, "batch_time": 0.05291, "loss": 0.14221, "acc": 0.99219, "mean_diffs": 6.31882}
[2026-05-09 16:38:58,078 INFO][traineradasmoothlossprojlogit.py:300 - log_iter_info] - Train Iter[300/351][255]	{"data_time": 0.00023, "batch_time": 0.05299, "loss": 0.13244, "acc": 1.0, "mean_diffs": 6.37102}
[2026-05-09 16:39:00,904 INFO][traineradasmoothlossprojlogit.py:319 - log_epoch_info] - Train Epoch[255]	{"samples": 44928, "lr": 0.001, "loss": 0.13484, "acc": 0.99911, "acc_5": 1.0, "macc": 0.99911, "mean_diffs": 6.41528, "max_diffs": 6.74364, "margin": 5.89952}
[2026-05-09 16:39:02,169 INFO][traineradasmoothlossprojlogit.py:333 - log_eval_epoch_info] - Val Epoch[255]	{"samples": 5000, "loss": 0.27919, "acc": 0.9502, "acc_5": 0.9976, "macc": 0.95029, "nll": 0.19519, "ece": 0.01633, "aece": 0.02509, "cece": 0.00587, "mean_diffs": 6.16675, "max_diffs": 6.49381, "margin": 5.50393}
[2026-05-09 16:39:02,169 INFO][traineradasmoothlossprojlogit.py:336 - log_eval_epoch_info] - 
+---------+---------+---------+---------+
| samples | acc     | acc_5   | macc    |
+---------+---------+---------+---------+
| 5000    | 0.95020 | 0.99760 | 0.95029 |
+---------+---------+---------+---------+
[2026-05-09 16:39:02,169 INFO][traineradasmoothlossprojlogit.py:337 - log_eval_epoch_info] - 
+---------+---------+---------+---------+---------+
| samples | nll     | ece     | aece    | cece    |
+---------+---------+---------+---------+---------+
| 5000    | 0.19519 | 0.01633 | 0.02509 | 0.00587 |
+---------+---------+---------+---------+---------+
[2026-05-09 16:39:02,598 INFO][traineradasmoothlossprojlogit.py:605 - train] - Epoch[255]	Best acc on Val : 0.9502 at epoch 255
[2026-05-09 16:39:02,598 INFO][traineradasmoothlossprojlogit.py:572 - train] - ====================
[2026-05-09 16:39:02,598 INFO][traineradasmoothlossprojlogit.py:573 - train] -  Start epoch 256
[2026-05-09 16:39:02,598 INFO][traineradasmoothlossprojlogit.py:574 - train] - ====================
[2026-05-09 16:39:08,486 INFO][traineradasmoothlossprojlogit.py:300 - log_iter_info] - Train Iter[100/351][256]	{"data_time": 0.0002, "batch_time": 0.05299, "loss": 0.14527, "acc": 1.0, "mean_diffs": 6.49828}
[2026-05-09 16:39:13,782 INFO][traineradasmoothlossprojlogit.py:300 - log_iter_info] - Train Iter[200/351][256]	{"data_time": 0.00024, "batch_time": 0.05346, "loss": 0.11646, "acc": 1.0, "mean_diffs": 6.49059}
[2026-05-09 16:39:19,078 INFO][traineradasmoothlossprojlogit.py:300 - log_iter_info] - Train Iter[300/351][256]	{"data_time": 0.00019, "batch_time": 0.05287, "loss": 0.14587, "acc": 1.0, "mean_diffs": 6.47687}
[2026-05-09 16:39:21,890 INFO][traineradasmoothlossprojlogit.py:319 - log_epoch_info] - Train Epoch[256]	{"samples": 44928, "lr": 0.001, "loss": 0.13392, "acc": 0.99933, "acc_5": 1.0, "macc": 0.99933, "mean_diffs": 6.4209, "max_diffs": 6.74458, "margin": 5.91925}
[2026-05-09 16:39:23,161 INFO][traineradasmoothlossprojlogit.py:333 - log_eval_epoch_info] - Val Epoch[256]	{"samples": 5000, "loss": 0.30476, "acc": 0.9478, "acc_5": 0.9976, "macc": 0.94775, "nll": 0.19506, "ece": 0.01763, "aece": 0.02847, "cece": 0.00548, "mean_diffs": 6.15949, "max_diffs": 6.48881, "margin": 5.51035}
[2026-05-09 16:39:23,161 INFO][traineradasmoothlossprojlogit.py:336 - log_eval_epoch_info] - 
+---------+---------+---------+---------+
| samples | acc     | acc_5   | macc    |
+---------+---------+---------+---------+
| 5000    | 0.94780 | 0.99760 | 0.94775 |
+---------+---------+---------+---------+
[2026-05-09 16:39:23,161 INFO][traineradasmoothlossprojlogit.py:337 - log_eval_epoch_info] - 
+---------+---------+---------+---------+---------+
| samples | nll     | ece     | aece    | cece    |
+---------+---------+---------+---------+---------+
| 5000    | 0.19506 | 0.01763 | 0.02847 | 0.00548 |
+---------+---------+---------+---------+---------+
[2026-05-09 16:39:23,379 INFO][traineradasmoothlossprojlogit.py:605 - train] - Epoch[256]	Best acc on Val : 0.9502 at epoch 255
[2026-05-09 16:39:23,379 INFO][traineradasmoothlossprojlogit.py:572 - train] - ====================
[2026-05-09 16:39:23,380 INFO][traineradasmoothlossprojlogit.py:573 - train] -  Start epoch 257
[2026-05-09 16:39:23,380 INFO][traineradasmoothlossprojlogit.py:574 - train] - ====================
[2026-05-09 16:39:29,274 INFO][traineradasmoothlossprojlogit.py:300 - log_iter_info] - Train Iter[100/351][257]	{"data_time": 0.00021, "batch_time": 0.05382, "loss": 0.12674, "acc": 1.0, "mean_diffs": 6.4407}
[2026-05-09 16:39:34,574 INFO][traineradasmoothlossprojlogit.py:300 - log_iter_info] - Train Iter[200/351][257]	{"data_time": 0.00025, "batch_time": 0.05304, "loss": 0.14303, "acc": 1.0, "mean_diffs": 6.40695}
[2026-05-09 16:39:39,873 INFO][traineradasmoothlossprojlogit.py:300 - log_iter_info] - Train Iter[300/351][257]	{"data_time": 0.00024, "batch_time": 0.05312, "loss": 0.15723, "acc": 1.0, "mean_diffs": 6.29909}
[2026-05-09 16:39:42,678 INFO][traineradasmoothlossprojlogit.py:319 - log_epoch_info] - Train Epoch[257]	{"samples": 44928, "lr": 0.001, "loss": 0.13363, "acc": 0.99951, "acc_5": 1.0, "macc": 0.99951, "mean_diffs": 6.41823, "max_diffs": 6.73762, "margin": 5.93577}
[2026-05-09 16:39:43,949 INFO][traineradasmoothlossprojlogit.py:333 - log_eval_epoch_info] - Val Epoch[257]	{"samples": 5000, "loss": 0.27536, "acc": 0.9496, "acc_5": 0.9976, "macc": 0.94951, "nll": 0.19439, "ece": 0.01686, "aece": 0.02598, "cece": 0.00564, "mean_diffs": 6.13918, "max_diffs": 6.45287, "margin": 5.51584}
[2026-05-09 16:39:43,950 INFO][traineradasmoothlossprojlogit.py:336 - log_eval_epoch_info] - 
+---------+---------+---------+---------+
| samples | acc     | acc_5   | macc    |
+---------+---------+---------+---------+
| 5000    | 0.94960 | 0.99760 | 0.94951 |
+---------+---------+---------+---------+
[2026-05-09 16:39:43,950 INFO][traineradasmoothlossprojlogit.py:337 - log_eval_epoch_info] - 
+---------+---------+---------+---------+---------+
| samples | nll     | ece     | aece    | cece    |
+---------+---------+---------+---------+---------+
| 5000    | 0.19439 | 0.01686 | 0.02598 | 0.00564 |
+---------+---------+---------+---------+---------+
[2026-05-09 16:39:44,174 INFO][traineradasmoothlossprojlogit.py:605 - train] - Epoch[257]	Best acc on Val : 0.9502 at epoch 255
[2026-05-09 16:39:44,174 INFO][traineradasmoothlossprojlogit.py:572 - train] - ====================
[2026-05-09 16:39:44,174 INFO][traineradasmoothlossprojlogit.py:573 - train] -  Start epoch 258
[2026-05-09 16:39:44,174 INFO][traineradasmoothlossprojlogit.py:574 - train] - ====================
[2026-05-09 16:39:50,116 INFO][traineradasmoothlossprojlogit.py:300 - log_iter_info] - Train Iter[100/351][258]	{"data_time": 0.00021, "batch_time": 0.05496, "loss": 0.14102, "acc": 1.0, "mean_diffs": 6.37938}
[2026-05-09 16:39:55,419 INFO][traineradasmoothlossprojlogit.py:300 - log_iter_info] - Train Iter[200/351][258]	{"data_time": 0.00026, "batch_time": 0.05307, "loss": 0.1542, "acc": 1.0, "mean_diffs": 6.49548}
[2026-05-09 16:40:00,721 INFO][traineradasmoothlossprojlogit.py:300 - log_iter_info] - Train Iter[300/351][258]	{"data_time": 0.00019, "batch_time": 0.05293, "loss": 0.14467, "acc": 1.0, "mean_diffs": 6.22863}
[2026-05-09 16:40:03,547 INFO][traineradasmoothlossprojlogit.py:319 - log_epoch_info] - Train Epoch[258]	{"samples": 44928, "lr": 0.001, "loss": 0.13451, "acc": 0.99942, "acc_5": 1.0, "macc": 0.99942, "mean_diffs": 6.41267, "max_diffs": 6.7279, "margin": 5.93392}
[2026-05-09 16:40:04,823 INFO][traineradasmoothlossprojlogit.py:333 - log_eval_epoch_info] - Val Epoch[258]	{"samples": 5000, "loss": 0.28496, "acc": 0.9508, "acc_5": 0.9982, "macc": 0.95071, "nll": 0.19407, "ece": 0.01656, "aece": 0.02642, "cece": 0.00573, "mean_diffs": 6.14915, "max_diffs": 6.47024, "margin": 5.5182}
[2026-05-09 16:40:04,823 INFO][traineradasmoothlossprojlogit.py:336 - log_eval_epoch_info] - 
+---------+---------+---------+---------+
| samples | acc     | acc_5   | macc    |
+---------+---------+---------+---------+
| 5000    | 0.95080 | 0.99820 | 0.95071 |
+---------+---------+---------+---------+
[2026-05-09 16:40:04,824 INFO][traineradasmoothlossprojlogit.py:337 - log_eval_epoch_info] - 
+---------+---------+---------+---------+---------+
| samples | nll     | ece     | aece    | cece    |
+---------+---------+---------+---------+---------+
| 5000    | 0.19407 | 0.01656 | 0.02642 | 0.00573 |
+---------+---------+---------+---------+---------+
[2026-05-09 16:40:05,251 INFO][traineradasmoothlossprojlogit.py:605 - train] - Epoch[258]	Best acc on Val : 0.9508 at epoch 258
[2026-05-09 16:40:05,251 INFO][traineradasmoothlossprojlogit.py:572 - train] - ====================
[2026-05-09 16:40:05,251 INFO][traineradasmoothlossprojlogit.py:573 - train] -  Start epoch 259
[2026-05-09 16:40:05,251 INFO][traineradasmoothlossprojlogit.py:574 - train] - ====================
[2026-05-09 16:40:11,428 INFO][traineradasmoothlossprojlogit.py:300 - log_iter_info] - Train Iter[100/351][259]	{"data_time": 0.00027, "batch_time": 0.05352, "loss": 0.13994, "acc": 1.0, "mean_diffs": 6.39111}
[2026-05-09 16:40:16,737 INFO][traineradasmoothlossprojlogit.py:300 - log_iter_info] - Train Iter[200/351][259]	{"data_time": 0.00042, "batch_time": 0.05303, "loss": 0.12783, "acc": 1.0, "mean_diffs": 6.48321}
[2026-05-09 16:40:22,036 INFO][traineradasmoothlossprojlogit.py:300 - log_iter_info] - Train Iter[300/351][259]	{"data_time": 0.00018, "batch_time": 0.05277, "loss": 0.16108, "acc": 1.0, "mean_diffs": 6.32324}
[2026-05-09 16:40:24,842 INFO][traineradasmoothlossprojlogit.py:319 - log_epoch_info] - Train Epoch[259]	{"samples": 44928, "lr": 0.001, "loss": 0.13424, "acc": 0.99918, "acc_5": 1.0, "macc": 0.99918, "mean_diffs": 6.41166, "max_diffs": 6.72597, "margin": 5.93902}
[2026-05-09 16:40:26,125 INFO][traineradasmoothlossprojlogit.py:333 - log_eval_epoch_info] - Val Epoch[259]	{"samples": 5000, "loss": 0.30032, "acc": 0.9506, "acc_5": 0.9976, "macc": 0.95051, "nll": 0.19496, "ece": 0.01591, "aece": 0.02518, "cece": 0.00551, "mean_diffs": 6.12588, "max_diffs": 6.44947, "margin": 5.51701}
[2026-05-09 16:40:26,126 INFO][traineradasmoothlossprojlogit.py:336 - log_eval_epoch_info] - 
+---------+---------+---------+---------+
| samples | acc     | acc_5   | macc    |
+---------+---------+---------+---------+
| 5000    | 0.95060 | 0.99760 | 0.95051 |
+---------+---------+---------+---------+
[2026-05-09 16:40:26,126 INFO][traineradasmoothlossprojlogit.py:337 - log_eval_epoch_info] - 
+---------+---------+---------+---------+---------+
| samples | nll     | ece     | aece    | cece    |
+---------+---------+---------+---------+---------+
| 5000    | 0.19496 | 0.01591 | 0.02518 | 0.00551 |
+---------+---------+---------+---------+---------+
[2026-05-09 16:40:26,347 INFO][traineradasmoothlossprojlogit.py:605 - train] - Epoch[259]	Best acc on Val : 0.9508 at epoch 258
[2026-05-09 16:40:26,348 INFO][traineradasmoothlossprojlogit.py:572 - train] - ====================
[2026-05-09 16:40:26,348 INFO][traineradasmoothlossprojlogit.py:573 - train] -  Start epoch 260
[2026-05-09 16:40:26,348 INFO][traineradasmoothlossprojlogit.py:574 - train] - ====================
[2026-05-09 16:40:32,242 INFO][traineradasmoothlossprojlogit.py:300 - log_iter_info] - Train Iter[100/351][260]	{"data_time": 0.00021, "batch_time": 0.05278, "loss": 0.12053, "acc": 1.0, "mean_diffs": 6.53745}
[2026-05-09 16:40:37,547 INFO][traineradasmoothlossprojlogit.py:300 - log_iter_info] - Train Iter[200/351][260]	{"data_time": 0.00027, "batch_time": 0.05302, "loss": 0.14511, "acc": 1.0, "mean_diffs": 6.41054}
[2026-05-09 16:40:42,844 INFO][traineradasmoothlossprojlogit.py:300 - log_iter_info] - Train Iter[300/351][260]	{"data_time": 0.0002, "batch_time": 0.05291, "loss": 0.14041, "acc": 1.0, "mean_diffs": 6.44404}
[2026-05-09 16:40:45,647 INFO][traineradasmoothlossprojlogit.py:319 - log_epoch_info] - Train Epoch[260]	{"samples": 44928, "lr": 0.001, "loss": 0.13401, "acc": 0.99958, "acc_5": 1.0, "macc": 0.99958, "mean_diffs": 6.41294, "max_diffs": 6.72245, "margin": 5.94722}
[2026-05-09 16:40:46,919 INFO][traineradasmoothlossprojlogit.py:333 - log_eval_epoch_info] - Val Epoch[260]	{"samples": 5000, "loss": 0.29082, "acc": 0.951, "acc_5": 0.9978, "macc": 0.95093, "nll": 0.19594, "ece": 0.01626, "aece": 0.02648, "cece": 0.00578, "mean_diffs": 6.13665, "max_diffs": 6.44611, "margin": 5.52926}
[2026-05-09 16:40:46,919 INFO][traineradasmoothlossprojlogit.py:336 - log_eval_epoch_info] - 
+---------+---------+---------+---------+
| samples | acc     | acc_5   | macc    |
+---------+---------+---------+---------+
| 5000    | 0.95100 | 0.99780 | 0.95093 |
+---------+---------+---------+---------+
[2026-05-09 16:40:46,919 INFO][traineradasmoothlossprojlogit.py:337 - log_eval_epoch_info] - 
+---------+---------+---------+---------+---------+
| samples | nll     | ece     | aece    | cece    |
+---------+---------+---------+---------+---------+
| 5000    | 0.19594 | 0.01626 | 0.02648 | 0.00578 |
+---------+---------+---------+---------+---------+
[2026-05-09 16:40:47,347 INFO][traineradasmoothlossprojlogit.py:605 - train] - Epoch[260]	Best acc on Val : 0.9510 at epoch 260
[2026-05-09 16:40:47,347 INFO][traineradasmoothlossprojlogit.py:572 - train] - ====================
[2026-05-09 16:40:47,347 INFO][traineradasmoothlossprojlogit.py:573 - train] -  Start epoch 261
[2026-05-09 16:40:47,347 INFO][traineradasmoothlossprojlogit.py:574 - train] - ====================
[2026-05-09 16:40:53,238 INFO][traineradasmoothlossprojlogit.py:300 - log_iter_info] - Train Iter[100/351][261]	{"data_time": 0.00031, "batch_time": 0.05402, "loss": 0.11608, "acc": 1.0, "mean_diffs": 6.38783}
[2026-05-09 16:40:58,551 INFO][traineradasmoothlossprojlogit.py:300 - log_iter_info] - Train Iter[200/351][261]	{"data_time": 0.00019, "batch_time": 0.05301, "loss": 0.12045, "acc": 1.0, "mean_diffs": 6.45329}
[2026-05-09 16:41:03,856 INFO][traineradasmoothlossprojlogit.py:300 - log_iter_info] - Train Iter[300/351][261]	{"data_time": 0.00019, "batch_time": 0.05283, "loss": 0.11234, "acc": 1.0, "mean_diffs": 6.35558}
[2026-05-09 16:41:06,654 INFO][traineradasmoothlossprojlogit.py:319 - log_epoch_info] - Train Epoch[261]	{"samples": 44928, "lr": 0.001, "loss": 0.13374, "acc": 0.99973, "acc_5": 1.0, "macc": 0.99973, "mean_diffs": 6.40942, "max_diffs": 6.7204, "margin": 5.95235}
[2026-05-09 16:41:07,948 INFO][traineradasmoothlossprojlogit.py:333 - log_eval_epoch_info] - Val Epoch[261]	{"samples": 5000, "loss": 0.29453, "acc": 0.9524, "acc_5": 0.9972, "macc": 0.95222, "nll": 0.19463, "ece": 0.01656, "aece": 0.02347, "cece": 0.00566, "mean_diffs": 6.09251, "max_diffs": 6.39501, "margin": 5.51339}
[2026-05-09 16:41:07,948 INFO][traineradasmoothlossprojlogit.py:336 - log_eval_epoch_info] - 
+---------+---------+---------+---------+
| samples | acc     | acc_5   | macc    |
+---------+---------+---------+---------+
| 5000    | 0.95240 | 0.99720 | 0.95222 |
+---------+---------+---------+---------+
[2026-05-09 16:41:07,948 INFO][traineradasmoothlossprojlogit.py:337 - log_eval_epoch_info] - 
+---------+---------+---------+---------+---------+
| samples | nll     | ece     | aece    | cece    |
+---------+---------+---------+---------+---------+
| 5000    | 0.19463 | 0.01656 | 0.02347 | 0.00566 |
+---------+---------+---------+---------+---------+
[2026-05-09 16:41:08,374 INFO][traineradasmoothlossprojlogit.py:605 - train] - Epoch[261]	Best acc on Val : 0.9524 at epoch 261
[2026-05-09 16:41:08,375 INFO][traineradasmoothlossprojlogit.py:572 - train] - ====================
[2026-05-09 16:41:08,375 INFO][traineradasmoothlossprojlogit.py:573 - train] -  Start epoch 262
[2026-05-09 16:41:08,375 INFO][traineradasmoothlossprojlogit.py:574 - train] - ====================
[2026-05-09 16:41:14,334 INFO][traineradasmoothlossprojlogit.py:300 - log_iter_info] - Train Iter[100/351][262]	{"data_time": 0.00026, "batch_time": 0.05253, "loss": 0.16897, "acc": 1.0, "mean_diffs": 6.38606}
[2026-05-09 16:41:19,647 INFO][traineradasmoothlossprojlogit.py:300 - log_iter_info] - Train Iter[200/351][262]	{"data_time": 0.00021, "batch_time": 0.0527, "loss": 0.14047, "acc": 1.0, "mean_diffs": 6.3869}
[2026-05-09 16:41:24,947 INFO][traineradasmoothlossprojlogit.py:300 - log_iter_info] - Train Iter[300/351][262]	{"data_time": 0.0002, "batch_time": 0.05297, "loss": 0.11995, "acc": 1.0, "mean_diffs": 6.46273}
[2026-05-09 16:41:27,757 INFO][traineradasmoothlossprojlogit.py:319 - log_epoch_info] - Train Epoch[262]	{"samples": 44928, "lr": 0.001, "loss": 0.13337, "acc": 0.99971, "acc_5": 1.0, "macc": 0.99971, "mean_diffs": 6.41134, "max_diffs": 6.71414, "margin": 5.96483}
[2026-05-09 16:41:29,034 INFO][traineradasmoothlossprojlogit.py:333 - log_eval_epoch_info] - Val Epoch[262]	{"samples": 5000, "loss": 0.27659, "acc": 0.9522, "acc_5": 0.9978, "macc": 0.95204, "nll": 0.19288, "ece": 0.01691, "aece": 0.02544, "cece": 0.00565, "mean_diffs": 6.10646, "max_diffs": 6.40967, "margin": 5.5369}
[2026-05-09 16:41:29,034 INFO][traineradasmoothlossprojlogit.py:336 - log_eval_epoch_info] - 
+---------+---------+---------+---------+
| samples | acc     | acc_5   | macc    |
+---------+---------+---------+---------+
| 5000    | 0.95220 | 0.99780 | 0.95204 |
+---------+---------+---------+---------+
[2026-05-09 16:41:29,034 INFO][traineradasmoothlossprojlogit.py:337 - log_eval_epoch_info] - 
+---------+---------+---------+---------+---------+
| samples | nll     | ece     | aece    | cece    |
+---------+---------+---------+---------+---------+
| 5000    | 0.19288 | 0.01691 | 0.02544 | 0.00565 |
+---------+---------+---------+---------+---------+
[2026-05-09 16:41:29,263 INFO][traineradasmoothlossprojlogit.py:605 - train] - Epoch[262]	Best acc on Val : 0.9524 at epoch 261
[2026-05-09 16:41:29,264 INFO][traineradasmoothlossprojlogit.py:572 - train] - ====================
[2026-05-09 16:41:29,264 INFO][traineradasmoothlossprojlogit.py:573 - train] -  Start epoch 263
[2026-05-09 16:41:29,264 INFO][traineradasmoothlossprojlogit.py:574 - train] - ====================
[2026-05-09 16:41:35,466 INFO][traineradasmoothlossprojlogit.py:300 - log_iter_info] - Train Iter[100/351][263]	{"data_time": 0.00019, "batch_time": 0.05241, "loss": 0.10846, "acc": 1.0, "mean_diffs": 6.43715}
[2026-05-09 16:41:40,779 INFO][traineradasmoothlossprojlogit.py:300 - log_iter_info] - Train Iter[200/351][263]	{"data_time": 0.00022, "batch_time": 0.05277, "loss": 0.111, "acc": 1.0, "mean_diffs": 6.44081}
[2026-05-09 16:41:46,097 INFO][traineradasmoothlossprojlogit.py:300 - log_iter_info] - Train Iter[300/351][263]	{"data_time": 0.0002, "batch_time": 0.05318, "loss": 0.12748, "acc": 1.0, "mean_diffs": 6.47093}
[2026-05-09 16:41:48,909 INFO][traineradasmoothlossprojlogit.py:319 - log_epoch_info] - Train Epoch[263]	{"samples": 44928, "lr": 0.001, "loss": 0.13333, "acc": 0.99969, "acc_5": 1.0, "macc": 0.99969, "mean_diffs": 6.41464, "max_diffs": 6.71759, "margin": 5.9692}
[2026-05-09 16:41:50,190 INFO][traineradasmoothlossprojlogit.py:333 - log_eval_epoch_info] - Val Epoch[263]	{"samples": 5000, "loss": 0.27224, "acc": 0.9504, "acc_5": 0.9978, "macc": 0.95025, "nll": 0.19224, "ece": 0.01943, "aece": 0.02866, "cece": 0.00575, "mean_diffs": 6.12511, "max_diffs": 6.41356, "margin": 5.55334}
[2026-05-09 16:41:50,190 INFO][traineradasmoothlossprojlogit.py:336 - log_eval_epoch_info] - 
+---------+---------+---------+---------+
| samples | acc     | acc_5   | macc    |
+---------+---------+---------+---------+
| 5000    | 0.95040 | 0.99780 | 0.95025 |
+---------+---------+---------+---------+
[2026-05-09 16:41:50,191 INFO][traineradasmoothlossprojlogit.py:337 - log_eval_epoch_info] - 
+---------+---------+---------+---------+---------+
| samples | nll     | ece     | aece    | cece    |
+---------+---------+---------+---------+---------+
| 5000    | 0.19224 | 0.01943 | 0.02866 | 0.00575 |
+---------+---------+---------+---------+---------+
[2026-05-09 16:41:50,410 INFO][traineradasmoothlossprojlogit.py:605 - train] - Epoch[263]	Best acc on Val : 0.9524 at epoch 261
[2026-05-09 16:41:50,410 INFO][traineradasmoothlossprojlogit.py:572 - train] - ====================
[2026-05-09 16:41:50,410 INFO][traineradasmoothlossprojlogit.py:573 - train] -  Start epoch 264
[2026-05-09 16:41:50,410 INFO][traineradasmoothlossprojlogit.py:574 - train] - ====================
[2026-05-09 16:41:56,316 INFO][traineradasmoothlossprojlogit.py:300 - log_iter_info] - Train Iter[100/351][264]	{"data_time": 0.0002, "batch_time": 0.05386, "loss": 0.11857, "acc": 1.0, "mean_diffs": 6.4087}
[2026-05-09 16:42:01,623 INFO][traineradasmoothlossprojlogit.py:300 - log_iter_info] - Train Iter[200/351][264]	{"data_time": 0.00027, "batch_time": 0.05291, "loss": 0.17709, "acc": 1.0, "mean_diffs": 6.17158}
[2026-05-09 16:42:06,931 INFO][traineradasmoothlossprojlogit.py:300 - log_iter_info] - Train Iter[300/351][264]	{"data_time": 0.00025, "batch_time": 0.05309, "loss": 0.12171, "acc": 1.0, "mean_diffs": 6.49117}
[2026-05-09 16:42:09,728 INFO][traineradasmoothlossprojlogit.py:319 - log_epoch_info] - Train Epoch[264]	{"samples": 44928, "lr": 0.001, "loss": 0.13343, "acc": 0.99971, "acc_5": 1.0, "macc": 0.99971, "mean_diffs": 6.41218, "max_diffs": 6.70929, "margin": 5.97654}
[2026-05-09 16:42:10,995 INFO][traineradasmoothlossprojlogit.py:333 - log_eval_epoch_info] - Val Epoch[264]	{"samples": 5000, "loss": 0.28459, "acc": 0.9498, "acc_5": 0.9982, "macc": 0.94971, "nll": 0.19712, "ece": 0.01975, "aece": 0.03061, "cece": 0.00597, "mean_diffs": 6.15906, "max_diffs": 6.45022, "margin": 5.56546}
[2026-05-09 16:42:10,995 INFO][traineradasmoothlossprojlogit.py:336 - log_eval_epoch_info] - 
+---------+---------+---------+---------+
| samples | acc     | acc_5   | macc    |
+---------+---------+---------+---------+
| 5000    | 0.94980 | 0.99820 | 0.94971 |
+---------+---------+---------+---------+
[2026-05-09 16:42:10,995 INFO][traineradasmoothlossprojlogit.py:337 - log_eval_epoch_info] - 
+---------+---------+---------+---------+---------+
| samples | nll     | ece     | aece    | cece    |
+---------+---------+---------+---------+---------+
| 5000    | 0.19712 | 0.01975 | 0.03061 | 0.00597 |
+---------+---------+---------+---------+---------+
[2026-05-09 16:42:11,216 INFO][traineradasmoothlossprojlogit.py:605 - train] - Epoch[264]	Best acc on Val : 0.9524 at epoch 261
[2026-05-09 16:42:11,216 INFO][traineradasmoothlossprojlogit.py:572 - train] - ====================
[2026-05-09 16:42:11,216 INFO][traineradasmoothlossprojlogit.py:573 - train] -  Start epoch 265
[2026-05-09 16:42:11,216 INFO][traineradasmoothlossprojlogit.py:574 - train] - ====================
[2026-05-09 16:42:17,134 INFO][traineradasmoothlossprojlogit.py:300 - log_iter_info] - Train Iter[100/351][265]	{"data_time": 0.00021, "batch_time": 0.05299, "loss": 0.12611, "acc": 1.0, "mean_diffs": 6.4734}
[2026-05-09 16:42:22,436 INFO][traineradasmoothlossprojlogit.py:300 - log_iter_info] - Train Iter[200/351][265]	{"data_time": 0.00025, "batch_time": 0.05348, "loss": 0.12112, "acc": 1.0, "mean_diffs": 6.35186}
[2026-05-09 16:42:27,731 INFO][traineradasmoothlossprojlogit.py:300 - log_iter_info] - Train Iter[300/351][265]	{"data_time": 0.00019, "batch_time": 0.05302, "loss": 0.20728, "acc": 1.0, "mean_diffs": 6.29798}
[2026-05-09 16:42:30,536 INFO][traineradasmoothlossprojlogit.py:319 - log_epoch_info] - Train Epoch[265]	{"samples": 44928, "lr": 0.001, "loss": 0.13345, "acc": 0.9998, "acc_5": 1.0, "macc": 0.9998, "mean_diffs": 6.41163, "max_diffs": 6.70647, "margin": 5.98138}
[2026-05-09 16:42:31,802 INFO][traineradasmoothlossprojlogit.py:333 - log_eval_epoch_info] - Val Epoch[265]	{"samples": 5000, "loss": 0.2784, "acc": 0.952, "acc_5": 0.9978, "macc": 0.95182, "nll": 0.19329, "ece": 0.01868, "aece": 0.02541, "cece": 0.00584, "mean_diffs": 6.10277, "max_diffs": 6.39587, "margin": 5.54468}
[2026-05-09 16:42:31,802 INFO][traineradasmoothlossprojlogit.py:336 - log_eval_epoch_info] - 
+---------+---------+---------+---------+
| samples | acc     | acc_5   | macc    |
+---------+---------+---------+---------+
| 5000    | 0.95200 | 0.99780 | 0.95182 |
+---------+---------+---------+---------+
[2026-05-09 16:42:31,802 INFO][traineradasmoothlossprojlogit.py:337 - log_eval_epoch_info] - 
+---------+---------+---------+---------+---------+
| samples | nll     | ece     | aece    | cece    |
+---------+---------+---------+---------+---------+
| 5000    | 0.19329 | 0.01868 | 0.02541 | 0.00584 |
+---------+---------+---------+---------+---------+
[2026-05-09 16:42:32,023 INFO][traineradasmoothlossprojlogit.py:605 - train] - Epoch[265]	Best acc on Val : 0.9524 at epoch 261
[2026-05-09 16:42:32,023 INFO][traineradasmoothlossprojlogit.py:572 - train] - ====================
[2026-05-09 16:42:32,023 INFO][traineradasmoothlossprojlogit.py:573 - train] -  Start epoch 266
[2026-05-09 16:42:32,023 INFO][traineradasmoothlossprojlogit.py:574 - train] - ====================
[2026-05-09 16:42:37,905 INFO][traineradasmoothlossprojlogit.py:300 - log_iter_info] - Train Iter[100/351][266]	{"data_time": 0.00022, "batch_time": 0.05325, "loss": 0.11961, "acc": 1.0, "mean_diffs": 6.35905}
[2026-05-09 16:42:43,218 INFO][traineradasmoothlossprojlogit.py:300 - log_iter_info] - Train Iter[200/351][266]	{"data_time": 0.0002, "batch_time": 0.0528, "loss": 0.12797, "acc": 1.0, "mean_diffs": 6.39239}
[2026-05-09 16:42:48,515 INFO][traineradasmoothlossprojlogit.py:300 - log_iter_info] - Train Iter[300/351][266]	{"data_time": 0.00024, "batch_time": 0.05295, "loss": 0.10489, "acc": 1.0, "mean_diffs": 6.4156}
[2026-05-09 16:42:51,320 INFO][traineradasmoothlossprojlogit.py:319 - log_epoch_info] - Train Epoch[266]	{"samples": 44928, "lr": 0.001, "loss": 0.13297, "acc": 0.99976, "acc_5": 1.0, "macc": 0.99975, "mean_diffs": 6.41359, "max_diffs": 6.70526, "margin": 5.99312}
[2026-05-09 16:42:52,590 INFO][traineradasmoothlossprojlogit.py:333 - log_eval_epoch_info] - Val Epoch[266]	{"samples": 5000, "loss": 0.29088, "acc": 0.9522, "acc_5": 0.9978, "macc": 0.95212, "nll": 0.19955, "ece": 0.01586, "aece": 0.02622, "cece": 0.00604, "mean_diffs": 6.15305, "max_diffs": 6.45036, "margin": 5.58183}
[2026-05-09 16:42:52,591 INFO][traineradasmoothlossprojlogit.py:336 - log_eval_epoch_info] - 
+---------+---------+---------+---------+
| samples | acc     | acc_5   | macc    |
+---------+---------+---------+---------+
| 5000    | 0.95220 | 0.99780 | 0.95212 |
+---------+---------+---------+---------+
[2026-05-09 16:42:52,591 INFO][traineradasmoothlossprojlogit.py:337 - log_eval_epoch_info] - 
+---------+---------+---------+---------+---------+
| samples | nll     | ece     | aece    | cece    |
+---------+---------+---------+---------+---------+
| 5000    | 0.19955 | 0.01586 | 0.02622 | 0.00604 |
+---------+---------+---------+---------+---------+
[2026-05-09 16:42:52,811 INFO][traineradasmoothlossprojlogit.py:605 - train] - Epoch[266]	Best acc on Val : 0.9524 at epoch 261
[2026-05-09 16:42:52,811 INFO][traineradasmoothlossprojlogit.py:572 - train] - ====================
[2026-05-09 16:42:52,811 INFO][traineradasmoothlossprojlogit.py:573 - train] -  Start epoch 267
[2026-05-09 16:42:52,811 INFO][traineradasmoothlossprojlogit.py:574 - train] - ====================
[2026-05-09 16:42:58,966 INFO][traineradasmoothlossprojlogit.py:300 - log_iter_info] - Train Iter[100/351][267]	{"data_time": 0.00019, "batch_time": 0.05239, "loss": 0.10981, "acc": 1.0, "mean_diffs": 6.4738}
[2026-05-09 16:43:04,274 INFO][traineradasmoothlossprojlogit.py:300 - log_iter_info] - Train Iter[200/351][267]	{"data_time": 0.0002, "batch_time": 0.05282, "loss": 0.14992, "acc": 1.0, "mean_diffs": 6.38238}
[2026-05-09 16:43:09,567 INFO][traineradasmoothlossprojlogit.py:300 - log_iter_info] - Train Iter[300/351][267]	{"data_time": 0.00018, "batch_time": 0.05293, "loss": 0.15199, "acc": 1.0, "mean_diffs": 6.45598}
[2026-05-09 16:43:12,371 INFO][traineradasmoothlossprojlogit.py:319 - log_epoch_info] - Train Epoch[267]	{"samples": 44928, "lr": 0.001, "loss": 0.1327, "acc": 0.99987, "acc_5": 1.0, "macc": 0.99987, "mean_diffs": 6.41679, "max_diffs": 6.70717, "margin": 5.99728}
[2026-05-09 16:43:13,646 INFO][traineradasmoothlossprojlogit.py:333 - log_eval_epoch_info] - Val Epoch[267]	{"samples": 5000, "loss": 0.28062, "acc": 0.9512, "acc_5": 0.9982, "macc": 0.95115, "nll": 0.19319, "ece": 0.0177, "aece": 0.02926, "cece": 0.0056, "mean_diffs": 6.16252, "max_diffs": 6.44289, "margin": 5.60176}
[2026-05-09 16:43:13,646 INFO][traineradasmoothlossprojlogit.py:336 - log_eval_epoch_info] - 
+---------+---------+---------+---------+
| samples | acc     | acc_5   | macc    |
+---------+---------+---------+---------+
| 5000    | 0.95120 | 0.99820 | 0.95115 |
+---------+---------+---------+---------+
[2026-05-09 16:43:13,646 INFO][traineradasmoothlossprojlogit.py:337 - log_eval_epoch_info] - 
+---------+---------+---------+---------+---------+
| samples | nll     | ece     | aece    | cece    |
+---------+---------+---------+---------+---------+
| 5000    | 0.19319 | 0.01770 | 0.02926 | 0.00560 |
+---------+---------+---------+---------+---------+
[2026-05-09 16:43:13,871 INFO][traineradasmoothlossprojlogit.py:605 - train] - Epoch[267]	Best acc on Val : 0.9524 at epoch 261
[2026-05-09 16:43:13,871 INFO][traineradasmoothlossprojlogit.py:572 - train] - ====================
[2026-05-09 16:43:13,872 INFO][traineradasmoothlossprojlogit.py:573 - train] -  Start epoch 268
[2026-05-09 16:43:13,872 INFO][traineradasmoothlossprojlogit.py:574 - train] - ====================
[2026-05-09 16:43:19,764 INFO][traineradasmoothlossprojlogit.py:300 - log_iter_info] - Train Iter[100/351][268]	{"data_time": 0.00018, "batch_time": 0.05242, "loss": 0.15748, "acc": 1.0, "mean_diffs": 6.36876}
[2026-05-09 16:43:25,077 INFO][traineradasmoothlossprojlogit.py:300 - log_iter_info] - Train Iter[200/351][268]	{"data_time": 0.0002, "batch_time": 0.05302, "loss": 0.15925, "acc": 1.0, "mean_diffs": 6.30408}
[2026-05-09 16:43:30,372 INFO][traineradasmoothlossprojlogit.py:300 - log_iter_info] - Train Iter[300/351][268]	{"data_time": 0.00026, "batch_time": 0.05326, "loss": 0.11971, "acc": 1.0, "mean_diffs": 6.56677}
[2026-05-09 16:43:33,166 INFO][traineradasmoothlossprojlogit.py:319 - log_epoch_info] - Train Epoch[268]	{"samples": 44928, "lr": 0.001, "loss": 0.13291, "acc": 0.99976, "acc_5": 1.0, "macc": 0.99976, "mean_diffs": 6.42052, "max_diffs": 6.70665, "margin": 6.00614}
[2026-05-09 16:43:34,433 INFO][traineradasmoothlossprojlogit.py:333 - log_eval_epoch_info] - Val Epoch[268]	{"samples": 5000, "loss": 0.26526, "acc": 0.9524, "acc_5": 0.9982, "macc": 0.95232, "nll": 0.18967, "ece": 0.01613, "aece": 0.02554, "cece": 0.00545, "mean_diffs": 6.09362, "max_diffs": 6.37753, "margin": 5.55302}
[2026-05-09 16:43:34,433 INFO][traineradasmoothlossprojlogit.py:336 - log_eval_epoch_info] - 
+---------+---------+---------+---------+
| samples | acc     | acc_5   | macc    |
+---------+---------+---------+---------+
| 5000    | 0.95240 | 0.99820 | 0.95232 |
+---------+---------+---------+---------+
[2026-05-09 16:43:34,433 INFO][traineradasmoothlossprojlogit.py:337 - log_eval_epoch_info] - 
+---------+---------+---------+---------+---------+
| samples | nll     | ece     | aece    | cece    |
+---------+---------+---------+---------+---------+
| 5000    | 0.18967 | 0.01613 | 0.02554 | 0.00545 |
+---------+---------+---------+---------+---------+
[2026-05-09 16:43:34,654 INFO][traineradasmoothlossprojlogit.py:605 - train] - Epoch[268]	Best acc on Val : 0.9524 at epoch 261
[2026-05-09 16:43:34,654 INFO][traineradasmoothlossprojlogit.py:572 - train] - ====================
[2026-05-09 16:43:34,654 INFO][traineradasmoothlossprojlogit.py:573 - train] -  Start epoch 269
[2026-05-09 16:43:34,654 INFO][traineradasmoothlossprojlogit.py:574 - train] - ====================
[2026-05-09 16:43:40,554 INFO][traineradasmoothlossprojlogit.py:300 - log_iter_info] - Train Iter[100/351][269]	{"data_time": 0.00021, "batch_time": 0.05244, "loss": 0.128, "acc": 1.0, "mean_diffs": 6.43038}
[2026-05-09 16:43:45,862 INFO][traineradasmoothlossprojlogit.py:300 - log_iter_info] - Train Iter[200/351][269]	{"data_time": 0.00021, "batch_time": 0.05289, "loss": 0.12926, "acc": 1.0, "mean_diffs": 6.47209}
[2026-05-09 16:43:51,164 INFO][traineradasmoothlossprojlogit.py:300 - log_iter_info] - Train Iter[300/351][269]	{"data_time": 0.00036, "batch_time": 0.05308, "loss": 0.16405, "acc": 1.0, "mean_diffs": 6.29954}
[2026-05-09 16:43:53,962 INFO][traineradasmoothlossprojlogit.py:319 - log_epoch_info] - Train Epoch[269]	{"samples": 44928, "lr": 0.001, "loss": 0.13275, "acc": 0.99993, "acc_5": 1.0, "macc": 0.99993, "mean_diffs": 6.41837, "max_diffs": 6.70355, "margin": 6.00867}
[2026-05-09 16:43:55,223 INFO][traineradasmoothlossprojlogit.py:333 - log_eval_epoch_info] - Val Epoch[269]	{"samples": 5000, "loss": 0.30693, "acc": 0.9518, "acc_5": 0.9976, "macc": 0.9518, "nll": 0.19761, "ece": 0.01536, "aece": 0.02697, "cece": 0.00587, "mean_diffs": 6.16729, "max_diffs": 6.45426, "margin": 5.60909}
[2026-05-09 16:43:55,223 INFO][traineradasmoothlossprojlogit.py:336 - log_eval_epoch_info] - 
+---------+---------+---------+---------+
| samples | acc     | acc_5   | macc    |
+---------+---------+---------+---------+
| 5000    | 0.95180 | 0.99760 | 0.95180 |
+---------+---------+---------+---------+
[2026-05-09 16:43:55,223 INFO][traineradasmoothlossprojlogit.py:337 - log_eval_epoch_info] - 
+---------+---------+---------+---------+---------+
| samples | nll     | ece     | aece    | cece    |
+---------+---------+---------+---------+---------+
| 5000    | 0.19761 | 0.01536 | 0.02697 | 0.00587 |
+---------+---------+---------+---------+---------+
[2026-05-09 16:43:55,443 INFO][traineradasmoothlossprojlogit.py:605 - train] - Epoch[269]	Best acc on Val : 0.9524 at epoch 261
[2026-05-09 16:43:55,444 INFO][traineradasmoothlossprojlogit.py:572 - train] - ====================
[2026-05-09 16:43:55,444 INFO][traineradasmoothlossprojlogit.py:573 - train] -  Start epoch 270
[2026-05-09 16:43:55,444 INFO][traineradasmoothlossprojlogit.py:574 - train] - ====================
[2026-05-09 16:44:01,349 INFO][traineradasmoothlossprojlogit.py:300 - log_iter_info] - Train Iter[100/351][270]	{"data_time": 0.00024, "batch_time": 0.0527, "loss": 0.12279, "acc": 1.0, "mean_diffs": 6.46442}
[2026-05-09 16:44:06,664 INFO][traineradasmoothlossprojlogit.py:300 - log_iter_info] - Train Iter[200/351][270]	{"data_time": 0.00021, "batch_time": 0.05291, "loss": 0.11099, "acc": 1.0, "mean_diffs": 6.60556}
[2026-05-09 16:44:11,964 INFO][traineradasmoothlossprojlogit.py:300 - log_iter_info] - Train Iter[300/351][270]	{"data_time": 0.0002, "batch_time": 0.05321, "loss": 0.1536, "acc": 1.0, "mean_diffs": 6.35635}
[2026-05-09 16:44:14,769 INFO][traineradasmoothlossprojlogit.py:319 - log_epoch_info] - Train Epoch[270]	{"samples": 44928, "lr": 0.001, "loss": 0.13283, "acc": 0.99973, "acc_5": 1.0, "macc": 0.99973, "mean_diffs": 6.41758, "max_diffs": 6.70053, "margin": 6.01141}
[2026-05-09 16:44:16,034 INFO][traineradasmoothlossprojlogit.py:333 - log_eval_epoch_info] - Val Epoch[270]	{"samples": 5000, "loss": 0.28891, "acc": 0.9508, "acc_5": 0.9974, "macc": 0.95074, "nll": 0.197, "ece": 0.01601, "aece": 0.02792, "cece": 0.00597, "mean_diffs": 6.12436, "max_diffs": 6.39484, "margin": 5.58994}
[2026-05-09 16:44:16,034 INFO][traineradasmoothlossprojlogit.py:336 - log_eval_epoch_info] - 
+---------+---------+---------+---------+
| samples | acc     | acc_5   | macc    |
+---------+---------+---------+---------+
| 5000    | 0.95080 | 0.99740 | 0.95074 |
+---------+---------+---------+---------+
[2026-05-09 16:44:16,034 INFO][traineradasmoothlossprojlogit.py:337 - log_eval_epoch_info] - 
+---------+---------+---------+---------+---------+
| samples | nll     | ece     | aece    | cece    |
+---------+---------+---------+---------+---------+
| 5000    | 0.19700 | 0.01601 | 0.02792 | 0.00597 |
+---------+---------+---------+---------+---------+
[2026-05-09 16:44:16,252 INFO][traineradasmoothlossprojlogit.py:605 - train] - Epoch[270]	Best acc on Val : 0.9524 at epoch 261
[2026-05-09 16:44:16,252 INFO][traineradasmoothlossprojlogit.py:572 - train] - ====================
[2026-05-09 16:44:16,252 INFO][traineradasmoothlossprojlogit.py:573 - train] -  Start epoch 271
[2026-05-09 16:44:16,252 INFO][traineradasmoothlossprojlogit.py:574 - train] - ====================
[2026-05-09 16:44:22,412 INFO][traineradasmoothlossprojlogit.py:300 - log_iter_info] - Train Iter[100/351][271]	{"data_time": 0.00024, "batch_time": 0.05261, "loss": 0.13139, "acc": 1.0, "mean_diffs": 6.48325}
[2026-05-09 16:44:27,724 INFO][traineradasmoothlossprojlogit.py:300 - log_iter_info] - Train Iter[200/351][271]	{"data_time": 0.0002, "batch_time": 0.05296, "loss": 0.13901, "acc": 1.0, "mean_diffs": 6.32247}
[2026-05-09 16:44:33,026 INFO][traineradasmoothlossprojlogit.py:300 - log_iter_info] - Train Iter[300/351][271]	{"data_time": 0.00018, "batch_time": 0.05291, "loss": 0.1293, "acc": 1.0, "mean_diffs": 6.373}
[2026-05-09 16:44:35,830 INFO][traineradasmoothlossprojlogit.py:319 - log_epoch_info] - Train Epoch[271]	{"samples": 44928, "lr": 0.001, "loss": 0.13336, "acc": 0.99982, "acc_5": 1.0, "macc": 0.99982, "mean_diffs": 6.4108, "max_diffs": 6.69484, "margin": 6.00775}
[2026-05-09 16:44:37,110 INFO][traineradasmoothlossprojlogit.py:333 - log_eval_epoch_info] - Val Epoch[271]	{"samples": 5000, "loss": 0.26311, "acc": 0.9532, "acc_5": 0.998, "macc": 0.9531, "nll": 0.19013, "ece": 0.01549, "aece": 0.02548, "cece": 0.00559, "mean_diffs": 6.11827, "max_diffs": 6.39465, "margin": 5.59214}
[2026-05-09 16:44:37,111 INFO][traineradasmoothlossprojlogit.py:336 - log_eval_epoch_info] - 
+---------+---------+---------+---------+
| samples | acc     | acc_5   | macc    |
+---------+---------+---------+---------+
| 5000    | 0.95320 | 0.99800 | 0.95310 |
+---------+---------+---------+---------+
[2026-05-09 16:44:37,111 INFO][traineradasmoothlossprojlogit.py:337 - log_eval_epoch_info] - 
+---------+---------+---------+---------+---------+
| samples | nll     | ece     | aece    | cece    |
+---------+---------+---------+---------+---------+
| 5000    | 0.19013 | 0.01549 | 0.02548 | 0.00559 |
+---------+---------+---------+---------+---------+
[2026-05-09 16:44:37,538 INFO][traineradasmoothlossprojlogit.py:605 - train] - Epoch[271]	Best acc on Val : 0.9532 at epoch 271
[2026-05-09 16:44:37,538 INFO][traineradasmoothlossprojlogit.py:572 - train] - ====================
[2026-05-09 16:44:37,538 INFO][traineradasmoothlossprojlogit.py:573 - train] -  Start epoch 272
[2026-05-09 16:44:37,538 INFO][traineradasmoothlossprojlogit.py:574 - train] - ====================
[2026-05-09 16:44:43,431 INFO][traineradasmoothlossprojlogit.py:300 - log_iter_info] - Train Iter[100/351][272]	{"data_time": 0.00021, "batch_time": 0.05257, "loss": 0.13763, "acc": 1.0, "mean_diffs": 6.39481}
[2026-05-09 16:44:48,739 INFO][traineradasmoothlossprojlogit.py:300 - log_iter_info] - Train Iter[200/351][272]	{"data_time": 0.00041, "batch_time": 0.05299, "loss": 0.12866, "acc": 1.0, "mean_diffs": 6.37633}
[2026-05-09 16:44:54,051 INFO][traineradasmoothlossprojlogit.py:300 - log_iter_info] - Train Iter[300/351][272]	{"data_time": 0.00024, "batch_time": 0.05299, "loss": 0.11573, "acc": 1.0, "mean_diffs": 6.46666}
[2026-05-09 16:44:56,862 INFO][traineradasmoothlossprojlogit.py:319 - log_epoch_info] - Train Epoch[272]	{"samples": 44928, "lr": 0.001, "loss": 0.13297, "acc": 0.99989, "acc_5": 1.0, "macc": 0.99989, "mean_diffs": 6.41307, "max_diffs": 6.69566, "margin": 6.01446}
[2026-05-09 16:44:58,152 INFO][traineradasmoothlossprojlogit.py:333 - log_eval_epoch_info] - Val Epoch[272]	{"samples": 5000, "loss": 0.27414, "acc": 0.9546, "acc_5": 0.998, "macc": 0.95453, "nll": 0.18981, "ece": 0.01718, "aece": 0.02576, "cece": 0.00566, "mean_diffs": 6.12085, "max_diffs": 6.3875, "margin": 5.59768}
[2026-05-09 16:44:58,153 INFO][traineradasmoothlossprojlogit.py:336 - log_eval_epoch_info] - 
+---------+---------+---------+---------+
| samples | acc     | acc_5   | macc    |
+---------+---------+---------+---------+
| 5000    | 0.95460 | 0.99800 | 0.95453 |
+---------+---------+---------+---------+
[2026-05-09 16:44:58,153 INFO][traineradasmoothlossprojlogit.py:337 - log_eval_epoch_info] - 
+---------+---------+---------+---------+---------+
| samples | nll     | ece     | aece    | cece    |
+---------+---------+---------+---------+---------+
| 5000    | 0.18981 | 0.01718 | 0.02576 | 0.00566 |
+---------+---------+---------+---------+---------+
[2026-05-09 16:44:58,587 INFO][traineradasmoothlossprojlogit.py:605 - train] - Epoch[272]	Best acc on Val : 0.9546 at epoch 272
[2026-05-09 16:44:58,587 INFO][traineradasmoothlossprojlogit.py:572 - train] - ====================
[2026-05-09 16:44:58,587 INFO][traineradasmoothlossprojlogit.py:573 - train] -  Start epoch 273
[2026-05-09 16:44:58,587 INFO][traineradasmoothlossprojlogit.py:574 - train] - ====================
[2026-05-09 16:45:04,495 INFO][traineradasmoothlossprojlogit.py:300 - log_iter_info] - Train Iter[100/351][273]	{"data_time": 0.00018, "batch_time": 0.05242, "loss": 0.12071, "acc": 1.0, "mean_diffs": 6.30627}
[2026-05-09 16:45:09,798 INFO][traineradasmoothlossprojlogit.py:300 - log_iter_info] - Train Iter[200/351][273]	{"data_time": 0.00026, "batch_time": 0.05333, "loss": 0.15453, "acc": 0.99219, "mean_diffs": 6.37563}
[2026-05-09 16:45:15,097 INFO][traineradasmoothlossprojlogit.py:300 - log_iter_info] - Train Iter[300/351][273]	{"data_time": 0.00019, "batch_time": 0.05285, "loss": 0.11144, "acc": 1.0, "mean_diffs": 6.40441}
[2026-05-09 16:45:17,909 INFO][traineradasmoothlossprojlogit.py:319 - log_epoch_info] - Train Epoch[273]	{"samples": 44928, "lr": 0.001, "loss": 0.13298, "acc": 0.99984, "acc_5": 1.0, "macc": 0.99984, "mean_diffs": 6.41572, "max_diffs": 6.69578, "margin": 6.01909}
[2026-05-09 16:45:19,194 INFO][traineradasmoothlossprojlogit.py:333 - log_eval_epoch_info] - Val Epoch[273]	{"samples": 5000, "loss": 0.28125, "acc": 0.953, "acc_5": 0.9976, "macc": 0.95297, "nll": 0.19442, "ece": 0.01821, "aece": 0.02702, "cece": 0.00614, "mean_diffs": 6.15329, "max_diffs": 6.42899, "margin": 5.61068}
[2026-05-09 16:45:19,194 INFO][traineradasmoothlossprojlogit.py:336 - log_eval_epoch_info] - 
+---------+---------+---------+---------+
| samples | acc     | acc_5   | macc    |
+---------+---------+---------+---------+
| 5000    | 0.95300 | 0.99760 | 0.95297 |
+---------+---------+---------+---------+
[2026-05-09 16:45:19,194 INFO][traineradasmoothlossprojlogit.py:337 - log_eval_epoch_info] - 
+---------+---------+---------+---------+---------+
| samples | nll     | ece     | aece    | cece    |
+---------+---------+---------+---------+---------+
| 5000    | 0.19442 | 0.01821 | 0.02702 | 0.00614 |
+---------+---------+---------+---------+---------+
[2026-05-09 16:45:19,413 INFO][traineradasmoothlossprojlogit.py:605 - train] - Epoch[273]	Best acc on Val : 0.9546 at epoch 272
[2026-05-09 16:45:19,413 INFO][traineradasmoothlossprojlogit.py:572 - train] - ====================
[2026-05-09 16:45:19,414 INFO][traineradasmoothlossprojlogit.py:573 - train] -  Start epoch 274
[2026-05-09 16:45:19,414 INFO][traineradasmoothlossprojlogit.py:574 - train] - ====================
[2026-05-09 16:45:25,315 INFO][traineradasmoothlossprojlogit.py:300 - log_iter_info] - Train Iter[100/351][274]	{"data_time": 0.00025, "batch_time": 0.05267, "loss": 0.13057, "acc": 1.0, "mean_diffs": 6.34103}
[2026-05-09 16:45:30,628 INFO][traineradasmoothlossprojlogit.py:300 - log_iter_info] - Train Iter[200/351][274]	{"data_time": 0.00022, "batch_time": 0.05344, "loss": 0.12794, "acc": 1.0, "mean_diffs": 6.50337}
[2026-05-09 16:45:35,934 INFO][traineradasmoothlossprojlogit.py:300 - log_iter_info] - Train Iter[300/351][274]	{"data_time": 0.00019, "batch_time": 0.05311, "loss": 0.12508, "acc": 1.0, "mean_diffs": 6.39624}
[2026-05-09 16:45:38,735 INFO][traineradasmoothlossprojlogit.py:319 - log_epoch_info] - Train Epoch[274]	{"samples": 44928, "lr": 0.001, "loss": 0.13306, "acc": 0.9998, "acc_5": 1.0, "macc": 0.9998, "mean_diffs": 6.41011, "max_diffs": 6.68873, "margin": 6.01405}
[2026-05-09 16:45:40,015 INFO][traineradasmoothlossprojlogit.py:333 - log_eval_epoch_info] - Val Epoch[274]	{"samples": 5000, "loss": 0.27479, "acc": 0.9552, "acc_5": 0.9978, "macc": 0.95507, "nll": 0.18739, "ece": 0.01741, "aece": 0.02501, "cece": 0.00564, "mean_diffs": 6.16168, "max_diffs": 6.42827, "margin": 5.63082}
[2026-05-09 16:45:40,015 INFO][traineradasmoothlossprojlogit.py:336 - log_eval_epoch_info] - 
+---------+---------+---------+---------+
| samples | acc     | acc_5   | macc    |
+---------+---------+---------+---------+
| 5000    | 0.95520 | 0.99780 | 0.95507 |
+---------+---------+---------+---------+
[2026-05-09 16:45:40,015 INFO][traineradasmoothlossprojlogit.py:337 - log_eval_epoch_info] - 
+---------+---------+---------+---------+---------+
| samples | nll     | ece     | aece    | cece    |
+---------+---------+---------+---------+---------+
| 5000    | 0.18739 | 0.01741 | 0.02501 | 0.00564 |
+---------+---------+---------+---------+---------+
[2026-05-09 16:45:40,452 INFO][traineradasmoothlossprojlogit.py:605 - train] - Epoch[274]	Best acc on Val : 0.9552 at epoch 274
[2026-05-09 16:45:40,452 INFO][traineradasmoothlossprojlogit.py:572 - train] - ====================
[2026-05-09 16:45:40,453 INFO][traineradasmoothlossprojlogit.py:573 - train] -  Start epoch 275
[2026-05-09 16:45:40,453 INFO][traineradasmoothlossprojlogit.py:574 - train] - ====================
[2026-05-09 16:45:46,634 INFO][traineradasmoothlossprojlogit.py:300 - log_iter_info] - Train Iter[100/351][275]	{"data_time": 0.00026, "batch_time": 0.05296, "loss": 0.1487, "acc": 1.0, "mean_diffs": 6.3749}
[2026-05-09 16:45:51,950 INFO][traineradasmoothlossprojlogit.py:300 - log_iter_info] - Train Iter[200/351][275]	{"data_time": 0.00025, "batch_time": 0.05347, "loss": 0.12374, "acc": 1.0, "mean_diffs": 6.47641}
[2026-05-09 16:45:57,260 INFO][traineradasmoothlossprojlogit.py:300 - log_iter_info] - Train Iter[300/351][275]	{"data_time": 0.00023, "batch_time": 0.0546, "loss": 0.13891, "acc": 1.0, "mean_diffs": 6.43292}
[2026-05-09 16:46:00,102 INFO][traineradasmoothlossprojlogit.py:319 - log_epoch_info] - Train Epoch[275]	{"samples": 44928, "lr": 0.001, "loss": 0.13249, "acc": 0.99989, "acc_5": 1.0, "macc": 0.99989, "mean_diffs": 6.41553, "max_diffs": 6.68915, "margin": 6.02606}
[2026-05-09 16:46:01,398 INFO][traineradasmoothlossprojlogit.py:333 - log_eval_epoch_info] - Val Epoch[275]	{"samples": 5000, "loss": 0.28148, "acc": 0.9534, "acc_5": 0.998, "macc": 0.9532, "nll": 0.18994, "ece": 0.01613, "aece": 0.02688, "cece": 0.00554, "mean_diffs": 6.09881, "max_diffs": 6.37826, "margin": 5.58291}
[2026-05-09 16:46:01,399 INFO][traineradasmoothlossprojlogit.py:336 - log_eval_epoch_info] - 
+---------+---------+---------+---------+
| samples | acc     | acc_5   | macc    |
+---------+---------+---------+---------+
| 5000    | 0.95340 | 0.99800 | 0.95320 |
+---------+---------+---------+---------+
[2026-05-09 16:46:01,399 INFO][traineradasmoothlossprojlogit.py:337 - log_eval_epoch_info] - 
+---------+---------+---------+---------+---------+
| samples | nll     | ece     | aece    | cece    |
+---------+---------+---------+---------+---------+
| 5000    | 0.18994 | 0.01613 | 0.02688 | 0.00554 |
+---------+---------+---------+---------+---------+
[2026-05-09 16:46:01,620 INFO][traineradasmoothlossprojlogit.py:605 - train] - Epoch[275]	Best acc on Val : 0.9552 at epoch 274
[2026-05-09 16:46:01,621 INFO][traineradasmoothlossprojlogit.py:572 - train] - ====================
[2026-05-09 16:46:01,621 INFO][traineradasmoothlossprojlogit.py:573 - train] -  Start epoch 276
[2026-05-09 16:46:01,621 INFO][traineradasmoothlossprojlogit.py:574 - train] - ====================
[2026-05-09 16:46:07,491 INFO][traineradasmoothlossprojlogit.py:300 - log_iter_info] - Train Iter[100/351][276]	{"data_time": 0.00021, "batch_time": 0.05302, "loss": 0.14424, "acc": 1.0, "mean_diffs": 6.42728}
[2026-05-09 16:46:12,797 INFO][traineradasmoothlossprojlogit.py:300 - log_iter_info] - Train Iter[200/351][276]	{"data_time": 0.00022, "batch_time": 0.05298, "loss": 0.15283, "acc": 1.0, "mean_diffs": 6.27371}
[2026-05-09 16:46:18,097 INFO][traineradasmoothlossprojlogit.py:300 - log_iter_info] - Train Iter[300/351][276]	{"data_time": 0.00022, "batch_time": 0.05327, "loss": 0.1193, "acc": 1.0, "mean_diffs": 6.4179}
[2026-05-09 16:46:20,896 INFO][traineradasmoothlossprojlogit.py:319 - log_epoch_info] - Train Epoch[276]	{"samples": 44928, "lr": 0.001, "loss": 0.13312, "acc": 0.99978, "acc_5": 1.0, "macc": 0.99978, "mean_diffs": 6.40811, "max_diffs": 6.68487, "margin": 6.01731}
[2026-05-09 16:46:22,168 INFO][traineradasmoothlossprojlogit.py:333 - log_eval_epoch_info] - Val Epoch[276]	{"samples": 5000, "loss": 0.28618, "acc": 0.9532, "acc_5": 0.9976, "macc": 0.95309, "nll": 0.19322, "ece": 0.01821, "aece": 0.02798, "cece": 0.00585, "mean_diffs": 6.14553, "max_diffs": 6.40727, "margin": 5.61701}
[2026-05-09 16:46:22,168 INFO][traineradasmoothlossprojlogit.py:336 - log_eval_epoch_info] - 
+---------+---------+---------+---------+
| samples | acc     | acc_5   | macc    |
+---------+---------+---------+---------+
| 5000    | 0.95320 | 0.99760 | 0.95309 |
+---------+---------+---------+---------+
[2026-05-09 16:46:22,168 INFO][traineradasmoothlossprojlogit.py:337 - log_eval_epoch_info] - 
+---------+---------+---------+---------+---------+
| samples | nll     | ece     | aece    | cece    |
+---------+---------+---------+---------+---------+
| 5000    | 0.19322 | 0.01821 | 0.02798 | 0.00585 |
+---------+---------+---------+---------+---------+
[2026-05-09 16:46:22,390 INFO][traineradasmoothlossprojlogit.py:605 - train] - Epoch[276]	Best acc on Val : 0.9552 at epoch 274
[2026-05-09 16:46:22,390 INFO][traineradasmoothlossprojlogit.py:572 - train] - ====================
[2026-05-09 16:46:22,390 INFO][traineradasmoothlossprojlogit.py:573 - train] -  Start epoch 277
[2026-05-09 16:46:22,390 INFO][traineradasmoothlossprojlogit.py:574 - train] - ====================
[2026-05-09 16:46:28,313 INFO][traineradasmoothlossprojlogit.py:300 - log_iter_info] - Train Iter[100/351][277]	{"data_time": 0.00024, "batch_time": 0.05289, "loss": 0.11592, "acc": 1.0, "mean_diffs": 6.42868}
[2026-05-09 16:46:33,625 INFO][traineradasmoothlossprojlogit.py:300 - log_iter_info] - Train Iter[200/351][277]	{"data_time": 0.00028, "batch_time": 0.05298, "loss": 0.12036, "acc": 0.99219, "mean_diffs": 6.48924}
[2026-05-09 16:46:38,930 INFO][traineradasmoothlossprojlogit.py:300 - log_iter_info] - Train Iter[300/351][277]	{"data_time": 0.00024, "batch_time": 0.0531, "loss": 0.12773, "acc": 1.0, "mean_diffs": 6.52455}
[2026-05-09 16:46:41,734 INFO][traineradasmoothlossprojlogit.py:319 - log_epoch_info] - Train Epoch[277]	{"samples": 44928, "lr": 0.001, "loss": 0.13319, "acc": 0.9998, "acc_5": 1.0, "macc": 0.9998, "mean_diffs": 6.40833, "max_diffs": 6.68453, "margin": 6.01694}
[2026-05-09 16:46:42,986 INFO][traineradasmoothlossprojlogit.py:333 - log_eval_epoch_info] - Val Epoch[277]	{"samples": 5000, "loss": 0.27626, "acc": 0.9532, "acc_5": 0.9976, "macc": 0.95306, "nll": 0.193, "ece": 0.01474, "aece": 0.02497, "cece": 0.0053, "mean_diffs": 6.14941, "max_diffs": 6.39856, "margin": 5.64014}
[2026-05-09 16:46:42,987 INFO][traineradasmoothlossprojlogit.py:336 - log_eval_epoch_info] - 
+---------+---------+---------+---------+
| samples | acc     | acc_5   | macc    |
+---------+---------+---------+---------+
| 5000    | 0.95320 | 0.99760 | 0.95306 |
+---------+---------+---------+---------+
[2026-05-09 16:46:42,987 INFO][traineradasmoothlossprojlogit.py:337 - log_eval_epoch_info] - 
+---------+---------+---------+---------+---------+
| samples | nll     | ece     | aece    | cece    |
+---------+---------+---------+---------+---------+
| 5000    | 0.19300 | 0.01474 | 0.02497 | 0.00530 |
+---------+---------+---------+---------+---------+
[2026-05-09 16:46:43,208 INFO][traineradasmoothlossprojlogit.py:605 - train] - Epoch[277]	Best acc on Val : 0.9552 at epoch 274
[2026-05-09 16:46:43,209 INFO][traineradasmoothlossprojlogit.py:572 - train] - ====================
[2026-05-09 16:46:43,209 INFO][traineradasmoothlossprojlogit.py:573 - train] -  Start epoch 278
[2026-05-09 16:46:43,209 INFO][traineradasmoothlossprojlogit.py:574 - train] - ====================
[2026-05-09 16:46:49,115 INFO][traineradasmoothlossprojlogit.py:300 - log_iter_info] - Train Iter[100/351][278]	{"data_time": 0.0002, "batch_time": 0.05263, "loss": 0.12795, "acc": 1.0, "mean_diffs": 6.43545}
[2026-05-09 16:46:54,425 INFO][traineradasmoothlossprojlogit.py:300 - log_iter_info] - Train Iter[200/351][278]	{"data_time": 0.00021, "batch_time": 0.05335, "loss": 0.1389, "acc": 1.0, "mean_diffs": 6.42485}
[2026-05-09 16:46:59,742 INFO][traineradasmoothlossprojlogit.py:300 - log_iter_info] - Train Iter[300/351][278]	{"data_time": 0.00019, "batch_time": 0.05294, "loss": 0.12146, "acc": 1.0, "mean_diffs": 6.43546}
[2026-05-09 16:47:02,549 INFO][traineradasmoothlossprojlogit.py:319 - log_epoch_info] - Train Epoch[278]	{"samples": 44928, "lr": 0.001, "loss": 0.13279, "acc": 0.99996, "acc_5": 1.0, "macc": 0.99996, "mean_diffs": 6.41826, "max_diffs": 6.69097, "margin": 6.0333}
[2026-05-09 16:47:03,828 INFO][traineradasmoothlossprojlogit.py:333 - log_eval_epoch_info] - Val Epoch[278]	{"samples": 5000, "loss": 0.28218, "acc": 0.9538, "acc_5": 0.9974, "macc": 0.9537, "nll": 0.19092, "ece": 0.01624, "aece": 0.02412, "cece": 0.00539, "mean_diffs": 6.13928, "max_diffs": 6.40623, "margin": 5.62348}
[2026-05-09 16:47:03,828 INFO][traineradasmoothlossprojlogit.py:336 - log_eval_epoch_info] - 
+---------+---------+---------+---------+
| samples | acc     | acc_5   | macc    |
+---------+---------+---------+---------+
| 5000    | 0.95380 | 0.99740 | 0.95370 |
+---------+---------+---------+---------+
[2026-05-09 16:47:03,829 INFO][traineradasmoothlossprojlogit.py:337 - log_eval_epoch_info] - 
+---------+---------+---------+---------+---------+
| samples | nll     | ece     | aece    | cece    |
+---------+---------+---------+---------+---------+
| 5000    | 0.19092 | 0.01624 | 0.02412 | 0.00539 |
+---------+---------+---------+---------+---------+
[2026-05-09 16:47:04,050 INFO][traineradasmoothlossprojlogit.py:605 - train] - Epoch[278]	Best acc on Val : 0.9552 at epoch 274
[2026-05-09 16:47:04,050 INFO][traineradasmoothlossprojlogit.py:572 - train] - ====================
[2026-05-09 16:47:04,050 INFO][traineradasmoothlossprojlogit.py:573 - train] -  Start epoch 279
[2026-05-09 16:47:04,050 INFO][traineradasmoothlossprojlogit.py:574 - train] - ====================
[2026-05-09 16:47:10,204 INFO][traineradasmoothlossprojlogit.py:300 - log_iter_info] - Train Iter[100/351][279]	{"data_time": 0.00019, "batch_time": 0.05256, "loss": 0.11329, "acc": 1.0, "mean_diffs": 6.55364}
[2026-05-09 16:47:15,504 INFO][traineradasmoothlossprojlogit.py:300 - log_iter_info] - Train Iter[200/351][279]	{"data_time": 0.00026, "batch_time": 0.0527, "loss": 0.10714, "acc": 1.0, "mean_diffs": 6.43213}
[2026-05-09 16:47:20,802 INFO][traineradasmoothlossprojlogit.py:300 - log_iter_info] - Train Iter[300/351][279]	{"data_time": 0.00024, "batch_time": 0.05276, "loss": 0.12946, "acc": 1.0, "mean_diffs": 6.55105}
[2026-05-09 16:47:23,597 INFO][traineradasmoothlossprojlogit.py:319 - log_epoch_info] - Train Epoch[279]	{"samples": 44928, "lr": 0.001, "loss": 0.13304, "acc": 0.99982, "acc_5": 1.0, "macc": 0.99982, "mean_diffs": 6.4116, "max_diffs": 6.68623, "margin": 6.02602}
[2026-05-09 16:47:24,880 INFO][traineradasmoothlossprojlogit.py:333 - log_eval_epoch_info] - Val Epoch[279]	{"samples": 5000, "loss": 0.29116, "acc": 0.9522, "acc_5": 0.9976, "macc": 0.95215, "nll": 0.19818, "ece": 0.01682, "aece": 0.02722, "cece": 0.0057, "mean_diffs": 6.17523, "max_diffs": 6.44098, "margin": 5.63965}
[2026-05-09 16:47:24,880 INFO][traineradasmoothlossprojlogit.py:336 - log_eval_epoch_info] - 
+---------+---------+---------+---------+
| samples | acc     | acc_5   | macc    |
+---------+---------+---------+---------+
| 5000    | 0.95220 | 0.99760 | 0.95215 |
+---------+---------+---------+---------+
[2026-05-09 16:47:24,880 INFO][traineradasmoothlossprojlogit.py:337 - log_eval_epoch_info] - 
+---------+---------+---------+---------+---------+
| samples | nll     | ece     | aece    | cece    |
+---------+---------+---------+---------+---------+
| 5000    | 0.19818 | 0.01682 | 0.02722 | 0.00570 |
+---------+---------+---------+---------+---------+
[2026-05-09 16:47:25,104 INFO][traineradasmoothlossprojlogit.py:605 - train] - Epoch[279]	Best acc on Val : 0.9552 at epoch 274
[2026-05-09 16:47:25,104 INFO][traineradasmoothlossprojlogit.py:572 - train] - ====================
[2026-05-09 16:47:25,104 INFO][traineradasmoothlossprojlogit.py:573 - train] -  Start epoch 280
[2026-05-09 16:47:25,104 INFO][traineradasmoothlossprojlogit.py:574 - train] - ====================
[2026-05-09 16:47:31,032 INFO][traineradasmoothlossprojlogit.py:300 - log_iter_info] - Train Iter[100/351][280]	{"data_time": 0.00022, "batch_time": 0.05288, "loss": 0.13064, "acc": 1.0, "mean_diffs": 6.38127}
[2026-05-09 16:47:36,348 INFO][traineradasmoothlossprojlogit.py:300 - log_iter_info] - Train Iter[200/351][280]	{"data_time": 0.00026, "batch_time": 0.05299, "loss": 0.141, "acc": 1.0, "mean_diffs": 6.37166}
[2026-05-09 16:47:41,658 INFO][traineradasmoothlossprojlogit.py:300 - log_iter_info] - Train Iter[300/351][280]	{"data_time": 0.00025, "batch_time": 0.05316, "loss": 0.13312, "acc": 1.0, "mean_diffs": 6.26755}
[2026-05-09 16:47:44,474 INFO][traineradasmoothlossprojlogit.py:319 - log_epoch_info] - Train Epoch[280]	{"samples": 44928, "lr": 0.001, "loss": 0.13269, "acc": 0.99996, "acc_5": 1.0, "macc": 0.99996, "mean_diffs": 6.41256, "max_diffs": 6.68576, "margin": 6.03194}
[2026-05-09 16:47:45,740 INFO][traineradasmoothlossprojlogit.py:333 - log_eval_epoch_info] - Val Epoch[280]	{"samples": 5000, "loss": 0.29237, "acc": 0.9524, "acc_5": 0.9978, "macc": 0.95233, "nll": 0.20068, "ece": 0.01456, "aece": 0.02606, "cece": 0.00584, "mean_diffs": 6.16692, "max_diffs": 6.42494, "margin": 5.64894}
[2026-05-09 16:47:45,740 INFO][traineradasmoothlossprojlogit.py:336 - log_eval_epoch_info] - 
+---------+---------+---------+---------+
| samples | acc     | acc_5   | macc    |
+---------+---------+---------+---------+
| 5000    | 0.95240 | 0.99780 | 0.95233 |
+---------+---------+---------+---------+
[2026-05-09 16:47:45,740 INFO][traineradasmoothlossprojlogit.py:337 - log_eval_epoch_info] - 
+---------+---------+---------+---------+---------+
| samples | nll     | ece     | aece    | cece    |
+---------+---------+---------+---------+---------+
| 5000    | 0.20068 | 0.01456 | 0.02606 | 0.00584 |
+---------+---------+---------+---------+---------+
[2026-05-09 16:47:45,963 INFO][traineradasmoothlossprojlogit.py:605 - train] - Epoch[280]	Best acc on Val : 0.9552 at epoch 274
[2026-05-09 16:47:45,963 INFO][traineradasmoothlossprojlogit.py:572 - train] - ====================
[2026-05-09 16:47:45,963 INFO][traineradasmoothlossprojlogit.py:573 - train] -  Start epoch 281
[2026-05-09 16:47:45,963 INFO][traineradasmoothlossprojlogit.py:574 - train] - ====================
[2026-05-09 16:47:51,860 INFO][traineradasmoothlossprojlogit.py:300 - log_iter_info] - Train Iter[100/351][281]	{"data_time": 0.00019, "batch_time": 0.05289, "loss": 0.14624, "acc": 1.0, "mean_diffs": 6.34648}
[2026-05-09 16:47:57,165 INFO][traineradasmoothlossprojlogit.py:300 - log_iter_info] - Train Iter[200/351][281]	{"data_time": 0.0004, "batch_time": 0.05358, "loss": 0.14595, "acc": 1.0, "mean_diffs": 6.36095}
[2026-05-09 16:48:02,466 INFO][traineradasmoothlossprojlogit.py:300 - log_iter_info] - Train Iter[300/351][281]	{"data_time": 0.00024, "batch_time": 0.05314, "loss": 0.13042, "acc": 1.0, "mean_diffs": 6.51711}
[2026-05-09 16:48:05,270 INFO][traineradasmoothlossprojlogit.py:319 - log_epoch_info] - Train Epoch[281]	{"samples": 44928, "lr": 0.001, "loss": 0.1325, "acc": 0.99991, "acc_5": 1.0, "macc": 0.99991, "mean_diffs": 6.41218, "max_diffs": 6.68236, "margin": 6.0349}
[2026-05-09 16:48:06,545 INFO][traineradasmoothlossprojlogit.py:333 - log_eval_epoch_info] - Val Epoch[281]	{"samples": 5000, "loss": 0.27661, "acc": 0.9536, "acc_5": 0.9972, "macc": 0.95349, "nll": 0.19036, "ece": 0.01643, "aece": 0.02605, "cece": 0.00574, "mean_diffs": 6.14612, "max_diffs": 6.40083, "margin": 5.64898}
[2026-05-09 16:48:06,545 INFO][traineradasmoothlossprojlogit.py:336 - log_eval_epoch_info] - 
+---------+---------+---------+---------+
| samples | acc     | acc_5   | macc    |
+---------+---------+---------+---------+
| 5000    | 0.95360 | 0.99720 | 0.95349 |
+---------+---------+---------+---------+
[2026-05-09 16:48:06,545 INFO][traineradasmoothlossprojlogit.py:337 - log_eval_epoch_info] - 
+---------+---------+---------+---------+---------+
| samples | nll     | ece     | aece    | cece    |
+---------+---------+---------+---------+---------+
| 5000    | 0.19036 | 0.01643 | 0.02605 | 0.00574 |
+---------+---------+---------+---------+---------+
[2026-05-09 16:48:06,768 INFO][traineradasmoothlossprojlogit.py:605 - train] - Epoch[281]	Best acc on Val : 0.9552 at epoch 274
[2026-05-09 16:48:06,768 INFO][traineradasmoothlossprojlogit.py:572 - train] - ====================
[2026-05-09 16:48:06,768 INFO][traineradasmoothlossprojlogit.py:573 - train] -  Start epoch 282
[2026-05-09 16:48:06,768 INFO][traineradasmoothlossprojlogit.py:574 - train] - ====================
[2026-05-09 16:48:12,652 INFO][traineradasmoothlossprojlogit.py:300 - log_iter_info] - Train Iter[100/351][282]	{"data_time": 0.00021, "batch_time": 0.05291, "loss": 0.10741, "acc": 1.0, "mean_diffs": 6.46491}
[2026-05-09 16:48:17,967 INFO][traineradasmoothlossprojlogit.py:300 - log_iter_info] - Train Iter[200/351][282]	{"data_time": 0.0003, "batch_time": 0.05351, "loss": 0.15029, "acc": 1.0, "mean_diffs": 6.31032}
[2026-05-09 16:48:23,274 INFO][traineradasmoothlossprojlogit.py:300 - log_iter_info] - Train Iter[300/351][282]	{"data_time": 0.00026, "batch_time": 0.05309, "loss": 0.11938, "acc": 1.0, "mean_diffs": 6.44043}
[2026-05-09 16:48:26,070 INFO][traineradasmoothlossprojlogit.py:319 - log_epoch_info] - Train Epoch[282]	{"samples": 44928, "lr": 0.001, "loss": 0.13251, "acc": 0.99993, "acc_5": 1.0, "macc": 0.99993, "mean_diffs": 6.41367, "max_diffs": 6.68161, "margin": 6.04168}
[2026-05-09 16:48:27,338 INFO][traineradasmoothlossprojlogit.py:333 - log_eval_epoch_info] - Val Epoch[282]	{"samples": 5000, "loss": 0.26786, "acc": 0.9544, "acc_5": 0.9976, "macc": 0.95422, "nll": 0.19011, "ece": 0.01678, "aece": 0.02496, "cece": 0.00559, "mean_diffs": 6.14817, "max_diffs": 6.40559, "margin": 5.64378}
[2026-05-09 16:48:27,338 INFO][traineradasmoothlossprojlogit.py:336 - log_eval_epoch_info] - 
+---------+---------+---------+---------+
| samples | acc     | acc_5   | macc    |
+---------+---------+---------+---------+
| 5000    | 0.95440 | 0.99760 | 0.95422 |
+---------+---------+---------+---------+
[2026-05-09 16:48:27,338 INFO][traineradasmoothlossprojlogit.py:337 - log_eval_epoch_info] - 
+---------+---------+---------+---------+---------+
| samples | nll     | ece     | aece    | cece    |
+---------+---------+---------+---------+---------+
| 5000    | 0.19011 | 0.01678 | 0.02496 | 0.00559 |
+---------+---------+---------+---------+---------+
[2026-05-09 16:48:27,560 INFO][traineradasmoothlossprojlogit.py:605 - train] - Epoch[282]	Best acc on Val : 0.9552 at epoch 274
[2026-05-09 16:48:27,560 INFO][traineradasmoothlossprojlogit.py:572 - train] - ====================
[2026-05-09 16:48:27,560 INFO][traineradasmoothlossprojlogit.py:573 - train] -  Start epoch 283
[2026-05-09 16:48:27,560 INFO][traineradasmoothlossprojlogit.py:574 - train] - ====================
[2026-05-09 16:48:33,710 INFO][traineradasmoothlossprojlogit.py:300 - log_iter_info] - Train Iter[100/351][283]	{"data_time": 0.00019, "batch_time": 0.05286, "loss": 0.14931, "acc": 1.0, "mean_diffs": 6.43264}
[2026-05-09 16:48:39,015 INFO][traineradasmoothlossprojlogit.py:300 - log_iter_info] - Train Iter[200/351][283]	{"data_time": 0.00021, "batch_time": 0.05282, "loss": 0.13906, "acc": 0.99219, "mean_diffs": 6.48237}
[2026-05-09 16:48:44,314 INFO][traineradasmoothlossprojlogit.py:300 - log_iter_info] - Train Iter[300/351][283]	{"data_time": 0.00024, "batch_time": 0.05276, "loss": 0.11573, "acc": 1.0, "mean_diffs": 6.32462}
[2026-05-09 16:48:47,152 INFO][traineradasmoothlossprojlogit.py:319 - log_epoch_info] - Train Epoch[283]	{"samples": 44928, "lr": 0.001, "loss": 0.13255, "acc": 0.99987, "acc_5": 1.0, "macc": 0.99987, "mean_diffs": 6.40687, "max_diffs": 6.67579, "margin": 6.03176}
[2026-05-09 16:48:48,427 INFO][traineradasmoothlossprojlogit.py:333 - log_eval_epoch_info] - Val Epoch[283]	{"samples": 5000, "loss": 0.27996, "acc": 0.9566, "acc_5": 0.9974, "macc": 0.95651, "nll": 0.18992, "ece": 0.01538, "aece": 0.02181, "cece": 0.00552, "mean_diffs": 6.14165, "max_diffs": 6.3937, "margin": 5.64545}
[2026-05-09 16:48:48,427 INFO][traineradasmoothlossprojlogit.py:336 - log_eval_epoch_info] - 
+---------+---------+---------+---------+
| samples | acc     | acc_5   | macc    |
+---------+---------+---------+---------+
| 5000    | 0.95660 | 0.99740 | 0.95651 |
+---------+---------+---------+---------+
[2026-05-09 16:48:48,428 INFO][traineradasmoothlossprojlogit.py:337 - log_eval_epoch_info] - 
+---------+---------+---------+---------+---------+
| samples | nll     | ece     | aece    | cece    |
+---------+---------+---------+---------+---------+
| 5000    | 0.18992 | 0.01538 | 0.02181 | 0.00552 |
+---------+---------+---------+---------+---------+
[2026-05-09 16:48:48,859 INFO][traineradasmoothlossprojlogit.py:605 - train] - Epoch[283]	Best acc on Val : 0.9566 at epoch 283
[2026-05-09 16:48:48,860 INFO][traineradasmoothlossprojlogit.py:572 - train] - ====================
[2026-05-09 16:48:48,860 INFO][traineradasmoothlossprojlogit.py:573 - train] -  Start epoch 284
[2026-05-09 16:48:48,860 INFO][traineradasmoothlossprojlogit.py:574 - train] - ====================
[2026-05-09 16:48:54,764 INFO][traineradasmoothlossprojlogit.py:300 - log_iter_info] - Train Iter[100/351][284]	{"data_time": 0.00019, "batch_time": 0.05268, "loss": 0.11662, "acc": 1.0, "mean_diffs": 6.41636}
[2026-05-09 16:49:00,066 INFO][traineradasmoothlossprojlogit.py:300 - log_iter_info] - Train Iter[200/351][284]	{"data_time": 0.00036, "batch_time": 0.05358, "loss": 0.14386, "acc": 1.0, "mean_diffs": 6.40184}
[2026-05-09 16:49:05,363 INFO][traineradasmoothlossprojlogit.py:300 - log_iter_info] - Train Iter[300/351][284]	{"data_time": 0.00025, "batch_time": 0.05329, "loss": 0.11026, "acc": 1.0, "mean_diffs": 6.49225}
[2026-05-09 16:49:08,179 INFO][traineradasmoothlossprojlogit.py:319 - log_epoch_info] - Train Epoch[284]	{"samples": 44928, "lr": 0.001, "loss": 0.1328, "acc": 0.99993, "acc_5": 1.0, "macc": 0.99993, "mean_diffs": 6.41317, "max_diffs": 6.67797, "margin": 6.04395}
[2026-05-09 16:49:09,459 INFO][traineradasmoothlossprojlogit.py:333 - log_eval_epoch_info] - Val Epoch[284]	{"samples": 5000, "loss": 0.28435, "acc": 0.9552, "acc_5": 0.9974, "macc": 0.95507, "nll": 0.19117, "ece": 0.01636, "aece": 0.0235, "cece": 0.00562, "mean_diffs": 6.14872, "max_diffs": 6.39956, "margin": 5.64819}
[2026-05-09 16:49:09,459 INFO][traineradasmoothlossprojlogit.py:336 - log_eval_epoch_info] - 
+---------+---------+---------+---------+
| samples | acc     | acc_5   | macc    |
+---------+---------+---------+---------+
| 5000    | 0.95520 | 0.99740 | 0.95507 |
+---------+---------+---------+---------+
[2026-05-09 16:49:09,459 INFO][traineradasmoothlossprojlogit.py:337 - log_eval_epoch_info] - 
+---------+---------+---------+---------+---------+
| samples | nll     | ece     | aece    | cece    |
+---------+---------+---------+---------+---------+
| 5000    | 0.19117 | 0.01636 | 0.02350 | 0.00562 |
+---------+---------+---------+---------+---------+
[2026-05-09 16:49:09,682 INFO][traineradasmoothlossprojlogit.py:605 - train] - Epoch[284]	Best acc on Val : 0.9566 at epoch 283
[2026-05-09 16:49:09,682 INFO][traineradasmoothlossprojlogit.py:572 - train] - ====================
[2026-05-09 16:49:09,683 INFO][traineradasmoothlossprojlogit.py:573 - train] -  Start epoch 285
[2026-05-09 16:49:09,683 INFO][traineradasmoothlossprojlogit.py:574 - train] - ====================
[2026-05-09 16:49:15,593 INFO][traineradasmoothlossprojlogit.py:300 - log_iter_info] - Train Iter[100/351][285]	{"data_time": 0.0002, "batch_time": 0.05279, "loss": 0.13857, "acc": 1.0, "mean_diffs": 6.42138}
[2026-05-09 16:49:20,897 INFO][traineradasmoothlossprojlogit.py:300 - log_iter_info] - Train Iter[200/351][285]	{"data_time": 0.00021, "batch_time": 0.05366, "loss": 0.10799, "acc": 1.0, "mean_diffs": 6.54242}
[2026-05-09 16:49:26,198 INFO][traineradasmoothlossprojlogit.py:300 - log_iter_info] - Train Iter[300/351][285]	{"data_time": 0.00023, "batch_time": 0.0528, "loss": 0.14379, "acc": 1.0, "mean_diffs": 6.3417}
[2026-05-09 16:49:28,997 INFO][traineradasmoothlossprojlogit.py:319 - log_epoch_info] - Train Epoch[285]	{"samples": 44928, "lr": 0.001, "loss": 0.13272, "acc": 0.99982, "acc_5": 1.0, "macc": 0.99982, "mean_diffs": 6.41509, "max_diffs": 6.67967, "margin": 6.04884}
[2026-05-09 16:49:30,262 INFO][traineradasmoothlossprojlogit.py:333 - log_eval_epoch_info] - Val Epoch[285]	{"samples": 5000, "loss": 0.28088, "acc": 0.9544, "acc_5": 0.9974, "macc": 0.95442, "nll": 0.19298, "ece": 0.01576, "aece": 0.02544, "cece": 0.00577, "mean_diffs": 6.12945, "max_diffs": 6.39558, "margin": 5.62667}
[2026-05-09 16:49:30,262 INFO][traineradasmoothlossprojlogit.py:336 - log_eval_epoch_info] - 
+---------+---------+---------+---------+
| samples | acc     | acc_5   | macc    |
+---------+---------+---------+---------+
| 5000    | 0.95440 | 0.99740 | 0.95442 |
+---------+---------+---------+---------+
[2026-05-09 16:49:30,262 INFO][traineradasmoothlossprojlogit.py:337 - log_eval_epoch_info] - 
+---------+---------+---------+---------+---------+
| samples | nll     | ece     | aece    | cece    |
+---------+---------+---------+---------+---------+
| 5000    | 0.19298 | 0.01576 | 0.02544 | 0.00577 |
+---------+---------+---------+---------+---------+
[2026-05-09 16:49:30,482 INFO][traineradasmoothlossprojlogit.py:605 - train] - Epoch[285]	Best acc on Val : 0.9566 at epoch 283
[2026-05-09 16:49:30,482 INFO][traineradasmoothlossprojlogit.py:572 - train] - ====================
[2026-05-09 16:49:30,482 INFO][traineradasmoothlossprojlogit.py:573 - train] -  Start epoch 286
[2026-05-09 16:49:30,482 INFO][traineradasmoothlossprojlogit.py:574 - train] - ====================
[2026-05-09 16:49:36,407 INFO][traineradasmoothlossprojlogit.py:300 - log_iter_info] - Train Iter[100/351][286]	{"data_time": 0.00019, "batch_time": 0.0528, "loss": 0.12563, "acc": 1.0, "mean_diffs": 6.50189}
[2026-05-09 16:49:41,707 INFO][traineradasmoothlossprojlogit.py:300 - log_iter_info] - Train Iter[200/351][286]	{"data_time": 0.00026, "batch_time": 0.05319, "loss": 0.15756, "acc": 1.0, "mean_diffs": 6.3275}
[2026-05-09 16:49:47,005 INFO][traineradasmoothlossprojlogit.py:300 - log_iter_info] - Train Iter[300/351][286]	{"data_time": 0.00018, "batch_time": 0.05315, "loss": 0.17549, "acc": 1.0, "mean_diffs": 6.29766}
[2026-05-09 16:49:49,816 INFO][traineradasmoothlossprojlogit.py:319 - log_epoch_info] - Train Epoch[286]	{"samples": 44928, "lr": 0.001, "loss": 0.13294, "acc": 0.99987, "acc_5": 1.0, "macc": 0.99987, "mean_diffs": 6.40741, "max_diffs": 6.6724, "margin": 6.04095}
[2026-05-09 16:49:51,068 INFO][traineradasmoothlossprojlogit.py:333 - log_eval_epoch_info] - Val Epoch[286]	{"samples": 5000, "loss": 0.26778, "acc": 0.9534, "acc_5": 0.9974, "macc": 0.95331, "nll": 0.18842, "ece": 0.01543, "aece": 0.02474, "cece": 0.00569, "mean_diffs": 6.11406, "max_diffs": 6.35926, "margin": 5.62517}
[2026-05-09 16:49:51,068 INFO][traineradasmoothlossprojlogit.py:336 - log_eval_epoch_info] - 
+---------+---------+---------+---------+
| samples | acc     | acc_5   | macc    |
+---------+---------+---------+---------+
| 5000    | 0.95340 | 0.99740 | 0.95331 |
+---------+---------+---------+---------+
[2026-05-09 16:49:51,069 INFO][traineradasmoothlossprojlogit.py:337 - log_eval_epoch_info] - 
+---------+---------+---------+---------+---------+
| samples | nll     | ece     | aece    | cece    |
+---------+---------+---------+---------+---------+
| 5000    | 0.18842 | 0.01543 | 0.02474 | 0.00569 |
+---------+---------+---------+---------+---------+
[2026-05-09 16:49:51,287 INFO][traineradasmoothlossprojlogit.py:605 - train] - Epoch[286]	Best acc on Val : 0.9566 at epoch 283
[2026-05-09 16:49:51,288 INFO][traineradasmoothlossprojlogit.py:572 - train] - ====================
[2026-05-09 16:49:51,288 INFO][traineradasmoothlossprojlogit.py:573 - train] -  Start epoch 287
[2026-05-09 16:49:51,288 INFO][traineradasmoothlossprojlogit.py:574 - train] - ====================
[2026-05-09 16:49:57,464 INFO][traineradasmoothlossprojlogit.py:300 - log_iter_info] - Train Iter[100/351][287]	{"data_time": 0.00039, "batch_time": 0.05308, "loss": 0.13174, "acc": 1.0, "mean_diffs": 6.39067}
[2026-05-09 16:50:02,767 INFO][traineradasmoothlossprojlogit.py:300 - log_iter_info] - Train Iter[200/351][287]	{"data_time": 0.00021, "batch_time": 0.053, "loss": 0.15294, "acc": 1.0, "mean_diffs": 6.33807}
[2026-05-09 16:50:08,072 INFO][traineradasmoothlossprojlogit.py:300 - log_iter_info] - Train Iter[300/351][287]	{"data_time": 0.00023, "batch_time": 0.05318, "loss": 0.11397, "acc": 1.0, "mean_diffs": 6.55738}
[2026-05-09 16:50:10,887 INFO][traineradasmoothlossprojlogit.py:319 - log_epoch_info] - Train Epoch[287]	{"samples": 44928, "lr": 0.001, "loss": 0.13275, "acc": 0.99987, "acc_5": 1.0, "macc": 0.99987, "mean_diffs": 6.4131, "max_diffs": 6.6742, "margin": 6.04688}
[2026-05-09 16:50:12,157 INFO][traineradasmoothlossprojlogit.py:333 - log_eval_epoch_info] - Val Epoch[287]	{"samples": 5000, "loss": 0.26232, "acc": 0.9526, "acc_5": 0.9974, "macc": 0.95236, "nll": 0.18906, "ece": 0.01704, "aece": 0.02442, "cece": 0.00582, "mean_diffs": 6.10588, "max_diffs": 6.35279, "margin": 5.62624}
[2026-05-09 16:50:12,158 INFO][traineradasmoothlossprojlogit.py:336 - log_eval_epoch_info] - 
+---------+---------+---------+---------+
| samples | acc     | acc_5   | macc    |
+---------+---------+---------+---------+
| 5000    | 0.95260 | 0.99740 | 0.95236 |
+---------+---------+---------+---------+
[2026-05-09 16:50:12,158 INFO][traineradasmoothlossprojlogit.py:337 - log_eval_epoch_info] - 
+---------+---------+---------+---------+---------+
| samples | nll     | ece     | aece    | cece    |
+---------+---------+---------+---------+---------+
| 5000    | 0.18906 | 0.01704 | 0.02442 | 0.00582 |
+---------+---------+---------+---------+---------+
[2026-05-09 16:50:12,376 INFO][traineradasmoothlossprojlogit.py:605 - train] - Epoch[287]	Best acc on Val : 0.9566 at epoch 283
[2026-05-09 16:50:12,377 INFO][traineradasmoothlossprojlogit.py:572 - train] - ====================
[2026-05-09 16:50:12,377 INFO][traineradasmoothlossprojlogit.py:573 - train] -  Start epoch 288
[2026-05-09 16:50:12,377 INFO][traineradasmoothlossprojlogit.py:574 - train] - ====================
[2026-05-09 16:50:18,273 INFO][traineradasmoothlossprojlogit.py:300 - log_iter_info] - Train Iter[100/351][288]	{"data_time": 0.00026, "batch_time": 0.05276, "loss": 0.13913, "acc": 1.0, "mean_diffs": 6.35233}
[2026-05-09 16:50:23,567 INFO][traineradasmoothlossprojlogit.py:300 - log_iter_info] - Train Iter[200/351][288]	{"data_time": 0.00028, "batch_time": 0.05327, "loss": 0.12517, "acc": 1.0, "mean_diffs": 6.51484}
[2026-05-09 16:50:28,870 INFO][traineradasmoothlossprojlogit.py:300 - log_iter_info] - Train Iter[300/351][288]	{"data_time": 0.00024, "batch_time": 0.05273, "loss": 0.11377, "acc": 1.0, "mean_diffs": 6.44669}
[2026-05-09 16:50:31,670 INFO][traineradasmoothlossprojlogit.py:319 - log_epoch_info] - Train Epoch[288]	{"samples": 44928, "lr": 0.001, "loss": 0.1326, "acc": 0.99984, "acc_5": 1.0, "macc": 0.99984, "mean_diffs": 6.41365, "max_diffs": 6.67379, "margin": 6.05057}
[2026-05-09 16:50:32,936 INFO][traineradasmoothlossprojlogit.py:333 - log_eval_epoch_info] - Val Epoch[288]	{"samples": 5000, "loss": 0.26948, "acc": 0.953, "acc_5": 0.9976, "macc": 0.95284, "nll": 0.19053, "ece": 0.01774, "aece": 0.02421, "cece": 0.00563, "mean_diffs": 6.1507, "max_diffs": 6.39867, "margin": 5.6673}
[2026-05-09 16:50:32,936 INFO][traineradasmoothlossprojlogit.py:336 - log_eval_epoch_info] - 
+---------+---------+---------+---------+
| samples | acc     | acc_5   | macc    |
+---------+---------+---------+---------+
| 5000    | 0.95300 | 0.99760 | 0.95284 |
+---------+---------+---------+---------+
[2026-05-09 16:50:32,937 INFO][traineradasmoothlossprojlogit.py:337 - log_eval_epoch_info] - 
+---------+---------+---------+---------+---------+
| samples | nll     | ece     | aece    | cece    |
+---------+---------+---------+---------+---------+
| 5000    | 0.19053 | 0.01774 | 0.02421 | 0.00563 |
+---------+---------+---------+---------+---------+
[2026-05-09 16:50:33,157 INFO][traineradasmoothlossprojlogit.py:605 - train] - Epoch[288]	Best acc on Val : 0.9566 at epoch 283
[2026-05-09 16:50:33,157 INFO][traineradasmoothlossprojlogit.py:572 - train] - ====================
[2026-05-09 16:50:33,157 INFO][traineradasmoothlossprojlogit.py:573 - train] -  Start epoch 289
[2026-05-09 16:50:33,157 INFO][traineradasmoothlossprojlogit.py:574 - train] - ====================
[2026-05-09 16:50:39,048 INFO][traineradasmoothlossprojlogit.py:300 - log_iter_info] - Train Iter[100/351][289]	{"data_time": 0.00021, "batch_time": 0.05308, "loss": 0.14482, "acc": 1.0, "mean_diffs": 6.43806}
[2026-05-09 16:50:44,337 INFO][traineradasmoothlossprojlogit.py:300 - log_iter_info] - Train Iter[200/351][289]	{"data_time": 0.00028, "batch_time": 0.05323, "loss": 0.11334, "acc": 1.0, "mean_diffs": 6.49134}
[2026-05-09 16:50:49,648 INFO][traineradasmoothlossprojlogit.py:300 - log_iter_info] - Train Iter[300/351][289]	{"data_time": 0.00019, "batch_time": 0.05268, "loss": 0.12572, "acc": 1.0, "mean_diffs": 6.42736}
[2026-05-09 16:50:52,459 INFO][traineradasmoothlossprojlogit.py:319 - log_epoch_info] - Train Epoch[289]	{"samples": 44928, "lr": 0.001, "loss": 0.13266, "acc": 0.99996, "acc_5": 1.0, "macc": 0.99996, "mean_diffs": 6.41315, "max_diffs": 6.67471, "margin": 6.05172}
[2026-05-09 16:50:53,715 INFO][traineradasmoothlossprojlogit.py:333 - log_eval_epoch_info] - Val Epoch[289]	{"samples": 5000, "loss": 0.28623, "acc": 0.9544, "acc_5": 0.998, "macc": 0.95428, "nll": 0.19429, "ece": 0.01728, "aece": 0.02634, "cece": 0.00538, "mean_diffs": 6.14011, "max_diffs": 6.37029, "margin": 5.64476}
[2026-05-09 16:50:53,715 INFO][traineradasmoothlossprojlogit.py:336 - log_eval_epoch_info] - 
+---------+---------+---------+---------+
| samples | acc     | acc_5   | macc    |
+---------+---------+---------+---------+
| 5000    | 0.95440 | 0.99800 | 0.95428 |
+---------+---------+---------+---------+
[2026-05-09 16:50:53,715 INFO][traineradasmoothlossprojlogit.py:337 - log_eval_epoch_info] - 
+---------+---------+---------+---------+---------+
| samples | nll     | ece     | aece    | cece    |
+---------+---------+---------+---------+---------+
| 5000    | 0.19429 | 0.01728 | 0.02634 | 0.00538 |
+---------+---------+---------+---------+---------+
[2026-05-09 16:50:53,936 INFO][traineradasmoothlossprojlogit.py:605 - train] - Epoch[289]	Best acc on Val : 0.9566 at epoch 283
[2026-05-09 16:50:53,936 INFO][traineradasmoothlossprojlogit.py:572 - train] - ====================
[2026-05-09 16:50:53,936 INFO][traineradasmoothlossprojlogit.py:573 - train] -  Start epoch 290
[2026-05-09 16:50:53,936 INFO][traineradasmoothlossprojlogit.py:574 - train] - ====================
[2026-05-09 16:50:59,846 INFO][traineradasmoothlossprojlogit.py:300 - log_iter_info] - Train Iter[100/351][290]	{"data_time": 0.0002, "batch_time": 0.05257, "loss": 0.11449, "acc": 1.0, "mean_diffs": 6.38258}
[2026-05-09 16:51:05,132 INFO][traineradasmoothlossprojlogit.py:300 - log_iter_info] - Train Iter[200/351][290]	{"data_time": 0.00025, "batch_time": 0.05265, "loss": 0.17195, "acc": 1.0, "mean_diffs": 6.27466}
[2026-05-09 16:51:10,438 INFO][traineradasmoothlossprojlogit.py:300 - log_iter_info] - Train Iter[300/351][290]	{"data_time": 0.00019, "batch_time": 0.05297, "loss": 0.14466, "acc": 1.0, "mean_diffs": 6.32595}
[2026-05-09 16:51:13,249 INFO][traineradasmoothlossprojlogit.py:319 - log_epoch_info] - Train Epoch[290]	{"samples": 44928, "lr": 0.001, "loss": 0.13291, "acc": 0.99987, "acc_5": 1.0, "macc": 0.99987, "mean_diffs": 6.40781, "max_diffs": 6.66986, "margin": 6.04385}
[2026-05-09 16:51:14,533 INFO][traineradasmoothlossprojlogit.py:333 - log_eval_epoch_info] - Val Epoch[290]	{"samples": 5000, "loss": 0.26937, "acc": 0.954, "acc_5": 0.9976, "macc": 0.95386, "nll": 0.18901, "ece": 0.01582, "aece": 0.02451, "cece": 0.00534, "mean_diffs": 6.12615, "max_diffs": 6.36706, "margin": 5.64957}
[2026-05-09 16:51:14,533 INFO][traineradasmoothlossprojlogit.py:336 - log_eval_epoch_info] - 
+---------+---------+---------+---------+
| samples | acc     | acc_5   | macc    |
+---------+---------+---------+---------+
| 5000    | 0.95400 | 0.99760 | 0.95386 |
+---------+---------+---------+---------+
[2026-05-09 16:51:14,533 INFO][traineradasmoothlossprojlogit.py:337 - log_eval_epoch_info] - 
+---------+---------+---------+---------+---------+
| samples | nll     | ece     | aece    | cece    |
+---------+---------+---------+---------+---------+
| 5000    | 0.18901 | 0.01582 | 0.02451 | 0.00534 |
+---------+---------+---------+---------+---------+
[2026-05-09 16:51:14,756 INFO][traineradasmoothlossprojlogit.py:605 - train] - Epoch[290]	Best acc on Val : 0.9566 at epoch 283
[2026-05-09 16:51:14,756 INFO][traineradasmoothlossprojlogit.py:572 - train] - ====================
[2026-05-09 16:51:14,756 INFO][traineradasmoothlossprojlogit.py:573 - train] -  Start epoch 291
[2026-05-09 16:51:14,756 INFO][traineradasmoothlossprojlogit.py:574 - train] - ====================
[2026-05-09 16:51:20,921 INFO][traineradasmoothlossprojlogit.py:300 - log_iter_info] - Train Iter[100/351][291]	{"data_time": 0.00025, "batch_time": 0.0528, "loss": 0.13021, "acc": 1.0, "mean_diffs": 6.46807}
[2026-05-09 16:51:26,220 INFO][traineradasmoothlossprojlogit.py:300 - log_iter_info] - Train Iter[200/351][291]	{"data_time": 0.00021, "batch_time": 0.05271, "loss": 0.134, "acc": 1.0, "mean_diffs": 6.45267}
[2026-05-09 16:51:31,540 INFO][traineradasmoothlossprojlogit.py:300 - log_iter_info] - Train Iter[300/351][291]	{"data_time": 0.00025, "batch_time": 0.05301, "loss": 0.1081, "acc": 1.0, "mean_diffs": 6.48276}
[2026-05-09 16:51:34,355 INFO][traineradasmoothlossprojlogit.py:319 - log_epoch_info] - Train Epoch[291]	{"samples": 44928, "lr": 0.001, "loss": 0.13253, "acc": 0.99996, "acc_5": 1.0, "macc": 0.99996, "mean_diffs": 6.41135, "max_diffs": 6.66906, "margin": 6.05607}
[2026-05-09 16:51:35,637 INFO][traineradasmoothlossprojlogit.py:333 - log_eval_epoch_info] - Val Epoch[291]	{"samples": 5000, "loss": 0.28526, "acc": 0.9546, "acc_5": 0.998, "macc": 0.95455, "nll": 0.19668, "ece": 0.01688, "aece": 0.02453, "cece": 0.00558, "mean_diffs": 6.14681, "max_diffs": 6.3834, "margin": 5.65037}
[2026-05-09 16:51:35,637 INFO][traineradasmoothlossprojlogit.py:336 - log_eval_epoch_info] - 
+---------+---------+---------+---------+
| samples | acc     | acc_5   | macc    |
+---------+---------+---------+---------+
| 5000    | 0.95460 | 0.99800 | 0.95455 |
+---------+---------+---------+---------+
[2026-05-09 16:51:35,637 INFO][traineradasmoothlossprojlogit.py:337 - log_eval_epoch_info] - 
+---------+---------+---------+---------+---------+
| samples | nll     | ece     | aece    | cece    |
+---------+---------+---------+---------+---------+
| 5000    | 0.19668 | 0.01688 | 0.02453 | 0.00558 |
+---------+---------+---------+---------+---------+
[2026-05-09 16:51:35,866 INFO][traineradasmoothlossprojlogit.py:605 - train] - Epoch[291]	Best acc on Val : 0.9566 at epoch 283
[2026-05-09 16:51:35,867 INFO][traineradasmoothlossprojlogit.py:572 - train] - ====================
[2026-05-09 16:51:35,867 INFO][traineradasmoothlossprojlogit.py:573 - train] -  Start epoch 292
[2026-05-09 16:51:35,867 INFO][traineradasmoothlossprojlogit.py:574 - train] - ====================
[2026-05-09 16:51:41,780 INFO][traineradasmoothlossprojlogit.py:300 - log_iter_info] - Train Iter[100/351][292]	{"data_time": 0.00038, "batch_time": 0.053, "loss": 0.10853, "acc": 1.0, "mean_diffs": 6.53129}
[2026-05-09 16:51:47,078 INFO][traineradasmoothlossprojlogit.py:300 - log_iter_info] - Train Iter[200/351][292]	{"data_time": 0.00021, "batch_time": 0.05339, "loss": 0.14279, "acc": 1.0, "mean_diffs": 6.39116}
[2026-05-09 16:51:52,398 INFO][traineradasmoothlossprojlogit.py:300 - log_iter_info] - Train Iter[300/351][292]	{"data_time": 0.00024, "batch_time": 0.0532, "loss": 0.10788, "acc": 1.0, "mean_diffs": 6.53148}
[2026-05-09 16:51:55,203 INFO][traineradasmoothlossprojlogit.py:319 - log_epoch_info] - Train Epoch[292]	{"samples": 44928, "lr": 0.001, "loss": 0.13289, "acc": 0.99987, "acc_5": 1.0, "macc": 0.99987, "mean_diffs": 6.40968, "max_diffs": 6.66841, "margin": 6.05519}
[2026-05-09 16:51:56,488 INFO][traineradasmoothlossprojlogit.py:333 - log_eval_epoch_info] - Val Epoch[292]	{"samples": 5000, "loss": 0.28344, "acc": 0.9544, "acc_5": 0.9976, "macc": 0.95424, "nll": 0.19343, "ece": 0.01463, "aece": 0.02375, "cece": 0.0055, "mean_diffs": 6.15753, "max_diffs": 6.39054, "margin": 5.68071}
[2026-05-09 16:51:56,489 INFO][traineradasmoothlossprojlogit.py:336 - log_eval_epoch_info] - 
+---------+---------+---------+---------+
| samples | acc     | acc_5   | macc    |
+---------+---------+---------+---------+
| 5000    | 0.95440 | 0.99760 | 0.95424 |
+---------+---------+---------+---------+
[2026-05-09 16:51:56,489 INFO][traineradasmoothlossprojlogit.py:337 - log_eval_epoch_info] - 
+---------+---------+---------+---------+---------+
| samples | nll     | ece     | aece    | cece    |
+---------+---------+---------+---------+---------+
| 5000    | 0.19343 | 0.01463 | 0.02375 | 0.00550 |
+---------+---------+---------+---------+---------+
[2026-05-09 16:51:56,712 INFO][traineradasmoothlossprojlogit.py:605 - train] - Epoch[292]	Best acc on Val : 0.9566 at epoch 283
[2026-05-09 16:51:56,712 INFO][traineradasmoothlossprojlogit.py:572 - train] - ====================
[2026-05-09 16:51:56,712 INFO][traineradasmoothlossprojlogit.py:573 - train] -  Start epoch 293
[2026-05-09 16:51:56,712 INFO][traineradasmoothlossprojlogit.py:574 - train] - ====================
[2026-05-09 16:52:02,615 INFO][traineradasmoothlossprojlogit.py:300 - log_iter_info] - Train Iter[100/351][293]	{"data_time": 0.0002, "batch_time": 0.05275, "loss": 0.11097, "acc": 1.0, "mean_diffs": 6.4316}
[2026-05-09 16:52:07,905 INFO][traineradasmoothlossprojlogit.py:300 - log_iter_info] - Train Iter[200/351][293]	{"data_time": 0.00023, "batch_time": 0.05392, "loss": 0.14207, "acc": 1.0, "mean_diffs": 6.40228}
[2026-05-09 16:52:13,211 INFO][traineradasmoothlossprojlogit.py:300 - log_iter_info] - Train Iter[300/351][293]	{"data_time": 0.00023, "batch_time": 0.05311, "loss": 0.13234, "acc": 1.0, "mean_diffs": 6.4863}
[2026-05-09 16:52:16,023 INFO][traineradasmoothlossprojlogit.py:319 - log_epoch_info] - Train Epoch[293]	{"samples": 44928, "lr": 0.001, "loss": 0.13277, "acc": 0.99991, "acc_5": 1.0, "macc": 0.99991, "mean_diffs": 6.40501, "max_diffs": 6.66368, "margin": 6.04823}
[2026-05-09 16:52:17,291 INFO][traineradasmoothlossprojlogit.py:333 - log_eval_epoch_info] - Val Epoch[293]	{"samples": 5000, "loss": 0.29266, "acc": 0.954, "acc_5": 0.9982, "macc": 0.95387, "nll": 0.19645, "ece": 0.01514, "aece": 0.02445, "cece": 0.00549, "mean_diffs": 6.15944, "max_diffs": 6.38885, "margin": 5.67911}
[2026-05-09 16:52:17,291 INFO][traineradasmoothlossprojlogit.py:336 - log_eval_epoch_info] - 
+---------+---------+---------+---------+
| samples | acc     | acc_5   | macc    |
+---------+---------+---------+---------+
| 5000    | 0.95400 | 0.99820 | 0.95387 |
+---------+---------+---------+---------+
[2026-05-09 16:52:17,292 INFO][traineradasmoothlossprojlogit.py:337 - log_eval_epoch_info] - 
+---------+---------+---------+---------+---------+
| samples | nll     | ece     | aece    | cece    |
+---------+---------+---------+---------+---------+
| 5000    | 0.19645 | 0.01514 | 0.02445 | 0.00549 |
+---------+---------+---------+---------+---------+
[2026-05-09 16:52:17,511 INFO][traineradasmoothlossprojlogit.py:605 - train] - Epoch[293]	Best acc on Val : 0.9566 at epoch 283
[2026-05-09 16:52:17,512 INFO][traineradasmoothlossprojlogit.py:572 - train] - ====================
[2026-05-09 16:52:17,512 INFO][traineradasmoothlossprojlogit.py:573 - train] -  Start epoch 294
[2026-05-09 16:52:17,512 INFO][traineradasmoothlossprojlogit.py:574 - train] - ====================
[2026-05-09 16:52:23,398 INFO][traineradasmoothlossprojlogit.py:300 - log_iter_info] - Train Iter[100/351][294]	{"data_time": 0.00021, "batch_time": 0.05257, "loss": 0.17449, "acc": 1.0, "mean_diffs": 6.21682}
[2026-05-09 16:52:28,961 INFO][traineradasmoothlossprojlogit.py:300 - log_iter_info] - Train Iter[200/351][294]	{"data_time": 0.00026, "batch_time": 0.05379, "loss": 0.11286, "acc": 1.0, "mean_diffs": 6.42873}
[2026-05-09 16:52:34,275 INFO][traineradasmoothlossprojlogit.py:300 - log_iter_info] - Train Iter[300/351][294]	{"data_time": 0.00025, "batch_time": 0.0531, "loss": 0.14091, "acc": 1.0, "mean_diffs": 6.31223}
[2026-05-09 16:52:37,074 INFO][traineradasmoothlossprojlogit.py:319 - log_epoch_info] - Train Epoch[294]	{"samples": 44928, "lr": 0.001, "loss": 0.13268, "acc": 1.0, "acc_5": 1.0, "macc": 1.0, "mean_diffs": 6.40672, "max_diffs": 6.66518, "margin": 6.05423}
[2026-05-09 16:52:38,332 INFO][traineradasmoothlossprojlogit.py:333 - log_eval_epoch_info] - Val Epoch[294]	{"samples": 5000, "loss": 0.30042, "acc": 0.9538, "acc_5": 0.998, "macc": 0.95367, "nll": 0.19522, "ece": 0.01458, "aece": 0.02408, "cece": 0.00513, "mean_diffs": 6.16262, "max_diffs": 6.39396, "margin": 5.66875}
[2026-05-09 16:52:38,332 INFO][traineradasmoothlossprojlogit.py:336 - log_eval_epoch_info] - 
+---------+---------+---------+---------+
| samples | acc     | acc_5   | macc    |
+---------+---------+---------+---------+
| 5000    | 0.95380 | 0.99800 | 0.95367 |
+---------+---------+---------+---------+
[2026-05-09 16:52:38,332 INFO][traineradasmoothlossprojlogit.py:337 - log_eval_epoch_info] - 
+---------+---------+---------+---------+---------+
| samples | nll     | ece     | aece    | cece    |
+---------+---------+---------+---------+---------+
| 5000    | 0.19522 | 0.01458 | 0.02408 | 0.00513 |
+---------+---------+---------+---------+---------+
[2026-05-09 16:52:38,552 INFO][traineradasmoothlossprojlogit.py:605 - train] - Epoch[294]	Best acc on Val : 0.9566 at epoch 283
[2026-05-09 16:52:38,552 INFO][traineradasmoothlossprojlogit.py:572 - train] - ====================
[2026-05-09 16:52:38,552 INFO][traineradasmoothlossprojlogit.py:573 - train] -  Start epoch 295
[2026-05-09 16:52:38,552 INFO][traineradasmoothlossprojlogit.py:574 - train] - ====================
[2026-05-09 16:52:44,445 INFO][traineradasmoothlossprojlogit.py:300 - log_iter_info] - Train Iter[100/351][295]	{"data_time": 0.00027, "batch_time": 0.05253, "loss": 0.11398, "acc": 1.0, "mean_diffs": 6.49}
[2026-05-09 16:52:49,732 INFO][traineradasmoothlossprojlogit.py:300 - log_iter_info] - Train Iter[200/351][295]	{"data_time": 0.00025, "batch_time": 0.0533, "loss": 0.12138, "acc": 1.0, "mean_diffs": 6.36371}
[2026-05-09 16:52:55,043 INFO][traineradasmoothlossprojlogit.py:300 - log_iter_info] - Train Iter[300/351][295]	{"data_time": 0.00017, "batch_time": 0.05292, "loss": 0.13422, "acc": 1.0, "mean_diffs": 6.38671}
[2026-05-09 16:52:57,836 INFO][traineradasmoothlossprojlogit.py:319 - log_epoch_info] - Train Epoch[295]	{"samples": 44928, "lr": 0.001, "loss": 0.13272, "acc": 0.99984, "acc_5": 1.0, "macc": 0.99984, "mean_diffs": 6.41109, "max_diffs": 6.66559, "margin": 6.06263}
[2026-05-09 16:52:59,111 INFO][traineradasmoothlossprojlogit.py:333 - log_eval_epoch_info] - Val Epoch[295]	{"samples": 5000, "loss": 0.29597, "acc": 0.9528, "acc_5": 0.998, "macc": 0.95268, "nll": 0.19647, "ece": 0.0132, "aece": 0.02572, "cece": 0.00533, "mean_diffs": 6.15993, "max_diffs": 6.38841, "margin": 5.67303}
[2026-05-09 16:52:59,111 INFO][traineradasmoothlossprojlogit.py:336 - log_eval_epoch_info] - 
+---------+---------+---------+---------+
| samples | acc     | acc_5   | macc    |
+---------+---------+---------+---------+
| 5000    | 0.95280 | 0.99800 | 0.95268 |
+---------+---------+---------+---------+
[2026-05-09 16:52:59,111 INFO][traineradasmoothlossprojlogit.py:337 - log_eval_epoch_info] - 
+---------+---------+---------+---------+---------+
| samples | nll     | ece     | aece    | cece    |
+---------+---------+---------+---------+---------+
| 5000    | 0.19647 | 0.01320 | 0.02572 | 0.00533 |
+---------+---------+---------+---------+---------+
[2026-05-09 16:52:59,331 INFO][traineradasmoothlossprojlogit.py:605 - train] - Epoch[295]	Best acc on Val : 0.9566 at epoch 283
[2026-05-09 16:52:59,331 INFO][traineradasmoothlossprojlogit.py:572 - train] - ====================
[2026-05-09 16:52:59,331 INFO][traineradasmoothlossprojlogit.py:573 - train] -  Start epoch 296
[2026-05-09 16:52:59,331 INFO][traineradasmoothlossprojlogit.py:574 - train] - ====================
[2026-05-09 16:53:05,222 INFO][traineradasmoothlossprojlogit.py:300 - log_iter_info] - Train Iter[100/351][296]	{"data_time": 0.00025, "batch_time": 0.05299, "loss": 0.12099, "acc": 1.0, "mean_diffs": 6.48044}
[2026-05-09 16:53:10,513 INFO][traineradasmoothlossprojlogit.py:300 - log_iter_info] - Train Iter[200/351][296]	{"data_time": 0.00025, "batch_time": 0.0541, "loss": 0.14519, "acc": 1.0, "mean_diffs": 6.4006}
[2026-05-09 16:53:15,838 INFO][traineradasmoothlossprojlogit.py:300 - log_iter_info] - Train Iter[300/351][296]	{"data_time": 0.00024, "batch_time": 0.05306, "loss": 0.15187, "acc": 1.0, "mean_diffs": 6.18613}
[2026-05-09 16:53:18,642 INFO][traineradasmoothlossprojlogit.py:319 - log_epoch_info] - Train Epoch[296]	{"samples": 44928, "lr": 0.001, "loss": 0.13286, "acc": 0.99989, "acc_5": 1.0, "macc": 0.99989, "mean_diffs": 6.40695, "max_diffs": 6.66197, "margin": 6.06097}
[2026-05-09 16:53:19,909 INFO][traineradasmoothlossprojlogit.py:333 - log_eval_epoch_info] - Val Epoch[296]	{"samples": 5000, "loss": 0.29841, "acc": 0.952, "acc_5": 0.9974, "macc": 0.95192, "nll": 0.19524, "ece": 0.01528, "aece": 0.02541, "cece": 0.00609, "mean_diffs": 6.15541, "max_diffs": 6.38624, "margin": 5.67246}
[2026-05-09 16:53:19,909 INFO][traineradasmoothlossprojlogit.py:336 - log_eval_epoch_info] - 
+---------+---------+---------+---------+
| samples | acc     | acc_5   | macc    |
+---------+---------+---------+---------+
| 5000    | 0.95200 | 0.99740 | 0.95192 |
+---------+---------+---------+---------+
[2026-05-09 16:53:19,909 INFO][traineradasmoothlossprojlogit.py:337 - log_eval_epoch_info] - 
+---------+---------+---------+---------+---------+
| samples | nll     | ece     | aece    | cece    |
+---------+---------+---------+---------+---------+
| 5000    | 0.19524 | 0.01528 | 0.02541 | 0.00609 |
+---------+---------+---------+---------+---------+
[2026-05-09 16:53:20,135 INFO][traineradasmoothlossprojlogit.py:605 - train] - Epoch[296]	Best acc on Val : 0.9566 at epoch 283
[2026-05-09 16:53:20,135 INFO][traineradasmoothlossprojlogit.py:572 - train] - ====================
[2026-05-09 16:53:20,135 INFO][traineradasmoothlossprojlogit.py:573 - train] -  Start epoch 297
[2026-05-09 16:53:20,135 INFO][traineradasmoothlossprojlogit.py:574 - train] - ====================
[2026-05-09 16:53:26,052 INFO][traineradasmoothlossprojlogit.py:300 - log_iter_info] - Train Iter[100/351][297]	{"data_time": 0.00025, "batch_time": 0.0531, "loss": 0.11778, "acc": 1.0, "mean_diffs": 6.38129}
[2026-05-09 16:53:31,348 INFO][traineradasmoothlossprojlogit.py:300 - log_iter_info] - Train Iter[200/351][297]	{"data_time": 0.00025, "batch_time": 0.05284, "loss": 0.14447, "acc": 1.0, "mean_diffs": 6.42386}
[2026-05-09 16:53:36,680 INFO][traineradasmoothlossprojlogit.py:300 - log_iter_info] - Train Iter[300/351][297]	{"data_time": 0.00021, "batch_time": 0.05396, "loss": 0.17563, "acc": 1.0, "mean_diffs": 6.25354}
[2026-05-09 16:53:39,491 INFO][traineradasmoothlossprojlogit.py:319 - log_epoch_info] - Train Epoch[297]	{"samples": 44928, "lr": 0.001, "loss": 0.13245, "acc": 0.99993, "acc_5": 1.0, "macc": 0.99993, "mean_diffs": 6.41252, "max_diffs": 6.66648, "margin": 6.0653}
[2026-05-09 16:53:40,760 INFO][traineradasmoothlossprojlogit.py:333 - log_eval_epoch_info] - Val Epoch[297]	{"samples": 5000, "loss": 0.30029, "acc": 0.9544, "acc_5": 0.9974, "macc": 0.95432, "nll": 0.19445, "ece": 0.014, "aece": 0.02375, "cece": 0.00579, "mean_diffs": 6.16276, "max_diffs": 6.39607, "margin": 5.69066}
[2026-05-09 16:53:40,760 INFO][traineradasmoothlossprojlogit.py:336 - log_eval_epoch_info] - 
+---------+---------+---------+---------+
| samples | acc     | acc_5   | macc    |
+---------+---------+---------+---------+
| 5000    | 0.95440 | 0.99740 | 0.95432 |
+---------+---------+---------+---------+
[2026-05-09 16:53:40,760 INFO][traineradasmoothlossprojlogit.py:337 - log_eval_epoch_info] - 
+---------+---------+---------+---------+---------+
| samples | nll     | ece     | aece    | cece    |
+---------+---------+---------+---------+---------+
| 5000    | 0.19445 | 0.01400 | 0.02375 | 0.00579 |
+---------+---------+---------+---------+---------+
[2026-05-09 16:53:40,987 INFO][traineradasmoothlossprojlogit.py:605 - train] - Epoch[297]	Best acc on Val : 0.9566 at epoch 283
[2026-05-09 16:53:40,987 INFO][traineradasmoothlossprojlogit.py:572 - train] - ====================
[2026-05-09 16:53:40,987 INFO][traineradasmoothlossprojlogit.py:573 - train] -  Start epoch 298
[2026-05-09 16:53:40,988 INFO][traineradasmoothlossprojlogit.py:574 - train] - ====================
[2026-05-09 16:53:47,158 INFO][traineradasmoothlossprojlogit.py:300 - log_iter_info] - Train Iter[100/351][298]	{"data_time": 0.00025, "batch_time": 0.05273, "loss": 0.12214, "acc": 1.0, "mean_diffs": 6.41253}
[2026-05-09 16:53:52,438 INFO][traineradasmoothlossprojlogit.py:300 - log_iter_info] - Train Iter[200/351][298]	{"data_time": 0.0002, "batch_time": 0.05264, "loss": 0.13498, "acc": 1.0, "mean_diffs": 6.24042}
[2026-05-09 16:53:57,751 INFO][traineradasmoothlossprojlogit.py:300 - log_iter_info] - Train Iter[300/351][298]	{"data_time": 0.00019, "batch_time": 0.05376, "loss": 0.14523, "acc": 1.0, "mean_diffs": 6.38284}
[2026-05-09 16:54:00,553 INFO][traineradasmoothlossprojlogit.py:319 - log_epoch_info] - Train Epoch[298]	{"samples": 44928, "lr": 0.001, "loss": 0.1327, "acc": 0.99991, "acc_5": 1.0, "macc": 0.99991, "mean_diffs": 6.40714, "max_diffs": 6.6611, "margin": 6.06207}
[2026-05-09 16:54:01,827 INFO][traineradasmoothlossprojlogit.py:333 - log_eval_epoch_info] - Val Epoch[298]	{"samples": 5000, "loss": 0.31846, "acc": 0.9538, "acc_5": 0.998, "macc": 0.9538, "nll": 0.19977, "ece": 0.01266, "aece": 0.0243, "cece": 0.00593, "mean_diffs": 6.1767, "max_diffs": 6.4105, "margin": 5.69315}
[2026-05-09 16:54:01,827 INFO][traineradasmoothlossprojlogit.py:336 - log_eval_epoch_info] - 
+---------+---------+---------+---------+
| samples | acc     | acc_5   | macc    |
+---------+---------+---------+---------+
| 5000    | 0.95380 | 0.99800 | 0.95380 |
+---------+---------+---------+---------+
[2026-05-09 16:54:01,827 INFO][traineradasmoothlossprojlogit.py:337 - log_eval_epoch_info] - 
+---------+---------+---------+---------+---------+
| samples | nll     | ece     | aece    | cece    |
+---------+---------+---------+---------+---------+
| 5000    | 0.19977 | 0.01266 | 0.02430 | 0.00593 |
+---------+---------+---------+---------+---------+
[2026-05-09 16:54:02,047 INFO][traineradasmoothlossprojlogit.py:605 - train] - Epoch[298]	Best acc on Val : 0.9566 at epoch 283
[2026-05-09 16:54:02,047 INFO][traineradasmoothlossprojlogit.py:572 - train] - ====================
[2026-05-09 16:54:02,047 INFO][traineradasmoothlossprojlogit.py:573 - train] -  Start epoch 299
[2026-05-09 16:54:02,047 INFO][traineradasmoothlossprojlogit.py:574 - train] - ====================
[2026-05-09 16:54:07,946 INFO][traineradasmoothlossprojlogit.py:300 - log_iter_info] - Train Iter[100/351][299]	{"data_time": 0.00025, "batch_time": 0.05261, "loss": 0.13999, "acc": 1.0, "mean_diffs": 6.30207}
[2026-05-09 16:54:13,237 INFO][traineradasmoothlossprojlogit.py:300 - log_iter_info] - Train Iter[200/351][299]	{"data_time": 0.0002, "batch_time": 0.05312, "loss": 0.12461, "acc": 1.0, "mean_diffs": 6.45449}
[2026-05-09 16:54:18,550 INFO][traineradasmoothlossprojlogit.py:300 - log_iter_info] - Train Iter[300/351][299]	{"data_time": 0.00024, "batch_time": 0.05297, "loss": 0.1231, "acc": 1.0, "mean_diffs": 6.47508}
[2026-05-09 16:54:21,352 INFO][traineradasmoothlossprojlogit.py:319 - log_epoch_info] - Train Epoch[299]	{"samples": 44928, "lr": 0.001, "loss": 0.13264, "acc": 0.99993, "acc_5": 1.0, "macc": 0.99993, "mean_diffs": 6.40718, "max_diffs": 6.65837, "margin": 6.06443}
[2026-05-09 16:54:22,621 INFO][traineradasmoothlossprojlogit.py:333 - log_eval_epoch_info] - Val Epoch[299]	{"samples": 5000, "loss": 0.28299, "acc": 0.9536, "acc_5": 0.9978, "macc": 0.95355, "nll": 0.1948, "ece": 0.01448, "aece": 0.02492, "cece": 0.00553, "mean_diffs": 6.15629, "max_diffs": 6.38541, "margin": 5.68656}
[2026-05-09 16:54:22,622 INFO][traineradasmoothlossprojlogit.py:336 - log_eval_epoch_info] - 
+---------+---------+---------+---------+
| samples | acc     | acc_5   | macc    |
+---------+---------+---------+---------+
| 5000    | 0.95360 | 0.99780 | 0.95355 |
+---------+---------+---------+---------+
[2026-05-09 16:54:22,622 INFO][traineradasmoothlossprojlogit.py:337 - log_eval_epoch_info] - 
+---------+---------+---------+---------+---------+
| samples | nll     | ece     | aece    | cece    |
+---------+---------+---------+---------+---------+
| 5000    | 0.19480 | 0.01448 | 0.02492 | 0.00553 |
+---------+---------+---------+---------+---------+
[2026-05-09 16:54:22,849 INFO][traineradasmoothlossprojlogit.py:605 - train] - Epoch[299]	Best acc on Val : 0.9566 at epoch 283
[2026-05-09 16:54:22,849 INFO][traineradasmoothlossprojlogit.py:572 - train] - ====================
[2026-05-09 16:54:22,849 INFO][traineradasmoothlossprojlogit.py:573 - train] -  Start epoch 300
[2026-05-09 16:54:22,849 INFO][traineradasmoothlossprojlogit.py:574 - train] - ====================
[2026-05-09 16:54:28,741 INFO][traineradasmoothlossprojlogit.py:300 - log_iter_info] - Train Iter[100/351][300]	{"data_time": 0.00019, "batch_time": 0.05276, "loss": 0.11474, "acc": 1.0, "mean_diffs": 6.43998}
[2026-05-09 16:54:34,027 INFO][traineradasmoothlossprojlogit.py:300 - log_iter_info] - Train Iter[200/351][300]	{"data_time": 0.00019, "batch_time": 0.05248, "loss": 0.11809, "acc": 1.0, "mean_diffs": 6.41081}
[2026-05-09 16:54:39,343 INFO][traineradasmoothlossprojlogit.py:300 - log_iter_info] - Train Iter[300/351][300]	{"data_time": 0.00025, "batch_time": 0.05297, "loss": 0.12023, "acc": 1.0, "mean_diffs": 6.45791}
[2026-05-09 16:54:42,152 INFO][traineradasmoothlossprojlogit.py:319 - log_epoch_info] - Train Epoch[300]	{"samples": 44928, "lr": 0.001, "loss": 0.13295, "acc": 0.99993, "acc_5": 1.0, "macc": 0.99993, "mean_diffs": 6.40137, "max_diffs": 6.6541, "margin": 6.06134}
[2026-05-09 16:54:43,413 INFO][traineradasmoothlossprojlogit.py:333 - log_eval_epoch_info] - Val Epoch[300]	{"samples": 5000, "loss": 0.28013, "acc": 0.9532, "acc_5": 0.9972, "macc": 0.95302, "nll": 0.18899, "ece": 0.01649, "aece": 0.02583, "cece": 0.00548, "mean_diffs": 6.13212, "max_diffs": 6.36888, "margin": 5.66707}
[2026-05-09 16:54:43,413 INFO][traineradasmoothlossprojlogit.py:336 - log_eval_epoch_info] - 
+---------+---------+---------+---------+
| samples | acc     | acc_5   | macc    |
+---------+---------+---------+---------+
| 5000    | 0.95320 | 0.99720 | 0.95302 |
+---------+---------+---------+---------+
[2026-05-09 16:54:43,413 INFO][traineradasmoothlossprojlogit.py:337 - log_eval_epoch_info] - 
+---------+---------+---------+---------+---------+
| samples | nll     | ece     | aece    | cece    |
+---------+---------+---------+---------+---------+
| 5000    | 0.18899 | 0.01649 | 0.02583 | 0.00548 |
+---------+---------+---------+---------+---------+
[2026-05-09 16:54:43,633 INFO][traineradasmoothlossprojlogit.py:605 - train] - Epoch[300]	Best acc on Val : 0.9566 at epoch 283
[2026-05-09 16:54:43,634 INFO][traineradasmoothlossprojlogit.py:572 - train] - ====================
[2026-05-09 16:54:43,634 INFO][traineradasmoothlossprojlogit.py:573 - train] -  Start epoch 301
[2026-05-09 16:54:43,634 INFO][traineradasmoothlossprojlogit.py:574 - train] - ====================
[2026-05-09 16:54:49,550 INFO][traineradasmoothlossprojlogit.py:300 - log_iter_info] - Train Iter[100/351][301]	{"data_time": 0.00025, "batch_time": 0.05305, "loss": 0.15077, "acc": 1.0, "mean_diffs": 6.29513}
[2026-05-09 16:54:54,839 INFO][traineradasmoothlossprojlogit.py:300 - log_iter_info] - Train Iter[200/351][301]	{"data_time": 0.0002, "batch_time": 0.05273, "loss": 0.10703, "acc": 1.0, "mean_diffs": 6.5482}
[2026-05-09 16:55:00,155 INFO][traineradasmoothlossprojlogit.py:300 - log_iter_info] - Train Iter[300/351][301]	{"data_time": 0.00018, "batch_time": 0.05274, "loss": 0.13524, "acc": 1.0, "mean_diffs": 6.41567}
[2026-05-09 16:55:02,962 INFO][traineradasmoothlossprojlogit.py:319 - log_epoch_info] - Train Epoch[301]	{"samples": 44928, "lr": 0.001, "loss": 0.133, "acc": 0.99993, "acc_5": 1.0, "macc": 0.99993, "mean_diffs": 6.40225, "max_diffs": 6.65508, "margin": 6.05685}
[2026-05-09 16:55:04,222 INFO][traineradasmoothlossprojlogit.py:333 - log_eval_epoch_info] - Val Epoch[301]	{"samples": 5000, "loss": 0.27027, "acc": 0.9528, "acc_5": 0.9978, "macc": 0.95265, "nll": 0.18984, "ece": 0.01531, "aece": 0.02651, "cece": 0.00577, "mean_diffs": 6.14687, "max_diffs": 6.36296, "margin": 5.68312}
[2026-05-09 16:55:04,223 INFO][traineradasmoothlossprojlogit.py:336 - log_eval_epoch_info] - 
+---------+---------+---------+---------+
| samples | acc     | acc_5   | macc    |
+---------+---------+---------+---------+
| 5000    | 0.95280 | 0.99780 | 0.95265 |
+---------+---------+---------+---------+
[2026-05-09 16:55:04,223 INFO][traineradasmoothlossprojlogit.py:337 - log_eval_epoch_info] - 
+---------+---------+---------+---------+---------+
| samples | nll     | ece     | aece    | cece    |
+---------+---------+---------+---------+---------+
| 5000    | 0.18984 | 0.01531 | 0.02651 | 0.00577 |
+---------+---------+---------+---------+---------+
[2026-05-09 16:55:04,442 INFO][traineradasmoothlossprojlogit.py:605 - train] - Epoch[301]	Best acc on Val : 0.9566 at epoch 283
[2026-05-09 16:55:04,443 INFO][traineradasmoothlossprojlogit.py:572 - train] - ====================
[2026-05-09 16:55:04,443 INFO][traineradasmoothlossprojlogit.py:573 - train] -  Start epoch 302
[2026-05-09 16:55:04,443 INFO][traineradasmoothlossprojlogit.py:574 - train] - ====================
[2026-05-09 16:55:10,349 INFO][traineradasmoothlossprojlogit.py:300 - log_iter_info] - Train Iter[100/351][302]	{"data_time": 0.00038, "batch_time": 0.05311, "loss": 0.15459, "acc": 1.0, "mean_diffs": 6.33968}
[2026-05-09 16:55:15,643 INFO][traineradasmoothlossprojlogit.py:300 - log_iter_info] - Train Iter[200/351][302]	{"data_time": 0.00021, "batch_time": 0.05243, "loss": 0.14047, "acc": 1.0, "mean_diffs": 6.25585}
[2026-05-09 16:55:21,247 INFO][traineradasmoothlossprojlogit.py:300 - log_iter_info] - Train Iter[300/351][302]	{"data_time": 0.0002, "batch_time": 0.05297, "loss": 0.13368, "acc": 0.99219, "mean_diffs": 6.39879}
[2026-05-09 16:55:24,062 INFO][traineradasmoothlossprojlogit.py:319 - log_epoch_info] - Train Epoch[302]	{"samples": 44928, "lr": 0.001, "loss": 0.13273, "acc": 0.99982, "acc_5": 1.0, "macc": 0.99982, "mean_diffs": 6.40154, "max_diffs": 6.65293, "margin": 6.06124}
[2026-05-09 16:55:25,323 INFO][traineradasmoothlossprojlogit.py:333 - log_eval_epoch_info] - Val Epoch[302]	{"samples": 5000, "loss": 0.28989, "acc": 0.9538, "acc_5": 0.9974, "macc": 0.95367, "nll": 0.18571, "ece": 0.01814, "aece": 0.02441, "cece": 0.00585, "mean_diffs": 6.13993, "max_diffs": 6.37165, "margin": 5.6804}
[2026-05-09 16:55:25,323 INFO][traineradasmoothlossprojlogit.py:336 - log_eval_epoch_info] - 
+---------+---------+---------+---------+
| samples | acc     | acc_5   | macc    |
+---------+---------+---------+---------+
| 5000    | 0.95380 | 0.99740 | 0.95367 |
+---------+---------+---------+---------+
[2026-05-09 16:55:25,323 INFO][traineradasmoothlossprojlogit.py:337 - log_eval_epoch_info] - 
+---------+---------+---------+---------+---------+
| samples | nll     | ece     | aece    | cece    |
+---------+---------+---------+---------+---------+
| 5000    | 0.18571 | 0.01814 | 0.02441 | 0.00585 |
+---------+---------+---------+---------+---------+
[2026-05-09 16:55:25,547 INFO][traineradasmoothlossprojlogit.py:605 - train] - Epoch[302]	Best acc on Val : 0.9566 at epoch 283
[2026-05-09 16:55:25,548 INFO][traineradasmoothlossprojlogit.py:572 - train] - ====================
[2026-05-09 16:55:25,548 INFO][traineradasmoothlossprojlogit.py:573 - train] -  Start epoch 303
[2026-05-09 16:55:25,548 INFO][traineradasmoothlossprojlogit.py:574 - train] - ====================
[2026-05-09 16:55:31,474 INFO][traineradasmoothlossprojlogit.py:300 - log_iter_info] - Train Iter[100/351][303]	{"data_time": 0.0002, "batch_time": 0.05299, "loss": 0.141, "acc": 1.0, "mean_diffs": 6.39661}
[2026-05-09 16:55:36,769 INFO][traineradasmoothlossprojlogit.py:300 - log_iter_info] - Train Iter[200/351][303]	{"data_time": 0.0002, "batch_time": 0.05279, "loss": 0.11545, "acc": 1.0, "mean_diffs": 6.49826}
[2026-05-09 16:55:42,090 INFO][traineradasmoothlossprojlogit.py:300 - log_iter_info] - Train Iter[300/351][303]	{"data_time": 0.00037, "batch_time": 0.05332, "loss": 0.13988, "acc": 1.0, "mean_diffs": 6.40447}
[2026-05-09 16:55:44,903 INFO][traineradasmoothlossprojlogit.py:319 - log_epoch_info] - Train Epoch[303]	{"samples": 44928, "lr": 0.001, "loss": 0.13308, "acc": 0.99998, "acc_5": 1.0, "macc": 0.99998, "mean_diffs": 6.40255, "max_diffs": 6.65406, "margin": 6.06199}
[2026-05-09 16:55:46,184 INFO][traineradasmoothlossprojlogit.py:333 - log_eval_epoch_info] - Val Epoch[303]	{"samples": 5000, "loss": 0.30936, "acc": 0.953, "acc_5": 0.998, "macc": 0.95296, "nll": 0.1969, "ece": 0.01498, "aece": 0.02768, "cece": 0.00576, "mean_diffs": 6.17905, "max_diffs": 6.40411, "margin": 5.70764}
[2026-05-09 16:55:46,184 INFO][traineradasmoothlossprojlogit.py:336 - log_eval_epoch_info] - 
+---------+---------+---------+---------+
| samples | acc     | acc_5   | macc    |
+---------+---------+---------+---------+
| 5000    | 0.95300 | 0.99800 | 0.95296 |
+---------+---------+---------+---------+
[2026-05-09 16:55:46,184 INFO][traineradasmoothlossprojlogit.py:337 - log_eval_epoch_info] - 
+---------+---------+---------+---------+---------+
| samples | nll     | ece     | aece    | cece    |
+---------+---------+---------+---------+---------+
| 5000    | 0.19690 | 0.01498 | 0.02768 | 0.00576 |
+---------+---------+---------+---------+---------+
[2026-05-09 16:55:46,406 INFO][traineradasmoothlossprojlogit.py:605 - train] - Epoch[303]	Best acc on Val : 0.9566 at epoch 283
[2026-05-09 16:55:46,406 INFO][traineradasmoothlossprojlogit.py:572 - train] - ====================
[2026-05-09 16:55:46,406 INFO][traineradasmoothlossprojlogit.py:573 - train] -  Start epoch 304
[2026-05-09 16:55:46,406 INFO][traineradasmoothlossprojlogit.py:574 - train] - ====================
[2026-05-09 16:55:52,323 INFO][traineradasmoothlossprojlogit.py:300 - log_iter_info] - Train Iter[100/351][304]	{"data_time": 0.00021, "batch_time": 0.05277, "loss": 0.11297, "acc": 1.0, "mean_diffs": 6.50156}
[2026-05-09 16:55:57,611 INFO][traineradasmoothlossprojlogit.py:300 - log_iter_info] - Train Iter[200/351][304]	{"data_time": 0.00026, "batch_time": 0.05272, "loss": 0.16374, "acc": 1.0, "mean_diffs": 6.22099}
[2026-05-09 16:56:02,917 INFO][traineradasmoothlossprojlogit.py:300 - log_iter_info] - Train Iter[300/351][304]	{"data_time": 0.00022, "batch_time": 0.05281, "loss": 0.1457, "acc": 1.0, "mean_diffs": 6.50504}
[2026-05-09 16:56:05,741 INFO][traineradasmoothlossprojlogit.py:319 - log_epoch_info] - Train Epoch[304]	{"samples": 44928, "lr": 0.001, "loss": 0.13268, "acc": 0.99991, "acc_5": 1.0, "macc": 0.99991, "mean_diffs": 6.4099, "max_diffs": 6.65782, "margin": 6.0773}
[2026-05-09 16:56:07,030 INFO][traineradasmoothlossprojlogit.py:333 - log_eval_epoch_info] - Val Epoch[304]	{"samples": 5000, "loss": 0.29623, "acc": 0.9542, "acc_5": 0.9978, "macc": 0.95418, "nll": 0.19734, "ece": 0.01313, "aece": 0.02523, "cece": 0.00561, "mean_diffs": 6.1656, "max_diffs": 6.40932, "margin": 5.69004}
[2026-05-09 16:56:07,030 INFO][traineradasmoothlossprojlogit.py:336 - log_eval_epoch_info] - 
+---------+---------+---------+---------+
| samples | acc     | acc_5   | macc    |
+---------+---------+---------+---------+
| 5000    | 0.95420 | 0.99780 | 0.95418 |
+---------+---------+---------+---------+
[2026-05-09 16:56:07,030 INFO][traineradasmoothlossprojlogit.py:337 - log_eval_epoch_info] - 
+---------+---------+---------+---------+---------+
| samples | nll     | ece     | aece    | cece    |
+---------+---------+---------+---------+---------+
| 5000    | 0.19734 | 0.01313 | 0.02523 | 0.00561 |
+---------+---------+---------+---------+---------+
[2026-05-09 16:56:07,255 INFO][traineradasmoothlossprojlogit.py:605 - train] - Epoch[304]	Best acc on Val : 0.9566 at epoch 283
[2026-05-09 16:56:07,255 INFO][traineradasmoothlossprojlogit.py:572 - train] - ====================
[2026-05-09 16:56:07,256 INFO][traineradasmoothlossprojlogit.py:573 - train] -  Start epoch 305
[2026-05-09 16:56:07,256 INFO][traineradasmoothlossprojlogit.py:574 - train] - ====================
[2026-05-09 16:56:13,186 INFO][traineradasmoothlossprojlogit.py:300 - log_iter_info] - Train Iter[100/351][305]	{"data_time": 0.00041, "batch_time": 0.05335, "loss": 0.12894, "acc": 1.0, "mean_diffs": 6.4667}
[2026-05-09 16:56:18,482 INFO][traineradasmoothlossprojlogit.py:300 - log_iter_info] - Train Iter[200/351][305]	{"data_time": 0.0002, "batch_time": 0.05245, "loss": 0.11375, "acc": 1.0, "mean_diffs": 6.42186}
[2026-05-09 16:56:23,809 INFO][traineradasmoothlossprojlogit.py:300 - log_iter_info] - Train Iter[300/351][305]	{"data_time": 0.0002, "batch_time": 0.05299, "loss": 0.15231, "acc": 1.0, "mean_diffs": 6.3323}
[2026-05-09 16:56:26,620 INFO][traineradasmoothlossprojlogit.py:319 - log_epoch_info] - Train Epoch[305]	{"samples": 44928, "lr": 0.001, "loss": 0.13268, "acc": 0.99996, "acc_5": 1.0, "macc": 0.99996, "mean_diffs": 6.40992, "max_diffs": 6.6593, "margin": 6.07687}
[2026-05-09 16:56:27,914 INFO][traineradasmoothlossprojlogit.py:333 - log_eval_epoch_info] - Val Epoch[305]	{"samples": 5000, "loss": 0.28887, "acc": 0.953, "acc_5": 0.9974, "macc": 0.9528, "nll": 0.19294, "ece": 0.01526, "aece": 0.02532, "cece": 0.00571, "mean_diffs": 6.13819, "max_diffs": 6.35797, "margin": 5.67797}
[2026-05-09 16:56:27,914 INFO][traineradasmoothlossprojlogit.py:336 - log_eval_epoch_info] - 
+---------+---------+---------+---------+
| samples | acc     | acc_5   | macc    |
+---------+---------+---------+---------+
| 5000    | 0.95300 | 0.99740 | 0.95280 |
+---------+---------+---------+---------+
[2026-05-09 16:56:27,914 INFO][traineradasmoothlossprojlogit.py:337 - log_eval_epoch_info] - 
+---------+---------+---------+---------+---------+
| samples | nll     | ece     | aece    | cece    |
+---------+---------+---------+---------+---------+
| 5000    | 0.19294 | 0.01526 | 0.02532 | 0.00571 |
+---------+---------+---------+---------+---------+
[2026-05-09 16:56:28,136 INFO][traineradasmoothlossprojlogit.py:605 - train] - Epoch[305]	Best acc on Val : 0.9566 at epoch 283
[2026-05-09 16:56:28,136 INFO][traineradasmoothlossprojlogit.py:572 - train] - ====================
[2026-05-09 16:56:28,136 INFO][traineradasmoothlossprojlogit.py:573 - train] -  Start epoch 306
[2026-05-09 16:56:28,136 INFO][traineradasmoothlossprojlogit.py:574 - train] - ====================
[2026-05-09 16:56:34,311 INFO][traineradasmoothlossprojlogit.py:300 - log_iter_info] - Train Iter[100/351][306]	{"data_time": 0.00026, "batch_time": 0.05262, "loss": 0.11553, "acc": 1.0, "mean_diffs": 6.49358}
[2026-05-09 16:56:39,614 INFO][traineradasmoothlossprojlogit.py:300 - log_iter_info] - Train Iter[200/351][306]	{"data_time": 0.00025, "batch_time": 0.05278, "loss": 0.1534, "acc": 1.0, "mean_diffs": 6.37906}
[2026-05-09 16:56:44,925 INFO][traineradasmoothlossprojlogit.py:300 - log_iter_info] - Train Iter[300/351][306]	{"data_time": 0.00025, "batch_time": 0.05311, "loss": 0.11609, "acc": 1.0, "mean_diffs": 6.45223}
[2026-05-09 16:56:47,715 INFO][traineradasmoothlossprojlogit.py:319 - log_epoch_info] - Train Epoch[306]	{"samples": 44928, "lr": 0.001, "loss": 0.13258, "acc": 0.99991, "acc_5": 1.0, "macc": 0.99991, "mean_diffs": 6.41245, "max_diffs": 6.65784, "margin": 6.0827}
[2026-05-09 16:56:48,953 INFO][traineradasmoothlossprojlogit.py:333 - log_eval_epoch_info] - Val Epoch[306]	{"samples": 5000, "loss": 0.27503, "acc": 0.9518, "acc_5": 0.9976, "macc": 0.95163, "nll": 0.19308, "ece": 0.01737, "aece": 0.02639, "cece": 0.00591, "mean_diffs": 6.16065, "max_diffs": 6.37338, "margin": 5.71316}
[2026-05-09 16:56:48,953 INFO][traineradasmoothlossprojlogit.py:336 - log_eval_epoch_info] - 
+---------+---------+---------+---------+
| samples | acc     | acc_5   | macc    |
+---------+---------+---------+---------+
| 5000    | 0.95180 | 0.99760 | 0.95163 |
+---------+---------+---------+---------+
[2026-05-09 16:56:48,953 INFO][traineradasmoothlossprojlogit.py:337 - log_eval_epoch_info] - 
+---------+---------+---------+---------+---------+
| samples | nll     | ece     | aece    | cece    |
+---------+---------+---------+---------+---------+
| 5000    | 0.19308 | 0.01737 | 0.02639 | 0.00591 |
+---------+---------+---------+---------+---------+
[2026-05-09 16:56:49,173 INFO][traineradasmoothlossprojlogit.py:605 - train] - Epoch[306]	Best acc on Val : 0.9566 at epoch 283
[2026-05-09 16:56:49,173 INFO][traineradasmoothlossprojlogit.py:572 - train] - ====================
[2026-05-09 16:56:49,173 INFO][traineradasmoothlossprojlogit.py:573 - train] -  Start epoch 307
[2026-05-09 16:56:49,173 INFO][traineradasmoothlossprojlogit.py:574 - train] - ====================
[2026-05-09 16:56:55,067 INFO][traineradasmoothlossprojlogit.py:300 - log_iter_info] - Train Iter[100/351][307]	{"data_time": 0.0002, "batch_time": 0.05276, "loss": 0.12361, "acc": 1.0, "mean_diffs": 6.4911}
[2026-05-09 16:57:00,350 INFO][traineradasmoothlossprojlogit.py:300 - log_iter_info] - Train Iter[200/351][307]	{"data_time": 0.00021, "batch_time": 0.05291, "loss": 0.1201, "acc": 1.0, "mean_diffs": 6.45674}
[2026-05-09 16:57:05,651 INFO][traineradasmoothlossprojlogit.py:300 - log_iter_info] - Train Iter[300/351][307]	{"data_time": 0.00019, "batch_time": 0.05295, "loss": 0.11463, "acc": 1.0, "mean_diffs": 6.4852}
[2026-05-09 16:57:08,449 INFO][traineradasmoothlossprojlogit.py:319 - log_epoch_info] - Train Epoch[307]	{"samples": 44928, "lr": 0.001, "loss": 0.13251, "acc": 0.99996, "acc_5": 1.0, "macc": 0.99996, "mean_diffs": 6.40831, "max_diffs": 6.65098, "margin": 6.07782}
[2026-05-09 16:57:09,712 INFO][traineradasmoothlossprojlogit.py:333 - log_eval_epoch_info] - Val Epoch[307]	{"samples": 5000, "loss": 0.29399, "acc": 0.9536, "acc_5": 0.9978, "macc": 0.95348, "nll": 0.19451, "ece": 0.01587, "aece": 0.02532, "cece": 0.00577, "mean_diffs": 6.17564, "max_diffs": 6.40007, "margin": 5.71064}
[2026-05-09 16:57:09,712 INFO][traineradasmoothlossprojlogit.py:336 - log_eval_epoch_info] - 
+---------+---------+---------+---------+
| samples | acc     | acc_5   | macc    |
+---------+---------+---------+---------+
| 5000    | 0.95360 | 0.99780 | 0.95348 |
+---------+---------+---------+---------+
[2026-05-09 16:57:09,712 INFO][traineradasmoothlossprojlogit.py:337 - log_eval_epoch_info] - 
+---------+---------+---------+---------+---------+
| samples | nll     | ece     | aece    | cece    |
+---------+---------+---------+---------+---------+
| 5000    | 0.19451 | 0.01587 | 0.02532 | 0.00577 |
+---------+---------+---------+---------+---------+
[2026-05-09 16:57:09,933 INFO][traineradasmoothlossprojlogit.py:605 - train] - Epoch[307]	Best acc on Val : 0.9566 at epoch 283
[2026-05-09 16:57:09,933 INFO][traineradasmoothlossprojlogit.py:572 - train] - ====================
[2026-05-09 16:57:09,933 INFO][traineradasmoothlossprojlogit.py:573 - train] -  Start epoch 308
[2026-05-09 16:57:09,933 INFO][traineradasmoothlossprojlogit.py:574 - train] - ====================
[2026-05-09 16:57:15,834 INFO][traineradasmoothlossprojlogit.py:300 - log_iter_info] - Train Iter[100/351][308]	{"data_time": 0.0002, "batch_time": 0.05301, "loss": 0.13379, "acc": 1.0, "mean_diffs": 6.48469}
[2026-05-09 16:57:21,124 INFO][traineradasmoothlossprojlogit.py:300 - log_iter_info] - Train Iter[200/351][308]	{"data_time": 0.00021, "batch_time": 0.05298, "loss": 0.13019, "acc": 1.0, "mean_diffs": 6.39437}
[2026-05-09 16:57:26,429 INFO][traineradasmoothlossprojlogit.py:300 - log_iter_info] - Train Iter[300/351][308]	{"data_time": 0.00024, "batch_time": 0.05307, "loss": 0.13819, "acc": 1.0, "mean_diffs": 6.46448}
[2026-05-09 16:57:29,227 INFO][traineradasmoothlossprojlogit.py:319 - log_epoch_info] - Train Epoch[308]	{"samples": 44928, "lr": 0.001, "loss": 0.13277, "acc": 0.99993, "acc_5": 1.0, "macc": 0.99993, "mean_diffs": 6.40695, "max_diffs": 6.65, "margin": 6.079}
[2026-05-09 16:57:30,495 INFO][traineradasmoothlossprojlogit.py:333 - log_eval_epoch_info] - Val Epoch[308]	{"samples": 5000, "loss": 0.28661, "acc": 0.953, "acc_5": 0.9976, "macc": 0.95292, "nll": 0.19715, "ece": 0.01532, "aece": 0.0239, "cece": 0.00584, "mean_diffs": 6.16117, "max_diffs": 6.38029, "margin": 5.71984}
[2026-05-09 16:57:30,496 INFO][traineradasmoothlossprojlogit.py:336 - log_eval_epoch_info] - 
+---------+---------+---------+---------+
| samples | acc     | acc_5   | macc    |
+---------+---------+---------+---------+
| 5000    | 0.95300 | 0.99760 | 0.95292 |
+---------+---------+---------+---------+
[2026-05-09 16:57:30,496 INFO][traineradasmoothlossprojlogit.py:337 - log_eval_epoch_info] - 
+---------+---------+---------+---------+---------+
| samples | nll     | ece     | aece    | cece    |
+---------+---------+---------+---------+---------+
| 5000    | 0.19715 | 0.01532 | 0.02390 | 0.00584 |
+---------+---------+---------+---------+---------+
[2026-05-09 16:57:30,717 INFO][traineradasmoothlossprojlogit.py:605 - train] - Epoch[308]	Best acc on Val : 0.9566 at epoch 283
[2026-05-09 16:57:30,717 INFO][traineradasmoothlossprojlogit.py:572 - train] - ====================
[2026-05-09 16:57:30,717 INFO][traineradasmoothlossprojlogit.py:573 - train] -  Start epoch 309
[2026-05-09 16:57:30,717 INFO][traineradasmoothlossprojlogit.py:574 - train] - ====================
[2026-05-09 16:57:36,618 INFO][traineradasmoothlossprojlogit.py:300 - log_iter_info] - Train Iter[100/351][309]	{"data_time": 0.00026, "batch_time": 0.05286, "loss": 0.1267, "acc": 1.0, "mean_diffs": 6.34752}
[2026-05-09 16:57:41,905 INFO][traineradasmoothlossprojlogit.py:300 - log_iter_info] - Train Iter[200/351][309]	{"data_time": 0.0002, "batch_time": 0.05311, "loss": 0.14023, "acc": 1.0, "mean_diffs": 6.31456}
[2026-05-09 16:57:47,220 INFO][traineradasmoothlossprojlogit.py:300 - log_iter_info] - Train Iter[300/351][309]	{"data_time": 0.00019, "batch_time": 0.05295, "loss": 0.1388, "acc": 1.0, "mean_diffs": 6.33254}
[2026-05-09 16:57:50,015 INFO][traineradasmoothlossprojlogit.py:319 - log_epoch_info] - Train Epoch[309]	{"samples": 44928, "lr": 0.001, "loss": 0.13242, "acc": 0.99998, "acc_5": 1.0, "macc": 0.99998, "mean_diffs": 6.40761, "max_diffs": 6.65097, "margin": 6.08091}
[2026-05-09 16:57:51,311 INFO][traineradasmoothlossprojlogit.py:333 - log_eval_epoch_info] - Val Epoch[309]	{"samples": 5000, "loss": 0.29226, "acc": 0.9518, "acc_5": 0.9982, "macc": 0.95167, "nll": 0.19877, "ece": 0.01836, "aece": 0.02739, "cece": 0.00622, "mean_diffs": 6.14835, "max_diffs": 6.37893, "margin": 5.69623}
[2026-05-09 16:57:51,311 INFO][traineradasmoothlossprojlogit.py:336 - log_eval_epoch_info] - 
+---------+---------+---------+---------+
| samples | acc     | acc_5   | macc    |
+---------+---------+---------+---------+
| 5000    | 0.95180 | 0.99820 | 0.95167 |
+---------+---------+---------+---------+
[2026-05-09 16:57:51,311 INFO][traineradasmoothlossprojlogit.py:337 - log_eval_epoch_info] - 
+---------+---------+---------+---------+---------+
| samples | nll     | ece     | aece    | cece    |
+---------+---------+---------+---------+---------+
| 5000    | 0.19877 | 0.01836 | 0.02739 | 0.00622 |
+---------+---------+---------+---------+---------+
[2026-05-09 16:57:51,530 INFO][traineradasmoothlossprojlogit.py:605 - train] - Epoch[309]	Best acc on Val : 0.9566 at epoch 283
[2026-05-09 16:57:51,530 INFO][traineradasmoothlossprojlogit.py:572 - train] - ====================
[2026-05-09 16:57:51,530 INFO][traineradasmoothlossprojlogit.py:573 - train] -  Start epoch 310
[2026-05-09 16:57:51,530 INFO][traineradasmoothlossprojlogit.py:574 - train] - ====================
[2026-05-09 16:57:57,423 INFO][traineradasmoothlossprojlogit.py:300 - log_iter_info] - Train Iter[100/351][310]	{"data_time": 0.00022, "batch_time": 0.05299, "loss": 0.13247, "acc": 1.0, "mean_diffs": 6.36204}
[2026-05-09 16:58:02,723 INFO][traineradasmoothlossprojlogit.py:300 - log_iter_info] - Train Iter[200/351][310]	{"data_time": 0.00028, "batch_time": 0.05313, "loss": 0.13818, "acc": 1.0, "mean_diffs": 6.33909}
[2026-05-09 16:58:08,035 INFO][traineradasmoothlossprojlogit.py:300 - log_iter_info] - Train Iter[300/351][310]	{"data_time": 0.0002, "batch_time": 0.05307, "loss": 0.13477, "acc": 1.0, "mean_diffs": 6.45606}
[2026-05-09 16:58:10,833 INFO][traineradasmoothlossprojlogit.py:319 - log_epoch_info] - Train Epoch[310]	{"samples": 44928, "lr": 0.001, "loss": 0.133, "acc": 0.99984, "acc_5": 1.0, "macc": 0.99984, "mean_diffs": 6.39896, "max_diffs": 6.6447, "margin": 6.06933}
[2026-05-09 16:58:12,738 INFO][traineradasmoothlossprojlogit.py:333 - log_eval_epoch_info] - Val Epoch[310]	{"samples": 5000, "loss": 0.29858, "acc": 0.9518, "acc_5": 0.998, "macc": 0.95164, "nll": 0.19973, "ece": 0.01516, "aece": 0.02515, "cece": 0.00585, "mean_diffs": 6.17069, "max_diffs": 6.38695, "margin": 5.7112}
[2026-05-09 16:58:12,738 INFO][traineradasmoothlossprojlogit.py:336 - log_eval_epoch_info] - 
+---------+---------+---------+---------+
| samples | acc     | acc_5   | macc    |
+---------+---------+---------+---------+
| 5000    | 0.95180 | 0.99800 | 0.95164 |
+---------+---------+---------+---------+
[2026-05-09 16:58:12,738 INFO][traineradasmoothlossprojlogit.py:337 - log_eval_epoch_info] - 
+---------+---------+---------+---------+---------+
| samples | nll     | ece     | aece    | cece    |
+---------+---------+---------+---------+---------+
| 5000    | 0.19973 | 0.01516 | 0.02515 | 0.00585 |
+---------+---------+---------+---------+---------+
[2026-05-09 16:58:12,969 INFO][traineradasmoothlossprojlogit.py:605 - train] - Epoch[310]	Best acc on Val : 0.9566 at epoch 283
[2026-05-09 16:58:12,969 INFO][traineradasmoothlossprojlogit.py:572 - train] - ====================
[2026-05-09 16:58:12,969 INFO][traineradasmoothlossprojlogit.py:573 - train] -  Start epoch 311
[2026-05-09 16:58:12,969 INFO][traineradasmoothlossprojlogit.py:574 - train] - ====================
[2026-05-09 16:58:18,877 INFO][traineradasmoothlossprojlogit.py:300 - log_iter_info] - Train Iter[100/351][311]	{"data_time": 0.0002, "batch_time": 0.05275, "loss": 0.13389, "acc": 1.0, "mean_diffs": 6.47272}
[2026-05-09 16:58:24,167 INFO][traineradasmoothlossprojlogit.py:300 - log_iter_info] - Train Iter[200/351][311]	{"data_time": 0.00019, "batch_time": 0.05334, "loss": 0.13827, "acc": 1.0, "mean_diffs": 6.41616}
[2026-05-09 16:58:29,473 INFO][traineradasmoothlossprojlogit.py:300 - log_iter_info] - Train Iter[300/351][311]	{"data_time": 0.00023, "batch_time": 0.05281, "loss": 0.17895, "acc": 1.0, "mean_diffs": 6.12779}
[2026-05-09 16:58:32,273 INFO][traineradasmoothlossprojlogit.py:319 - log_epoch_info] - Train Epoch[311]	{"samples": 44928, "lr": 0.001, "loss": 0.1331, "acc": 0.99996, "acc_5": 1.0, "macc": 0.99996, "mean_diffs": 6.3969, "max_diffs": 6.64717, "margin": 6.06741}
[2026-05-09 16:58:33,535 INFO][traineradasmoothlossprojlogit.py:333 - log_eval_epoch_info] - Val Epoch[311]	{"samples": 5000, "loss": 0.2788, "acc": 0.954, "acc_5": 0.9974, "macc": 0.9538, "nll": 0.19237, "ece": 0.01352, "aece": 0.02651, "cece": 0.00565, "mean_diffs": 6.15073, "max_diffs": 6.36196, "margin": 5.70358}
[2026-05-09 16:58:33,536 INFO][traineradasmoothlossprojlogit.py:336 - log_eval_epoch_info] - 
+---------+---------+---------+---------+
| samples | acc     | acc_5   | macc    |
+---------+---------+---------+---------+
| 5000    | 0.95400 | 0.99740 | 0.95380 |
+---------+---------+---------+---------+
[2026-05-09 16:58:33,536 INFO][traineradasmoothlossprojlogit.py:337 - log_eval_epoch_info] - 
+---------+---------+---------+---------+---------+
| samples | nll     | ece     | aece    | cece    |
+---------+---------+---------+---------+---------+
| 5000    | 0.19237 | 0.01352 | 0.02651 | 0.00565 |
+---------+---------+---------+---------+---------+
[2026-05-09 16:58:33,759 INFO][traineradasmoothlossprojlogit.py:605 - train] - Epoch[311]	Best acc on Val : 0.9566 at epoch 283
[2026-05-09 16:58:33,759 INFO][traineradasmoothlossprojlogit.py:572 - train] - ====================
[2026-05-09 16:58:33,759 INFO][traineradasmoothlossprojlogit.py:573 - train] -  Start epoch 312
[2026-05-09 16:58:33,759 INFO][traineradasmoothlossprojlogit.py:574 - train] - ====================
[2026-05-09 16:58:39,673 INFO][traineradasmoothlossprojlogit.py:300 - log_iter_info] - Train Iter[100/351][312]	{"data_time": 0.0002, "batch_time": 0.05309, "loss": 0.1063, "acc": 1.0, "mean_diffs": 6.38304}
[2026-05-09 16:58:44,966 INFO][traineradasmoothlossprojlogit.py:300 - log_iter_info] - Train Iter[200/351][312]	{"data_time": 0.00021, "batch_time": 0.05307, "loss": 0.13198, "acc": 1.0, "mean_diffs": 6.41353}
[2026-05-09 16:58:50,276 INFO][traineradasmoothlossprojlogit.py:300 - log_iter_info] - Train Iter[300/351][312]	{"data_time": 0.00022, "batch_time": 0.05286, "loss": 0.16581, "acc": 1.0, "mean_diffs": 6.27221}
[2026-05-09 16:58:53,082 INFO][traineradasmoothlossprojlogit.py:319 - log_epoch_info] - Train Epoch[312]	{"samples": 44928, "lr": 0.001, "loss": 0.1322, "acc": 1.0, "acc_5": 1.0, "macc": 1.0, "mean_diffs": 6.41194, "max_diffs": 6.65457, "margin": 6.08715}
[2026-05-09 16:58:54,375 INFO][traineradasmoothlossprojlogit.py:333 - log_eval_epoch_info] - Val Epoch[312]	{"samples": 5000, "loss": 0.27703, "acc": 0.9544, "acc_5": 0.998, "macc": 0.9542, "nll": 0.19223, "ece": 0.01474, "aece": 0.02229, "cece": 0.00551, "mean_diffs": 6.16353, "max_diffs": 6.37982, "margin": 5.71497}
[2026-05-09 16:58:54,375 INFO][traineradasmoothlossprojlogit.py:336 - log_eval_epoch_info] - 
+---------+---------+---------+---------+
| samples | acc     | acc_5   | macc    |
+---------+---------+---------+---------+
| 5000    | 0.95440 | 0.99800 | 0.95420 |
+---------+---------+---------+---------+
[2026-05-09 16:58:54,375 INFO][traineradasmoothlossprojlogit.py:337 - log_eval_epoch_info] - 
+---------+---------+---------+---------+---------+
| samples | nll     | ece     | aece    | cece    |
+---------+---------+---------+---------+---------+
| 5000    | 0.19223 | 0.01474 | 0.02229 | 0.00551 |
+---------+---------+---------+---------+---------+
[2026-05-09 16:58:54,595 INFO][traineradasmoothlossprojlogit.py:605 - train] - Epoch[312]	Best acc on Val : 0.9566 at epoch 283
[2026-05-09 16:58:54,595 INFO][traineradasmoothlossprojlogit.py:572 - train] - ====================
[2026-05-09 16:58:54,595 INFO][traineradasmoothlossprojlogit.py:573 - train] -  Start epoch 313
[2026-05-09 16:58:54,595 INFO][traineradasmoothlossprojlogit.py:574 - train] - ====================
[2026-05-09 16:59:00,509 INFO][traineradasmoothlossprojlogit.py:300 - log_iter_info] - Train Iter[100/351][313]	{"data_time": 0.00025, "batch_time": 0.05274, "loss": 0.11511, "acc": 1.0, "mean_diffs": 6.55888}
[2026-05-09 16:59:05,805 INFO][traineradasmoothlossprojlogit.py:300 - log_iter_info] - Train Iter[200/351][313]	{"data_time": 0.00019, "batch_time": 0.05287, "loss": 0.12236, "acc": 1.0, "mean_diffs": 6.49337}
[2026-05-09 16:59:11,121 INFO][traineradasmoothlossprojlogit.py:300 - log_iter_info] - Train Iter[300/351][313]	{"data_time": 0.0002, "batch_time": 0.05292, "loss": 0.11725, "acc": 1.0, "mean_diffs": 6.52106}
[2026-05-09 16:59:13,935 INFO][traineradasmoothlossprojlogit.py:319 - log_epoch_info] - Train Epoch[313]	{"samples": 44928, "lr": 0.001, "loss": 0.13285, "acc": 0.99989, "acc_5": 1.0, "macc": 0.99989, "mean_diffs": 6.40205, "max_diffs": 6.64432, "margin": 6.08016}
[2026-05-09 16:59:15,206 INFO][traineradasmoothlossprojlogit.py:333 - log_eval_epoch_info] - Val Epoch[313]	{"samples": 5000, "loss": 0.27566, "acc": 0.953, "acc_5": 0.9972, "macc": 0.95276, "nll": 0.19198, "ece": 0.01515, "aece": 0.02645, "cece": 0.0057, "mean_diffs": 6.13516, "max_diffs": 6.35072, "margin": 5.6944}
[2026-05-09 16:59:15,206 INFO][traineradasmoothlossprojlogit.py:336 - log_eval_epoch_info] - 
+---------+---------+---------+---------+
| samples | acc     | acc_5   | macc    |
+---------+---------+---------+---------+
| 5000    | 0.95300 | 0.99720 | 0.95276 |
+---------+---------+---------+---------+
[2026-05-09 16:59:15,206 INFO][traineradasmoothlossprojlogit.py:337 - log_eval_epoch_info] - 
+---------+---------+---------+---------+---------+
| samples | nll     | ece     | aece    | cece    |
+---------+---------+---------+---------+---------+
| 5000    | 0.19198 | 0.01515 | 0.02645 | 0.00570 |
+---------+---------+---------+---------+---------+
[2026-05-09 16:59:15,429 INFO][traineradasmoothlossprojlogit.py:605 - train] - Epoch[313]	Best acc on Val : 0.9566 at epoch 283
[2026-05-09 16:59:15,429 INFO][traineradasmoothlossprojlogit.py:572 - train] - ====================
[2026-05-09 16:59:15,429 INFO][traineradasmoothlossprojlogit.py:573 - train] -  Start epoch 314
[2026-05-09 16:59:15,429 INFO][traineradasmoothlossprojlogit.py:574 - train] - ====================
[2026-05-09 16:59:21,605 INFO][traineradasmoothlossprojlogit.py:300 - log_iter_info] - Train Iter[100/351][314]	{"data_time": 0.00021, "batch_time": 0.05299, "loss": 0.10034, "acc": 1.0, "mean_diffs": 6.4408}
[2026-05-09 16:59:26,903 INFO][traineradasmoothlossprojlogit.py:300 - log_iter_info] - Train Iter[200/351][314]	{"data_time": 0.00021, "batch_time": 0.05314, "loss": 0.14634, "acc": 1.0, "mean_diffs": 6.37923}
[2026-05-09 16:59:32,219 INFO][traineradasmoothlossprojlogit.py:300 - log_iter_info] - Train Iter[300/351][314]	{"data_time": 0.00037, "batch_time": 0.05331, "loss": 0.11851, "acc": 1.0, "mean_diffs": 6.4932}
[2026-05-09 16:59:35,025 INFO][traineradasmoothlossprojlogit.py:319 - log_epoch_info] - Train Epoch[314]	{"samples": 44928, "lr": 0.001, "loss": 0.13241, "acc": 0.99996, "acc_5": 1.0, "macc": 0.99996, "mean_diffs": 6.40764, "max_diffs": 6.64866, "margin": 6.08877}
[2026-05-09 16:59:36,299 INFO][traineradasmoothlossprojlogit.py:333 - log_eval_epoch_info] - Val Epoch[314]	{"samples": 5000, "loss": 0.29377, "acc": 0.9534, "acc_5": 0.9972, "macc": 0.95329, "nll": 0.19764, "ece": 0.01209, "aece": 0.02546, "cece": 0.00561, "mean_diffs": 6.17355, "max_diffs": 6.38936, "margin": 5.72814}
[2026-05-09 16:59:36,299 INFO][traineradasmoothlossprojlogit.py:336 - log_eval_epoch_info] - 
+---------+---------+---------+---------+
| samples | acc     | acc_5   | macc    |
+---------+---------+---------+---------+
| 5000    | 0.95340 | 0.99720 | 0.95329 |
+---------+---------+---------+---------+
[2026-05-09 16:59:36,300 INFO][traineradasmoothlossprojlogit.py:337 - log_eval_epoch_info] - 
+---------+---------+---------+---------+---------+
| samples | nll     | ece     | aece    | cece    |
+---------+---------+---------+---------+---------+
| 5000    | 0.19764 | 0.01209 | 0.02546 | 0.00561 |
+---------+---------+---------+---------+---------+
[2026-05-09 16:59:36,521 INFO][traineradasmoothlossprojlogit.py:605 - train] - Epoch[314]	Best acc on Val : 0.9566 at epoch 283
[2026-05-09 16:59:36,521 INFO][traineradasmoothlossprojlogit.py:572 - train] - ====================
[2026-05-09 16:59:36,521 INFO][traineradasmoothlossprojlogit.py:573 - train] -  Start epoch 315
[2026-05-09 16:59:36,521 INFO][traineradasmoothlossprojlogit.py:574 - train] - ====================
[2026-05-09 16:59:42,438 INFO][traineradasmoothlossprojlogit.py:300 - log_iter_info] - Train Iter[100/351][315]	{"data_time": 0.00021, "batch_time": 0.05271, "loss": 0.13944, "acc": 1.0, "mean_diffs": 6.46586}
[2026-05-09 16:59:47,734 INFO][traineradasmoothlossprojlogit.py:300 - log_iter_info] - Train Iter[200/351][315]	{"data_time": 0.00026, "batch_time": 0.05299, "loss": 0.12971, "acc": 1.0, "mean_diffs": 6.40901}
[2026-05-09 16:59:53,044 INFO][traineradasmoothlossprojlogit.py:300 - log_iter_info] - Train Iter[300/351][315]	{"data_time": 0.00023, "batch_time": 0.0531, "loss": 0.12415, "acc": 1.0, "mean_diffs": 6.41664}
[2026-05-09 16:59:55,850 INFO][traineradasmoothlossprojlogit.py:319 - log_epoch_info] - Train Epoch[315]	{"samples": 44928, "lr": 0.001, "loss": 0.13268, "acc": 0.99991, "acc_5": 1.0, "macc": 0.99991, "mean_diffs": 6.40542, "max_diffs": 6.64738, "margin": 6.0846}
[2026-05-09 16:59:57,114 INFO][traineradasmoothlossprojlogit.py:333 - log_eval_epoch_info] - Val Epoch[315]	{"samples": 5000, "loss": 0.30465, "acc": 0.9534, "acc_5": 0.9974, "macc": 0.95329, "nll": 0.1963, "ece": 0.01412, "aece": 0.02569, "cece": 0.00599, "mean_diffs": 6.17454, "max_diffs": 6.38755, "margin": 5.72794}
[2026-05-09 16:59:57,114 INFO][traineradasmoothlossprojlogit.py:336 - log_eval_epoch_info] - 
+---------+---------+---------+---------+
| samples | acc     | acc_5   | macc    |
+---------+---------+---------+---------+
| 5000    | 0.95340 | 0.99740 | 0.95329 |
+---------+---------+---------+---------+
[2026-05-09 16:59:57,115 INFO][traineradasmoothlossprojlogit.py:337 - log_eval_epoch_info] - 
+---------+---------+---------+---------+---------+
| samples | nll     | ece     | aece    | cece    |
+---------+---------+---------+---------+---------+
| 5000    | 0.19630 | 0.01412 | 0.02569 | 0.00599 |
+---------+---------+---------+---------+---------+
[2026-05-09 16:59:57,335 INFO][traineradasmoothlossprojlogit.py:605 - train] - Epoch[315]	Best acc on Val : 0.9566 at epoch 283
[2026-05-09 16:59:57,335 INFO][traineradasmoothlossprojlogit.py:572 - train] - ====================
[2026-05-09 16:59:57,335 INFO][traineradasmoothlossprojlogit.py:573 - train] -  Start epoch 316
[2026-05-09 16:59:57,336 INFO][traineradasmoothlossprojlogit.py:574 - train] - ====================
[2026-05-09 17:00:03,247 INFO][traineradasmoothlossprojlogit.py:300 - log_iter_info] - Train Iter[100/351][316]	{"data_time": 0.00025, "batch_time": 0.05284, "loss": 0.1294, "acc": 1.0, "mean_diffs": 6.27539}
[2026-05-09 17:00:08,544 INFO][traineradasmoothlossprojlogit.py:300 - log_iter_info] - Train Iter[200/351][316]	{"data_time": 0.0002, "batch_time": 0.05298, "loss": 0.11112, "acc": 1.0, "mean_diffs": 6.44754}
[2026-05-09 17:00:13,855 INFO][traineradasmoothlossprojlogit.py:300 - log_iter_info] - Train Iter[300/351][316]	{"data_time": 0.00027, "batch_time": 0.05411, "loss": 0.11861, "acc": 1.0, "mean_diffs": 6.39692}
[2026-05-09 17:00:16,651 INFO][traineradasmoothlossprojlogit.py:319 - log_epoch_info] - Train Epoch[316]	{"samples": 44928, "lr": 0.001, "loss": 0.13281, "acc": 1.0, "acc_5": 1.0, "macc": 1.0, "mean_diffs": 6.40537, "max_diffs": 6.64693, "margin": 6.08742}
[2026-05-09 17:00:17,932 INFO][traineradasmoothlossprojlogit.py:333 - log_eval_epoch_info] - Val Epoch[316]	{"samples": 5000, "loss": 0.30662, "acc": 0.9538, "acc_5": 0.9974, "macc": 0.95369, "nll": 0.19465, "ece": 0.0127, "aece": 0.02442, "cece": 0.0058, "mean_diffs": 6.15804, "max_diffs": 6.37497, "margin": 5.71155}
[2026-05-09 17:00:17,932 INFO][traineradasmoothlossprojlogit.py:336 - log_eval_epoch_info] - 
+---------+---------+---------+---------+
| samples | acc     | acc_5   | macc    |
+---------+---------+---------+---------+
| 5000    | 0.95380 | 0.99740 | 0.95369 |
+---------+---------+---------+---------+
[2026-05-09 17:00:17,933 INFO][traineradasmoothlossprojlogit.py:337 - log_eval_epoch_info] - 
+---------+---------+---------+---------+---------+
| samples | nll     | ece     | aece    | cece    |
+---------+---------+---------+---------+---------+
| 5000    | 0.19465 | 0.01270 | 0.02442 | 0.00580 |
+---------+---------+---------+---------+---------+
[2026-05-09 17:00:18,155 INFO][traineradasmoothlossprojlogit.py:605 - train] - Epoch[316]	Best acc on Val : 0.9566 at epoch 283
[2026-05-09 17:00:18,155 INFO][traineradasmoothlossprojlogit.py:572 - train] - ====================
[2026-05-09 17:00:18,155 INFO][traineradasmoothlossprojlogit.py:573 - train] -  Start epoch 317
[2026-05-09 17:00:18,155 INFO][traineradasmoothlossprojlogit.py:574 - train] - ====================
[2026-05-09 17:00:24,056 INFO][traineradasmoothlossprojlogit.py:300 - log_iter_info] - Train Iter[100/351][317]	{"data_time": 0.00026, "batch_time": 0.05277, "loss": 0.15877, "acc": 1.0, "mean_diffs": 6.27526}
[2026-05-09 17:00:29,349 INFO][traineradasmoothlossprojlogit.py:300 - log_iter_info] - Train Iter[200/351][317]	{"data_time": 0.00024, "batch_time": 0.0528, "loss": 0.14576, "acc": 1.0, "mean_diffs": 6.3698}
[2026-05-09 17:00:34,651 INFO][traineradasmoothlossprojlogit.py:300 - log_iter_info] - Train Iter[300/351][317]	{"data_time": 0.00024, "batch_time": 0.05345, "loss": 0.14066, "acc": 1.0, "mean_diffs": 6.28789}
[2026-05-09 17:00:37,458 INFO][traineradasmoothlossprojlogit.py:319 - log_epoch_info] - Train Epoch[317]	{"samples": 44928, "lr": 0.001, "loss": 0.13286, "acc": 0.99996, "acc_5": 1.0, "macc": 0.99996, "mean_diffs": 6.40004, "max_diffs": 6.64405, "margin": 6.07778}
[2026-05-09 17:00:38,704 INFO][traineradasmoothlossprojlogit.py:333 - log_eval_epoch_info] - Val Epoch[317]	{"samples": 5000, "loss": 0.30005, "acc": 0.9552, "acc_5": 0.9974, "macc": 0.9551, "nll": 0.19769, "ece": 0.0139, "aece": 0.02244, "cece": 0.00581, "mean_diffs": 6.18371, "max_diffs": 6.41371, "margin": 5.72932}
[2026-05-09 17:00:38,704 INFO][traineradasmoothlossprojlogit.py:336 - log_eval_epoch_info] - 
+---------+---------+---------+---------+
| samples | acc     | acc_5   | macc    |
+---------+---------+---------+---------+
| 5000    | 0.95520 | 0.99740 | 0.95510 |
+---------+---------+---------+---------+
[2026-05-09 17:00:38,705 INFO][traineradasmoothlossprojlogit.py:337 - log_eval_epoch_info] - 
+---------+---------+---------+---------+---------+
| samples | nll     | ece     | aece    | cece    |
+---------+---------+---------+---------+---------+
| 5000    | 0.19769 | 0.01390 | 0.02244 | 0.00581 |
+---------+---------+---------+---------+---------+
[2026-05-09 17:00:38,928 INFO][traineradasmoothlossprojlogit.py:605 - train] - Epoch[317]	Best acc on Val : 0.9566 at epoch 283
[2026-05-09 17:00:38,928 INFO][traineradasmoothlossprojlogit.py:572 - train] - ====================
[2026-05-09 17:00:38,928 INFO][traineradasmoothlossprojlogit.py:573 - train] -  Start epoch 318
[2026-05-09 17:00:38,928 INFO][traineradasmoothlossprojlogit.py:574 - train] - ====================
[2026-05-09 17:00:45,115 INFO][traineradasmoothlossprojlogit.py:300 - log_iter_info] - Train Iter[100/351][318]	{"data_time": 0.00043, "batch_time": 0.05316, "loss": 0.14502, "acc": 1.0, "mean_diffs": 6.40488}
[2026-05-09 17:00:50,406 INFO][traineradasmoothlossprojlogit.py:300 - log_iter_info] - Train Iter[200/351][318]	{"data_time": 0.00021, "batch_time": 0.05308, "loss": 0.13704, "acc": 1.0, "mean_diffs": 6.47586}
[2026-05-09 17:00:55,706 INFO][traineradasmoothlossprojlogit.py:300 - log_iter_info] - Train Iter[300/351][318]	{"data_time": 0.00019, "batch_time": 0.0533, "loss": 0.12105, "acc": 1.0, "mean_diffs": 6.55466}
[2026-05-09 17:00:58,527 INFO][traineradasmoothlossprojlogit.py:319 - log_epoch_info] - Train Epoch[318]	{"samples": 44928, "lr": 0.001, "loss": 0.13282, "acc": 0.99993, "acc_5": 1.0, "macc": 0.99993, "mean_diffs": 6.39864, "max_diffs": 6.64282, "margin": 6.07841}
[2026-05-09 17:00:59,797 INFO][traineradasmoothlossprojlogit.py:333 - log_eval_epoch_info] - Val Epoch[318]	{"samples": 5000, "loss": 0.28173, "acc": 0.9536, "acc_5": 0.9974, "macc": 0.95341, "nll": 0.19103, "ece": 0.01648, "aece": 0.02327, "cece": 0.00566, "mean_diffs": 6.15413, "max_diffs": 6.36127, "margin": 5.71592}
[2026-05-09 17:00:59,797 INFO][traineradasmoothlossprojlogit.py:336 - log_eval_epoch_info] - 
+---------+---------+---------+---------+
| samples | acc     | acc_5   | macc    |
+---------+---------+---------+---------+
| 5000    | 0.95360 | 0.99740 | 0.95341 |
+---------+---------+---------+---------+
[2026-05-09 17:00:59,797 INFO][traineradasmoothlossprojlogit.py:337 - log_eval_epoch_info] - 
+---------+---------+---------+---------+---------+
| samples | nll     | ece     | aece    | cece    |
+---------+---------+---------+---------+---------+
| 5000    | 0.19103 | 0.01648 | 0.02327 | 0.00566 |
+---------+---------+---------+---------+---------+
[2026-05-09 17:01:00,020 INFO][traineradasmoothlossprojlogit.py:605 - train] - Epoch[318]	Best acc on Val : 0.9566 at epoch 283
[2026-05-09 17:01:00,021 INFO][traineradasmoothlossprojlogit.py:572 - train] - ====================
[2026-05-09 17:01:00,021 INFO][traineradasmoothlossprojlogit.py:573 - train] -  Start epoch 319
[2026-05-09 17:01:00,021 INFO][traineradasmoothlossprojlogit.py:574 - train] - ====================
[2026-05-09 17:01:05,925 INFO][traineradasmoothlossprojlogit.py:300 - log_iter_info] - Train Iter[100/351][319]	{"data_time": 0.00021, "batch_time": 0.0531, "loss": 0.12548, "acc": 1.0, "mean_diffs": 6.45261}
[2026-05-09 17:01:11,214 INFO][traineradasmoothlossprojlogit.py:300 - log_iter_info] - Train Iter[200/351][319]	{"data_time": 0.00019, "batch_time": 0.05289, "loss": 0.12805, "acc": 1.0, "mean_diffs": 6.37259}
[2026-05-09 17:01:16,512 INFO][traineradasmoothlossprojlogit.py:300 - log_iter_info] - Train Iter[300/351][319]	{"data_time": 0.00019, "batch_time": 0.05394, "loss": 0.1419, "acc": 1.0, "mean_diffs": 6.33208}
[2026-05-09 17:01:19,324 INFO][traineradasmoothlossprojlogit.py:319 - log_epoch_info] - Train Epoch[319]	{"samples": 44928, "lr": 0.001, "loss": 0.13263, "acc": 1.0, "acc_5": 1.0, "macc": 1.0, "mean_diffs": 6.40471, "max_diffs": 6.6447, "margin": 6.08877}
[2026-05-09 17:01:20,588 INFO][traineradasmoothlossprojlogit.py:333 - log_eval_epoch_info] - Val Epoch[319]	{"samples": 5000, "loss": 0.27502, "acc": 0.9528, "acc_5": 0.998, "macc": 0.9526, "nll": 0.19079, "ece": 0.01617, "aece": 0.0256, "cece": 0.00566, "mean_diffs": 6.15802, "max_diffs": 6.36606, "margin": 5.71553}
[2026-05-09 17:01:20,589 INFO][traineradasmoothlossprojlogit.py:336 - log_eval_epoch_info] - 
+---------+---------+---------+---------+
| samples | acc     | acc_5   | macc    |
+---------+---------+---------+---------+
| 5000    | 0.95280 | 0.99800 | 0.95260 |
+---------+---------+---------+---------+
[2026-05-09 17:01:20,589 INFO][traineradasmoothlossprojlogit.py:337 - log_eval_epoch_info] - 
+---------+---------+---------+---------+---------+
| samples | nll     | ece     | aece    | cece    |
+---------+---------+---------+---------+---------+
| 5000    | 0.19079 | 0.01617 | 0.02560 | 0.00566 |
+---------+---------+---------+---------+---------+
[2026-05-09 17:01:20,810 INFO][traineradasmoothlossprojlogit.py:605 - train] - Epoch[319]	Best acc on Val : 0.9566 at epoch 283
[2026-05-09 17:01:20,810 INFO][traineradasmoothlossprojlogit.py:572 - train] - ====================
[2026-05-09 17:01:20,810 INFO][traineradasmoothlossprojlogit.py:573 - train] -  Start epoch 320
[2026-05-09 17:01:20,810 INFO][traineradasmoothlossprojlogit.py:574 - train] - ====================
[2026-05-09 17:01:26,707 INFO][traineradasmoothlossprojlogit.py:300 - log_iter_info] - Train Iter[100/351][320]	{"data_time": 0.00025, "batch_time": 0.05314, "loss": 0.11793, "acc": 1.0, "mean_diffs": 6.46506}
[2026-05-09 17:01:32,013 INFO][traineradasmoothlossprojlogit.py:300 - log_iter_info] - Train Iter[200/351][320]	{"data_time": 0.00025, "batch_time": 0.05294, "loss": 0.1232, "acc": 1.0, "mean_diffs": 6.39293}
[2026-05-09 17:01:37,321 INFO][traineradasmoothlossprojlogit.py:300 - log_iter_info] - Train Iter[300/351][320]	{"data_time": 0.00022, "batch_time": 0.05433, "loss": 0.12319, "acc": 1.0, "mean_diffs": 6.45389}
[2026-05-09 17:01:40,132 INFO][traineradasmoothlossprojlogit.py:319 - log_epoch_info] - Train Epoch[320]	{"samples": 44928, "lr": 0.001, "loss": 0.13293, "acc": 0.99996, "acc_5": 1.0, "macc": 0.99996, "mean_diffs": 6.39952, "max_diffs": 6.64407, "margin": 6.08136}
[2026-05-09 17:01:41,414 INFO][traineradasmoothlossprojlogit.py:333 - log_eval_epoch_info] - Val Epoch[320]	{"samples": 5000, "loss": 0.28965, "acc": 0.9528, "acc_5": 0.998, "macc": 0.95272, "nll": 0.19693, "ece": 0.01378, "aece": 0.02673, "cece": 0.00589, "mean_diffs": 6.16934, "max_diffs": 6.3749, "margin": 5.72989}
[2026-05-09 17:01:41,414 INFO][traineradasmoothlossprojlogit.py:336 - log_eval_epoch_info] - 
+---------+---------+---------+---------+
| samples | acc     | acc_5   | macc    |
+---------+---------+---------+---------+
| 5000    | 0.95280 | 0.99800 | 0.95272 |
+---------+---------+---------+---------+
[2026-05-09 17:01:41,414 INFO][traineradasmoothlossprojlogit.py:337 - log_eval_epoch_info] - 
+---------+---------+---------+---------+---------+
| samples | nll     | ece     | aece    | cece    |
+---------+---------+---------+---------+---------+
| 5000    | 0.19693 | 0.01378 | 0.02673 | 0.00589 |
+---------+---------+---------+---------+---------+
[2026-05-09 17:01:41,633 INFO][traineradasmoothlossprojlogit.py:605 - train] - Epoch[320]	Best acc on Val : 0.9566 at epoch 283
[2026-05-09 17:01:41,633 INFO][traineradasmoothlossprojlogit.py:572 - train] - ====================
[2026-05-09 17:01:41,633 INFO][traineradasmoothlossprojlogit.py:573 - train] -  Start epoch 321
[2026-05-09 17:01:41,633 INFO][traineradasmoothlossprojlogit.py:574 - train] - ====================
[2026-05-09 17:01:47,526 INFO][traineradasmoothlossprojlogit.py:300 - log_iter_info] - Train Iter[100/351][321]	{"data_time": 0.00022, "batch_time": 0.05275, "loss": 0.11293, "acc": 1.0, "mean_diffs": 6.49863}
[2026-05-09 17:01:52,821 INFO][traineradasmoothlossprojlogit.py:300 - log_iter_info] - Train Iter[200/351][321]	{"data_time": 0.0002, "batch_time": 0.05339, "loss": 0.12064, "acc": 1.0, "mean_diffs": 6.51769}
[2026-05-09 17:01:58,119 INFO][traineradasmoothlossprojlogit.py:300 - log_iter_info] - Train Iter[300/351][321]	{"data_time": 0.00016, "batch_time": 0.05281, "loss": 0.12165, "acc": 1.0, "mean_diffs": 6.40965}
[2026-05-09 17:02:00,932 INFO][traineradasmoothlossprojlogit.py:319 - log_epoch_info] - Train Epoch[321]	{"samples": 44928, "lr": 0.001, "loss": 0.13272, "acc": 0.99993, "acc_5": 1.0, "macc": 0.99993, "mean_diffs": 6.39946, "max_diffs": 6.63877, "margin": 6.08423}
[2026-05-09 17:02:02,207 INFO][traineradasmoothlossprojlogit.py:333 - log_eval_epoch_info] - Val Epoch[321]	{"samples": 5000, "loss": 0.2982, "acc": 0.9546, "acc_5": 0.9974, "macc": 0.95443, "nll": 0.19079, "ece": 0.01388, "aece": 0.02278, "cece": 0.0054, "mean_diffs": 6.1514, "max_diffs": 6.3605, "margin": 5.71148}
[2026-05-09 17:02:02,207 INFO][traineradasmoothlossprojlogit.py:336 - log_eval_epoch_info] - 
+---------+---------+---------+---------+
| samples | acc     | acc_5   | macc    |
+---------+---------+---------+---------+
| 5000    | 0.95460 | 0.99740 | 0.95443 |
+---------+---------+---------+---------+
[2026-05-09 17:02:02,207 INFO][traineradasmoothlossprojlogit.py:337 - log_eval_epoch_info] - 
+---------+---------+---------+---------+---------+
| samples | nll     | ece     | aece    | cece    |
+---------+---------+---------+---------+---------+
| 5000    | 0.19079 | 0.01388 | 0.02278 | 0.00540 |
+---------+---------+---------+---------+---------+
[2026-05-09 17:02:02,428 INFO][traineradasmoothlossprojlogit.py:605 - train] - Epoch[321]	Best acc on Val : 0.9566 at epoch 283
[2026-05-09 17:02:02,428 INFO][traineradasmoothlossprojlogit.py:572 - train] - ====================
[2026-05-09 17:02:02,428 INFO][traineradasmoothlossprojlogit.py:573 - train] -  Start epoch 322
[2026-05-09 17:02:02,428 INFO][traineradasmoothlossprojlogit.py:574 - train] - ====================
[2026-05-09 17:02:08,581 INFO][traineradasmoothlossprojlogit.py:300 - log_iter_info] - Train Iter[100/351][322]	{"data_time": 0.00022, "batch_time": 0.05318, "loss": 0.14007, "acc": 1.0, "mean_diffs": 6.39907}
[2026-05-09 17:02:13,881 INFO][traineradasmoothlossprojlogit.py:300 - log_iter_info] - Train Iter[200/351][322]	{"data_time": 0.00041, "batch_time": 0.05321, "loss": 0.12215, "acc": 1.0, "mean_diffs": 6.44251}
[2026-05-09 17:02:19,185 INFO][traineradasmoothlossprojlogit.py:300 - log_iter_info] - Train Iter[300/351][322]	{"data_time": 0.00034, "batch_time": 0.0527, "loss": 0.14082, "acc": 1.0, "mean_diffs": 6.4135}
[2026-05-09 17:02:22,000 INFO][traineradasmoothlossprojlogit.py:319 - log_epoch_info] - Train Epoch[322]	{"samples": 44928, "lr": 0.001, "loss": 0.13334, "acc": 0.99996, "acc_5": 1.0, "macc": 0.99996, "mean_diffs": 6.39434, "max_diffs": 6.63817, "margin": 6.07645}
[2026-05-09 17:02:23,267 INFO][traineradasmoothlossprojlogit.py:333 - log_eval_epoch_info] - Val Epoch[322]	{"samples": 5000, "loss": 0.27745, "acc": 0.9542, "acc_5": 0.9976, "macc": 0.95406, "nll": 0.19077, "ece": 0.01607, "aece": 0.02298, "cece": 0.00562, "mean_diffs": 6.1633, "max_diffs": 6.3636, "margin": 5.7388}
[2026-05-09 17:02:23,267 INFO][traineradasmoothlossprojlogit.py:336 - log_eval_epoch_info] - 
+---------+---------+---------+---------+
| samples | acc     | acc_5   | macc    |
+---------+---------+---------+---------+
| 5000    | 0.95420 | 0.99760 | 0.95406 |
+---------+---------+---------+---------+
[2026-05-09 17:02:23,267 INFO][traineradasmoothlossprojlogit.py:337 - log_eval_epoch_info] - 
+---------+---------+---------+---------+---------+
| samples | nll     | ece     | aece    | cece    |
+---------+---------+---------+---------+---------+
| 5000    | 0.19077 | 0.01607 | 0.02298 | 0.00562 |
+---------+---------+---------+---------+---------+
[2026-05-09 17:02:23,487 INFO][traineradasmoothlossprojlogit.py:605 - train] - Epoch[322]	Best acc on Val : 0.9566 at epoch 283
[2026-05-09 17:02:23,487 INFO][traineradasmoothlossprojlogit.py:572 - train] - ====================
[2026-05-09 17:02:23,487 INFO][traineradasmoothlossprojlogit.py:573 - train] -  Start epoch 323
[2026-05-09 17:02:23,488 INFO][traineradasmoothlossprojlogit.py:574 - train] - ====================
[2026-05-09 17:02:29,386 INFO][traineradasmoothlossprojlogit.py:300 - log_iter_info] - Train Iter[100/351][323]	{"data_time": 0.00025, "batch_time": 0.05303, "loss": 0.13093, "acc": 1.0, "mean_diffs": 6.44537}
[2026-05-09 17:02:34,682 INFO][traineradasmoothlossprojlogit.py:300 - log_iter_info] - Train Iter[200/351][323]	{"data_time": 0.00037, "batch_time": 0.05308, "loss": 0.14054, "acc": 1.0, "mean_diffs": 6.41106}
[2026-05-09 17:02:39,984 INFO][traineradasmoothlossprojlogit.py:300 - log_iter_info] - Train Iter[300/351][323]	{"data_time": 0.00025, "batch_time": 0.0531, "loss": 0.12781, "acc": 1.0, "mean_diffs": 6.4994}
[2026-05-09 17:02:42,799 INFO][traineradasmoothlossprojlogit.py:319 - log_epoch_info] - Train Epoch[323]	{"samples": 44928, "lr": 0.001, "loss": 0.13237, "acc": 0.99998, "acc_5": 1.0, "macc": 0.99998, "mean_diffs": 6.41016, "max_diffs": 6.64525, "margin": 6.10067}
[2026-05-09 17:02:44,059 INFO][traineradasmoothlossprojlogit.py:333 - log_eval_epoch_info] - Val Epoch[323]	{"samples": 5000, "loss": 0.2773, "acc": 0.9538, "acc_5": 0.9974, "macc": 0.95368, "nll": 0.19418, "ece": 0.01607, "aece": 0.02544, "cece": 0.00566, "mean_diffs": 6.15743, "max_diffs": 6.36839, "margin": 5.72552}
[2026-05-09 17:02:44,059 INFO][traineradasmoothlossprojlogit.py:336 - log_eval_epoch_info] - 
+---------+---------+---------+---------+
| samples | acc     | acc_5   | macc    |
+---------+---------+---------+---------+
| 5000    | 0.95380 | 0.99740 | 0.95368 |
+---------+---------+---------+---------+
[2026-05-09 17:02:44,059 INFO][traineradasmoothlossprojlogit.py:337 - log_eval_epoch_info] - 
+---------+---------+---------+---------+---------+
| samples | nll     | ece     | aece    | cece    |
+---------+---------+---------+---------+---------+
| 5000    | 0.19418 | 0.01607 | 0.02544 | 0.00566 |
+---------+---------+---------+---------+---------+
[2026-05-09 17:02:44,281 INFO][traineradasmoothlossprojlogit.py:605 - train] - Epoch[323]	Best acc on Val : 0.9566 at epoch 283
[2026-05-09 17:02:44,281 INFO][traineradasmoothlossprojlogit.py:572 - train] - ====================
[2026-05-09 17:02:44,281 INFO][traineradasmoothlossprojlogit.py:573 - train] -  Start epoch 324
[2026-05-09 17:02:44,281 INFO][traineradasmoothlossprojlogit.py:574 - train] - ====================
[2026-05-09 17:02:50,202 INFO][traineradasmoothlossprojlogit.py:300 - log_iter_info] - Train Iter[100/351][324]	{"data_time": 0.00026, "batch_time": 0.05314, "loss": 0.11376, "acc": 1.0, "mean_diffs": 6.49783}
[2026-05-09 17:02:55,496 INFO][traineradasmoothlossprojlogit.py:300 - log_iter_info] - Train Iter[200/351][324]	{"data_time": 0.00025, "batch_time": 0.05318, "loss": 0.132, "acc": 1.0, "mean_diffs": 6.44345}
[2026-05-09 17:03:00,801 INFO][traineradasmoothlossprojlogit.py:300 - log_iter_info] - Train Iter[300/351][324]	{"data_time": 0.00019, "batch_time": 0.05396, "loss": 0.13811, "acc": 1.0, "mean_diffs": 6.47031}
[2026-05-09 17:03:03,617 INFO][traineradasmoothlossprojlogit.py:319 - log_epoch_info] - Train Epoch[324]	{"samples": 44928, "lr": 0.001, "loss": 0.13264, "acc": 0.99998, "acc_5": 1.0, "macc": 0.99998, "mean_diffs": 6.40295, "max_diffs": 6.64173, "margin": 6.09343}
[2026-05-09 17:03:04,905 INFO][traineradasmoothlossprojlogit.py:333 - log_eval_epoch_info] - Val Epoch[324]	{"samples": 5000, "loss": 0.3104, "acc": 0.9548, "acc_5": 0.9972, "macc": 0.95475, "nll": 0.19514, "ece": 0.01373, "aece": 0.02259, "cece": 0.00546, "mean_diffs": 6.16383, "max_diffs": 6.37724, "margin": 5.73756}
[2026-05-09 17:03:04,905 INFO][traineradasmoothlossprojlogit.py:336 - log_eval_epoch_info] - 
+---------+---------+---------+---------+
| samples | acc     | acc_5   | macc    |
+---------+---------+---------+---------+
| 5000    | 0.95480 | 0.99720 | 0.95475 |
+---------+---------+---------+---------+
[2026-05-09 17:03:04,905 INFO][traineradasmoothlossprojlogit.py:337 - log_eval_epoch_info] - 
+---------+---------+---------+---------+---------+
| samples | nll     | ece     | aece    | cece    |
+---------+---------+---------+---------+---------+
| 5000    | 0.19514 | 0.01373 | 0.02259 | 0.00546 |
+---------+---------+---------+---------+---------+
[2026-05-09 17:03:05,128 INFO][traineradasmoothlossprojlogit.py:605 - train] - Epoch[324]	Best acc on Val : 0.9566 at epoch 283
[2026-05-09 17:03:05,128 INFO][traineradasmoothlossprojlogit.py:572 - train] - ====================
[2026-05-09 17:03:05,128 INFO][traineradasmoothlossprojlogit.py:573 - train] -  Start epoch 325
[2026-05-09 17:03:05,128 INFO][traineradasmoothlossprojlogit.py:574 - train] - ====================
[2026-05-09 17:03:11,032 INFO][traineradasmoothlossprojlogit.py:300 - log_iter_info] - Train Iter[100/351][325]	{"data_time": 0.0002, "batch_time": 0.05311, "loss": 0.13131, "acc": 1.0, "mean_diffs": 6.49211}
[2026-05-09 17:03:16,323 INFO][traineradasmoothlossprojlogit.py:300 - log_iter_info] - Train Iter[200/351][325]	{"data_time": 0.00022, "batch_time": 0.05295, "loss": 0.13261, "acc": 1.0, "mean_diffs": 6.38573}
[2026-05-09 17:03:21,613 INFO][traineradasmoothlossprojlogit.py:300 - log_iter_info] - Train Iter[300/351][325]	{"data_time": 0.00019, "batch_time": 0.05315, "loss": 0.13949, "acc": 1.0, "mean_diffs": 6.48219}
[2026-05-09 17:03:24,434 INFO][traineradasmoothlossprojlogit.py:319 - log_epoch_info] - Train Epoch[325]	{"samples": 44928, "lr": 0.001, "loss": 0.13282, "acc": 0.99993, "acc_5": 1.0, "macc": 0.99993, "mean_diffs": 6.401, "max_diffs": 6.63714, "margin": 6.09198}
[2026-05-09 17:03:25,699 INFO][traineradasmoothlossprojlogit.py:333 - log_eval_epoch_info] - Val Epoch[325]	{"samples": 5000, "loss": 0.2624, "acc": 0.9562, "acc_5": 0.9978, "macc": 0.956, "nll": 0.18957, "ece": 0.01662, "aece": 0.02094, "cece": 0.00524, "mean_diffs": 6.13365, "max_diffs": 6.32684, "margin": 5.71486}
[2026-05-09 17:03:25,699 INFO][traineradasmoothlossprojlogit.py:336 - log_eval_epoch_info] - 
+---------+---------+---------+---------+
| samples | acc     | acc_5   | macc    |
+---------+---------+---------+---------+
| 5000    | 0.95620 | 0.99780 | 0.95600 |
+---------+---------+---------+---------+
[2026-05-09 17:03:25,700 INFO][traineradasmoothlossprojlogit.py:337 - log_eval_epoch_info] - 
+---------+---------+---------+---------+---------+
| samples | nll     | ece     | aece    | cece    |
+---------+---------+---------+---------+---------+
| 5000    | 0.18957 | 0.01662 | 0.02094 | 0.00524 |
+---------+---------+---------+---------+---------+
[2026-05-09 17:03:25,920 INFO][traineradasmoothlossprojlogit.py:605 - train] - Epoch[325]	Best acc on Val : 0.9566 at epoch 283
[2026-05-09 17:03:25,920 INFO][traineradasmoothlossprojlogit.py:572 - train] - ====================
[2026-05-09 17:03:25,920 INFO][traineradasmoothlossprojlogit.py:573 - train] -  Start epoch 326
[2026-05-09 17:03:25,920 INFO][traineradasmoothlossprojlogit.py:574 - train] - ====================
[2026-05-09 17:03:32,090 INFO][traineradasmoothlossprojlogit.py:300 - log_iter_info] - Train Iter[100/351][326]	{"data_time": 0.00026, "batch_time": 0.05271, "loss": 0.13659, "acc": 1.0, "mean_diffs": 6.35608}
[2026-05-09 17:03:37,382 INFO][traineradasmoothlossprojlogit.py:300 - log_iter_info] - Train Iter[200/351][326]	{"data_time": 0.00021, "batch_time": 0.05265, "loss": 0.14233, "acc": 1.0, "mean_diffs": 6.3583}
[2026-05-09 17:03:42,673 INFO][traineradasmoothlossprojlogit.py:300 - log_iter_info] - Train Iter[300/351][326]	{"data_time": 0.00025, "batch_time": 0.05334, "loss": 0.1245, "acc": 1.0, "mean_diffs": 6.44961}
[2026-05-09 17:03:45,500 INFO][traineradasmoothlossprojlogit.py:319 - log_epoch_info] - Train Epoch[326]	{"samples": 44928, "lr": 0.001, "loss": 0.13258, "acc": 1.0, "acc_5": 1.0, "macc": 1.0, "mean_diffs": 6.4084, "max_diffs": 6.64516, "margin": 6.10255}
[2026-05-09 17:03:46,771 INFO][traineradasmoothlossprojlogit.py:333 - log_eval_epoch_info] - Val Epoch[326]	{"samples": 5000, "loss": 0.28343, "acc": 0.9542, "acc_5": 0.9972, "macc": 0.95418, "nll": 0.1955, "ece": 0.01335, "aece": 0.02313, "cece": 0.00538, "mean_diffs": 6.17535, "max_diffs": 6.38007, "margin": 5.74538}
[2026-05-09 17:03:46,771 INFO][traineradasmoothlossprojlogit.py:336 - log_eval_epoch_info] - 
+---------+---------+---------+---------+
| samples | acc     | acc_5   | macc    |
+---------+---------+---------+---------+
| 5000    | 0.95420 | 0.99720 | 0.95418 |
+---------+---------+---------+---------+
[2026-05-09 17:03:46,771 INFO][traineradasmoothlossprojlogit.py:337 - log_eval_epoch_info] - 
+---------+---------+---------+---------+---------+
| samples | nll     | ece     | aece    | cece    |
+---------+---------+---------+---------+---------+
| 5000    | 0.19550 | 0.01335 | 0.02313 | 0.00538 |
+---------+---------+---------+---------+---------+
[2026-05-09 17:03:46,991 INFO][traineradasmoothlossprojlogit.py:605 - train] - Epoch[326]	Best acc on Val : 0.9566 at epoch 283
[2026-05-09 17:03:46,991 INFO][traineradasmoothlossprojlogit.py:572 - train] - ====================
[2026-05-09 17:03:46,991 INFO][traineradasmoothlossprojlogit.py:573 - train] -  Start epoch 327
[2026-05-09 17:03:46,991 INFO][traineradasmoothlossprojlogit.py:574 - train] - ====================
[2026-05-09 17:03:52,888 INFO][traineradasmoothlossprojlogit.py:300 - log_iter_info] - Train Iter[100/351][327]	{"data_time": 0.00022, "batch_time": 0.05281, "loss": 0.13248, "acc": 1.0, "mean_diffs": 6.41456}
[2026-05-09 17:03:58,191 INFO][traineradasmoothlossprojlogit.py:300 - log_iter_info] - Train Iter[200/351][327]	{"data_time": 0.00025, "batch_time": 0.0532, "loss": 0.11218, "acc": 1.0, "mean_diffs": 6.48732}
[2026-05-09 17:04:03,488 INFO][traineradasmoothlossprojlogit.py:300 - log_iter_info] - Train Iter[300/351][327]	{"data_time": 0.00019, "batch_time": 0.05362, "loss": 0.1072, "acc": 1.0, "mean_diffs": 6.52813}
[2026-05-09 17:04:06,310 INFO][traineradasmoothlossprojlogit.py:319 - log_epoch_info] - Train Epoch[327]	{"samples": 44928, "lr": 0.001, "loss": 0.13262, "acc": 0.99998, "acc_5": 1.0, "macc": 0.99998, "mean_diffs": 6.40384, "max_diffs": 6.64054, "margin": 6.09911}
[2026-05-09 17:04:07,599 INFO][traineradasmoothlossprojlogit.py:333 - log_eval_epoch_info] - Val Epoch[327]	{"samples": 5000, "loss": 0.29839, "acc": 0.954, "acc_5": 0.9976, "macc": 0.95396, "nll": 0.19667, "ece": 0.01402, "aece": 0.02436, "cece": 0.00573, "mean_diffs": 6.16996, "max_diffs": 6.37039, "margin": 5.74457}
[2026-05-09 17:04:07,599 INFO][traineradasmoothlossprojlogit.py:336 - log_eval_epoch_info] - 
+---------+---------+---------+---------+
| samples | acc     | acc_5   | macc    |
+---------+---------+---------+---------+
| 5000    | 0.95400 | 0.99760 | 0.95396 |
+---------+---------+---------+---------+
[2026-05-09 17:04:07,599 INFO][traineradasmoothlossprojlogit.py:337 - log_eval_epoch_info] - 
+---------+---------+---------+---------+---------+
| samples | nll     | ece     | aece    | cece    |
+---------+---------+---------+---------+---------+
| 5000    | 0.19667 | 0.01402 | 0.02436 | 0.00573 |
+---------+---------+---------+---------+---------+
[2026-05-09 17:04:07,827 INFO][traineradasmoothlossprojlogit.py:605 - train] - Epoch[327]	Best acc on Val : 0.9566 at epoch 283
[2026-05-09 17:04:07,827 INFO][traineradasmoothlossprojlogit.py:572 - train] - ====================
[2026-05-09 17:04:07,827 INFO][traineradasmoothlossprojlogit.py:573 - train] -  Start epoch 328
[2026-05-09 17:04:07,827 INFO][traineradasmoothlossprojlogit.py:574 - train] - ====================
[2026-05-09 17:04:13,714 INFO][traineradasmoothlossprojlogit.py:300 - log_iter_info] - Train Iter[100/351][328]	{"data_time": 0.00028, "batch_time": 0.05299, "loss": 0.12732, "acc": 1.0, "mean_diffs": 6.38767}
[2026-05-09 17:04:19,015 INFO][traineradasmoothlossprojlogit.py:300 - log_iter_info] - Train Iter[200/351][328]	{"data_time": 0.00022, "batch_time": 0.0529, "loss": 0.11947, "acc": 1.0, "mean_diffs": 6.46237}
[2026-05-09 17:04:24,309 INFO][traineradasmoothlossprojlogit.py:300 - log_iter_info] - Train Iter[300/351][328]	{"data_time": 0.00023, "batch_time": 0.0528, "loss": 0.12994, "acc": 1.0, "mean_diffs": 6.4332}
[2026-05-09 17:04:27,138 INFO][traineradasmoothlossprojlogit.py:319 - log_epoch_info] - Train Epoch[328]	{"samples": 44928, "lr": 0.001, "loss": 0.13293, "acc": 0.99996, "acc_5": 1.0, "macc": 0.99996, "mean_diffs": 6.39935, "max_diffs": 6.63553, "margin": 6.09367}
[2026-05-09 17:04:28,402 INFO][traineradasmoothlossprojlogit.py:333 - log_eval_epoch_info] - Val Epoch[328]	{"samples": 5000, "loss": 0.26867, "acc": 0.9544, "acc_5": 0.9978, "macc": 0.9542, "nll": 0.1924, "ece": 0.01375, "aece": 0.02436, "cece": 0.00523, "mean_diffs": 6.14312, "max_diffs": 6.34448, "margin": 5.72383}
[2026-05-09 17:04:28,402 INFO][traineradasmoothlossprojlogit.py:336 - log_eval_epoch_info] - 
+---------+---------+---------+---------+
| samples | acc     | acc_5   | macc    |
+---------+---------+---------+---------+
| 5000    | 0.95440 | 0.99780 | 0.95420 |
+---------+---------+---------+---------+
[2026-05-09 17:04:28,403 INFO][traineradasmoothlossprojlogit.py:337 - log_eval_epoch_info] - 
+---------+---------+---------+---------+---------+
| samples | nll     | ece     | aece    | cece    |
+---------+---------+---------+---------+---------+
| 5000    | 0.19240 | 0.01375 | 0.02436 | 0.00523 |
+---------+---------+---------+---------+---------+
[2026-05-09 17:04:28,622 INFO][traineradasmoothlossprojlogit.py:605 - train] - Epoch[328]	Best acc on Val : 0.9566 at epoch 283
[2026-05-09 17:04:28,622 INFO][traineradasmoothlossprojlogit.py:572 - train] - ====================
[2026-05-09 17:04:28,622 INFO][traineradasmoothlossprojlogit.py:573 - train] -  Start epoch 329
[2026-05-09 17:04:28,622 INFO][traineradasmoothlossprojlogit.py:574 - train] - ====================
[2026-05-09 17:04:34,525 INFO][traineradasmoothlossprojlogit.py:300 - log_iter_info] - Train Iter[100/351][329]	{"data_time": 0.00025, "batch_time": 0.05307, "loss": 0.10629, "acc": 1.0, "mean_diffs": 6.49936}
[2026-05-09 17:04:39,813 INFO][traineradasmoothlossprojlogit.py:300 - log_iter_info] - Train Iter[200/351][329]	{"data_time": 0.00039, "batch_time": 0.05324, "loss": 0.13623, "acc": 1.0, "mean_diffs": 6.23623}
[2026-05-09 17:04:45,118 INFO][traineradasmoothlossprojlogit.py:300 - log_iter_info] - Train Iter[300/351][329]	{"data_time": 0.00022, "batch_time": 0.05261, "loss": 0.14119, "acc": 1.0, "mean_diffs": 6.35899}
[2026-05-09 17:04:47,959 INFO][traineradasmoothlossprojlogit.py:319 - log_epoch_info] - Train Epoch[329]	{"samples": 44928, "lr": 0.001, "loss": 0.13246, "acc": 0.99996, "acc_5": 1.0, "macc": 0.99996, "mean_diffs": 6.40743, "max_diffs": 6.64075, "margin": 6.10361}
[2026-05-09 17:04:49,254 INFO][traineradasmoothlossprojlogit.py:333 - log_eval_epoch_info] - Val Epoch[329]	{"samples": 5000, "loss": 0.30304, "acc": 0.9536, "acc_5": 0.9982, "macc": 0.95356, "nll": 0.20316, "ece": 0.01275, "aece": 0.02757, "cece": 0.00576, "mean_diffs": 6.18708, "max_diffs": 6.41457, "margin": 5.76806}
[2026-05-09 17:04:49,254 INFO][traineradasmoothlossprojlogit.py:336 - log_eval_epoch_info] - 
+---------+---------+---------+---------+
| samples | acc     | acc_5   | macc    |
+---------+---------+---------+---------+
| 5000    | 0.95360 | 0.99820 | 0.95356 |
+---------+---------+---------+---------+
[2026-05-09 17:04:49,254 INFO][traineradasmoothlossprojlogit.py:337 - log_eval_epoch_info] - 
+---------+---------+---------+---------+---------+
| samples | nll     | ece     | aece    | cece    |
+---------+---------+---------+---------+---------+
| 5000    | 0.20316 | 0.01275 | 0.02757 | 0.00576 |
+---------+---------+---------+---------+---------+
[2026-05-09 17:04:49,480 INFO][traineradasmoothlossprojlogit.py:605 - train] - Epoch[329]	Best acc on Val : 0.9566 at epoch 283
[2026-05-09 17:04:49,480 INFO][traineradasmoothlossprojlogit.py:572 - train] - ====================
[2026-05-09 17:04:49,480 INFO][traineradasmoothlossprojlogit.py:573 - train] -  Start epoch 330
[2026-05-09 17:04:49,480 INFO][traineradasmoothlossprojlogit.py:574 - train] - ====================
[2026-05-09 17:04:55,648 INFO][traineradasmoothlossprojlogit.py:300 - log_iter_info] - Train Iter[100/351][330]	{"data_time": 0.00025, "batch_time": 0.0528, "loss": 0.14324, "acc": 1.0, "mean_diffs": 6.42266}
[2026-05-09 17:05:00,940 INFO][traineradasmoothlossprojlogit.py:300 - log_iter_info] - Train Iter[200/351][330]	{"data_time": 0.00028, "batch_time": 0.05316, "loss": 0.10557, "acc": 1.0, "mean_diffs": 6.43325}
[2026-05-09 17:05:06,230 INFO][traineradasmoothlossprojlogit.py:300 - log_iter_info] - Train Iter[300/351][330]	{"data_time": 0.00022, "batch_time": 0.05273, "loss": 0.12221, "acc": 1.0, "mean_diffs": 6.45632}
[2026-05-09 17:05:09,050 INFO][traineradasmoothlossprojlogit.py:319 - log_epoch_info] - Train Epoch[330]	{"samples": 44928, "lr": 0.001, "loss": 0.13214, "acc": 1.0, "acc_5": 1.0, "macc": 1.0, "mean_diffs": 6.40309, "max_diffs": 6.63562, "margin": 6.10009}
[2026-05-09 17:05:10,316 INFO][traineradasmoothlossprojlogit.py:333 - log_eval_epoch_info] - Val Epoch[330]	{"samples": 5000, "loss": 0.29273, "acc": 0.9556, "acc_5": 0.9976, "macc": 0.95554, "nll": 0.19643, "ece": 0.01419, "aece": 0.02307, "cece": 0.00549, "mean_diffs": 6.15252, "max_diffs": 6.35778, "margin": 5.73851}
[2026-05-09 17:05:10,317 INFO][traineradasmoothlossprojlogit.py:336 - log_eval_epoch_info] - 
+---------+---------+---------+---------+
| samples | acc     | acc_5   | macc    |
+---------+---------+---------+---------+
| 5000    | 0.95560 | 0.99760 | 0.95554 |
+---------+---------+---------+---------+
[2026-05-09 17:05:10,317 INFO][traineradasmoothlossprojlogit.py:337 - log_eval_epoch_info] - 
+---------+---------+---------+---------+---------+
| samples | nll     | ece     | aece    | cece    |
+---------+---------+---------+---------+---------+
| 5000    | 0.19643 | 0.01419 | 0.02307 | 0.00549 |
+---------+---------+---------+---------+---------+
[2026-05-09 17:05:10,537 INFO][traineradasmoothlossprojlogit.py:605 - train] - Epoch[330]	Best acc on Val : 0.9566 at epoch 283
[2026-05-09 17:05:10,537 INFO][traineradasmoothlossprojlogit.py:572 - train] - ====================
[2026-05-09 17:05:10,537 INFO][traineradasmoothlossprojlogit.py:573 - train] -  Start epoch 331
[2026-05-09 17:05:10,537 INFO][traineradasmoothlossprojlogit.py:574 - train] - ====================
[2026-05-09 17:05:16,431 INFO][traineradasmoothlossprojlogit.py:300 - log_iter_info] - Train Iter[100/351][331]	{"data_time": 0.00021, "batch_time": 0.05268, "loss": 0.12159, "acc": 1.0, "mean_diffs": 6.29039}
[2026-05-09 17:05:21,731 INFO][traineradasmoothlossprojlogit.py:300 - log_iter_info] - Train Iter[200/351][331]	{"data_time": 0.0002, "batch_time": 0.05284, "loss": 0.12121, "acc": 1.0, "mean_diffs": 6.42606}
[2026-05-09 17:05:27,032 INFO][traineradasmoothlossprojlogit.py:300 - log_iter_info] - Train Iter[300/351][331]	{"data_time": 0.00023, "batch_time": 0.05252, "loss": 0.15051, "acc": 1.0, "mean_diffs": 6.27058}
[2026-05-09 17:05:29,863 INFO][traineradasmoothlossprojlogit.py:319 - log_epoch_info] - Train Epoch[331]	{"samples": 44928, "lr": 0.001, "loss": 0.13276, "acc": 0.99998, "acc_5": 1.0, "macc": 0.99998, "mean_diffs": 6.39964, "max_diffs": 6.63346, "margin": 6.09709}
[2026-05-09 17:05:31,159 INFO][traineradasmoothlossprojlogit.py:333 - log_eval_epoch_info] - Val Epoch[331]	{"samples": 5000, "loss": 0.2736, "acc": 0.9532, "acc_5": 0.9974, "macc": 0.95305, "nll": 0.1941, "ece": 0.01431, "aece": 0.02592, "cece": 0.0057, "mean_diffs": 6.14819, "max_diffs": 6.36067, "margin": 5.73029}
[2026-05-09 17:05:31,159 INFO][traineradasmoothlossprojlogit.py:336 - log_eval_epoch_info] - 
+---------+---------+---------+---------+
| samples | acc     | acc_5   | macc    |
+---------+---------+---------+---------+
| 5000    | 0.95320 | 0.99740 | 0.95305 |
+---------+---------+---------+---------+
[2026-05-09 17:05:31,159 INFO][traineradasmoothlossprojlogit.py:337 - log_eval_epoch_info] - 
+---------+---------+---------+---------+---------+
| samples | nll     | ece     | aece    | cece    |
+---------+---------+---------+---------+---------+
| 5000    | 0.19410 | 0.01431 | 0.02592 | 0.00570 |
+---------+---------+---------+---------+---------+
[2026-05-09 17:05:31,379 INFO][traineradasmoothlossprojlogit.py:605 - train] - Epoch[331]	Best acc on Val : 0.9566 at epoch 283
[2026-05-09 17:05:31,379 INFO][traineradasmoothlossprojlogit.py:572 - train] - ====================
[2026-05-09 17:05:31,379 INFO][traineradasmoothlossprojlogit.py:573 - train] -  Start epoch 332
[2026-05-09 17:05:31,379 INFO][traineradasmoothlossprojlogit.py:574 - train] - ====================
[2026-05-09 17:05:37,297 INFO][traineradasmoothlossprojlogit.py:300 - log_iter_info] - Train Iter[100/351][332]	{"data_time": 0.00026, "batch_time": 0.05274, "loss": 0.11624, "acc": 1.0, "mean_diffs": 6.49287}
[2026-05-09 17:05:42,587 INFO][traineradasmoothlossprojlogit.py:300 - log_iter_info] - Train Iter[200/351][332]	{"data_time": 0.00023, "batch_time": 0.05283, "loss": 0.13972, "acc": 1.0, "mean_diffs": 6.32592}
[2026-05-09 17:05:47,881 INFO][traineradasmoothlossprojlogit.py:300 - log_iter_info] - Train Iter[300/351][332]	{"data_time": 0.00024, "batch_time": 0.05239, "loss": 0.14428, "acc": 1.0, "mean_diffs": 6.41119}
[2026-05-09 17:05:50,697 INFO][traineradasmoothlossprojlogit.py:319 - log_epoch_info] - Train Epoch[332]	{"samples": 44928, "lr": 0.001, "loss": 0.13288, "acc": 1.0, "acc_5": 1.0, "macc": 1.0, "mean_diffs": 6.39977, "max_diffs": 6.63297, "margin": 6.095}
[2026-05-09 17:05:51,964 INFO][traineradasmoothlossprojlogit.py:333 - log_eval_epoch_info] - Val Epoch[332]	{"samples": 5000, "loss": 0.27303, "acc": 0.9546, "acc_5": 0.9976, "macc": 0.95444, "nll": 0.19155, "ece": 0.01545, "aece": 0.02357, "cece": 0.00539, "mean_diffs": 6.14616, "max_diffs": 6.3468, "margin": 5.73441}
[2026-05-09 17:05:51,964 INFO][traineradasmoothlossprojlogit.py:336 - log_eval_epoch_info] - 
+---------+---------+---------+---------+
| samples | acc     | acc_5   | macc    |
+---------+---------+---------+---------+
| 5000    | 0.95460 | 0.99760 | 0.95444 |
+---------+---------+---------+---------+
[2026-05-09 17:05:51,964 INFO][traineradasmoothlossprojlogit.py:337 - log_eval_epoch_info] - 
+---------+---------+---------+---------+---------+
| samples | nll     | ece     | aece    | cece    |
+---------+---------+---------+---------+---------+
| 5000    | 0.19155 | 0.01545 | 0.02357 | 0.00539 |
+---------+---------+---------+---------+---------+
[2026-05-09 17:05:52,194 INFO][traineradasmoothlossprojlogit.py:605 - train] - Epoch[332]	Best acc on Val : 0.9566 at epoch 283
[2026-05-09 17:05:52,194 INFO][traineradasmoothlossprojlogit.py:572 - train] - ====================
[2026-05-09 17:05:52,194 INFO][traineradasmoothlossprojlogit.py:573 - train] -  Start epoch 333
[2026-05-09 17:05:52,194 INFO][traineradasmoothlossprojlogit.py:574 - train] - ====================
[2026-05-09 17:05:58,108 INFO][traineradasmoothlossprojlogit.py:300 - log_iter_info] - Train Iter[100/351][333]	{"data_time": 0.00025, "batch_time": 0.05302, "loss": 0.12459, "acc": 1.0, "mean_diffs": 6.48761}
[2026-05-09 17:06:03,404 INFO][traineradasmoothlossprojlogit.py:300 - log_iter_info] - Train Iter[200/351][333]	{"data_time": 0.0002, "batch_time": 0.05281, "loss": 0.11814, "acc": 1.0, "mean_diffs": 6.50608}
[2026-05-09 17:06:08,702 INFO][traineradasmoothlossprojlogit.py:300 - log_iter_info] - Train Iter[300/351][333]	{"data_time": 0.00022, "batch_time": 0.05264, "loss": 0.20907, "acc": 1.0, "mean_diffs": 6.07952}
[2026-05-09 17:06:11,517 INFO][traineradasmoothlossprojlogit.py:319 - log_epoch_info] - Train Epoch[333]	{"samples": 44928, "lr": 0.001, "loss": 0.1328, "acc": 0.99998, "acc_5": 1.0, "macc": 0.99998, "mean_diffs": 6.39782, "max_diffs": 6.63041, "margin": 6.09467}
[2026-05-09 17:06:12,789 INFO][traineradasmoothlossprojlogit.py:333 - log_eval_epoch_info] - Val Epoch[333]	{"samples": 5000, "loss": 0.28456, "acc": 0.9542, "acc_5": 0.9976, "macc": 0.95409, "nll": 0.19549, "ece": 0.01345, "aece": 0.0234, "cece": 0.00563, "mean_diffs": 6.16401, "max_diffs": 6.35806, "margin": 5.75127}
[2026-05-09 17:06:12,790 INFO][traineradasmoothlossprojlogit.py:336 - log_eval_epoch_info] - 
+---------+---------+---------+---------+
| samples | acc     | acc_5   | macc    |
+---------+---------+---------+---------+
| 5000    | 0.95420 | 0.99760 | 0.95409 |
+---------+---------+---------+---------+
[2026-05-09 17:06:12,790 INFO][traineradasmoothlossprojlogit.py:337 - log_eval_epoch_info] - 
+---------+---------+---------+---------+---------+
| samples | nll     | ece     | aece    | cece    |
+---------+---------+---------+---------+---------+
| 5000    | 0.19549 | 0.01345 | 0.02340 | 0.00563 |
+---------+---------+---------+---------+---------+
[2026-05-09 17:06:13,010 INFO][traineradasmoothlossprojlogit.py:605 - train] - Epoch[333]	Best acc on Val : 0.9566 at epoch 283
[2026-05-09 17:06:13,010 INFO][traineradasmoothlossprojlogit.py:572 - train] - ====================
[2026-05-09 17:06:13,010 INFO][traineradasmoothlossprojlogit.py:573 - train] -  Start epoch 334
[2026-05-09 17:06:13,010 INFO][traineradasmoothlossprojlogit.py:574 - train] - ====================
[2026-05-09 17:06:19,204 INFO][traineradasmoothlossprojlogit.py:300 - log_iter_info] - Train Iter[100/351][334]	{"data_time": 0.00021, "batch_time": 0.05304, "loss": 0.15072, "acc": 1.0, "mean_diffs": 6.34493}
[2026-05-09 17:06:24,497 INFO][traineradasmoothlossprojlogit.py:300 - log_iter_info] - Train Iter[200/351][334]	{"data_time": 0.00026, "batch_time": 0.05281, "loss": 0.13095, "acc": 1.0, "mean_diffs": 6.44696}
[2026-05-09 17:06:29,795 INFO][traineradasmoothlossprojlogit.py:300 - log_iter_info] - Train Iter[300/351][334]	{"data_time": 0.00025, "batch_time": 0.05256, "loss": 0.10592, "acc": 1.0, "mean_diffs": 6.33315}
[2026-05-09 17:06:32,606 INFO][traineradasmoothlossprojlogit.py:319 - log_epoch_info] - Train Epoch[334]	{"samples": 44928, "lr": 0.001, "loss": 0.13304, "acc": 0.99996, "acc_5": 1.0, "macc": 0.99996, "mean_diffs": 6.39218, "max_diffs": 6.62754, "margin": 6.08844}
[2026-05-09 17:06:33,882 INFO][traineradasmoothlossprojlogit.py:333 - log_eval_epoch_info] - Val Epoch[334]	{"samples": 5000, "loss": 0.31859, "acc": 0.9524, "acc_5": 0.998, "macc": 0.9523, "nll": 0.19756, "ece": 0.01367, "aece": 0.02369, "cece": 0.00533, "mean_diffs": 6.15685, "max_diffs": 6.36862, "margin": 5.732}
[2026-05-09 17:06:33,883 INFO][traineradasmoothlossprojlogit.py:336 - log_eval_epoch_info] - 
+---------+---------+---------+---------+
| samples | acc     | acc_5   | macc    |
+---------+---------+---------+---------+
| 5000    | 0.95240 | 0.99800 | 0.95230 |
+---------+---------+---------+---------+
[2026-05-09 17:06:33,883 INFO][traineradasmoothlossprojlogit.py:337 - log_eval_epoch_info] - 
+---------+---------+---------+---------+---------+
| samples | nll     | ece     | aece    | cece    |
+---------+---------+---------+---------+---------+
| 5000    | 0.19756 | 0.01367 | 0.02369 | 0.00533 |
+---------+---------+---------+---------+---------+
[2026-05-09 17:06:34,106 INFO][traineradasmoothlossprojlogit.py:605 - train] - Epoch[334]	Best acc on Val : 0.9566 at epoch 283
[2026-05-09 17:06:34,106 INFO][traineradasmoothlossprojlogit.py:572 - train] - ====================
[2026-05-09 17:06:34,106 INFO][traineradasmoothlossprojlogit.py:573 - train] -  Start epoch 335
[2026-05-09 17:06:34,106 INFO][traineradasmoothlossprojlogit.py:574 - train] - ====================
[2026-05-09 17:06:40,020 INFO][traineradasmoothlossprojlogit.py:300 - log_iter_info] - Train Iter[100/351][335]	{"data_time": 0.00021, "batch_time": 0.05283, "loss": 0.12955, "acc": 1.0, "mean_diffs": 6.35534}
[2026-05-09 17:06:45,314 INFO][traineradasmoothlossprojlogit.py:300 - log_iter_info] - Train Iter[200/351][335]	{"data_time": 0.00024, "batch_time": 0.05279, "loss": 0.12188, "acc": 1.0, "mean_diffs": 6.41193}
[2026-05-09 17:06:50,613 INFO][traineradasmoothlossprojlogit.py:300 - log_iter_info] - Train Iter[300/351][335]	{"data_time": 0.00019, "batch_time": 0.0527, "loss": 0.14475, "acc": 1.0, "mean_diffs": 6.35664}
[2026-05-09 17:06:53,415 INFO][traineradasmoothlossprojlogit.py:319 - log_epoch_info] - Train Epoch[335]	{"samples": 44928, "lr": 0.001, "loss": 0.1325, "acc": 1.0, "acc_5": 1.0, "macc": 1.0, "mean_diffs": 6.40167, "max_diffs": 6.63407, "margin": 6.10022}
[2026-05-09 17:06:54,697 INFO][traineradasmoothlossprojlogit.py:333 - log_eval_epoch_info] - Val Epoch[335]	{"samples": 5000, "loss": 0.29613, "acc": 0.9546, "acc_5": 0.9974, "macc": 0.95454, "nll": 0.19845, "ece": 0.01445, "aece": 0.02557, "cece": 0.00576, "mean_diffs": 6.18564, "max_diffs": 6.38537, "margin": 5.7598}
[2026-05-09 17:06:54,697 INFO][traineradasmoothlossprojlogit.py:336 - log_eval_epoch_info] - 
+---------+---------+---------+---------+
| samples | acc     | acc_5   | macc    |
+---------+---------+---------+---------+
| 5000    | 0.95460 | 0.99740 | 0.95454 |
+---------+---------+---------+---------+
[2026-05-09 17:06:54,697 INFO][traineradasmoothlossprojlogit.py:337 - log_eval_epoch_info] - 
+---------+---------+---------+---------+---------+
| samples | nll     | ece     | aece    | cece    |
+---------+---------+---------+---------+---------+
| 5000    | 0.19845 | 0.01445 | 0.02557 | 0.00576 |
+---------+---------+---------+---------+---------+
[2026-05-09 17:06:54,923 INFO][traineradasmoothlossprojlogit.py:605 - train] - Epoch[335]	Best acc on Val : 0.9566 at epoch 283
[2026-05-09 17:06:54,923 INFO][traineradasmoothlossprojlogit.py:572 - train] - ====================
[2026-05-09 17:06:54,923 INFO][traineradasmoothlossprojlogit.py:573 - train] -  Start epoch 336
[2026-05-09 17:06:54,923 INFO][traineradasmoothlossprojlogit.py:574 - train] - ====================
[2026-05-09 17:07:00,815 INFO][traineradasmoothlossprojlogit.py:300 - log_iter_info] - Train Iter[100/351][336]	{"data_time": 0.00021, "batch_time": 0.05283, "loss": 0.11896, "acc": 1.0, "mean_diffs": 6.52481}
[2026-05-09 17:07:06,107 INFO][traineradasmoothlossprojlogit.py:300 - log_iter_info] - Train Iter[200/351][336]	{"data_time": 0.0002, "batch_time": 0.05314, "loss": 0.14292, "acc": 1.0, "mean_diffs": 6.44268}
[2026-05-09 17:07:11,406 INFO][traineradasmoothlossprojlogit.py:300 - log_iter_info] - Train Iter[300/351][336]	{"data_time": 0.0002, "batch_time": 0.05275, "loss": 0.12666, "acc": 1.0, "mean_diffs": 6.39575}
[2026-05-09 17:07:14,214 INFO][traineradasmoothlossprojlogit.py:319 - log_epoch_info] - Train Epoch[336]	{"samples": 44928, "lr": 0.001, "loss": 0.13299, "acc": 0.99991, "acc_5": 1.0, "macc": 0.99991, "mean_diffs": 6.39636, "max_diffs": 6.62818, "margin": 6.09703}
[2026-05-09 17:07:15,494 INFO][traineradasmoothlossprojlogit.py:333 - log_eval_epoch_info] - Val Epoch[336]	{"samples": 5000, "loss": 0.26491, "acc": 0.954, "acc_5": 0.9972, "macc": 0.95381, "nll": 0.1903, "ece": 0.01428, "aece": 0.02368, "cece": 0.00542, "mean_diffs": 6.14658, "max_diffs": 6.3381, "margin": 5.74369}
[2026-05-09 17:07:15,495 INFO][traineradasmoothlossprojlogit.py:336 - log_eval_epoch_info] - 
+---------+---------+---------+---------+
| samples | acc     | acc_5   | macc    |
+---------+---------+---------+---------+
| 5000    | 0.95400 | 0.99720 | 0.95381 |
+---------+---------+---------+---------+
[2026-05-09 17:07:15,495 INFO][traineradasmoothlossprojlogit.py:337 - log_eval_epoch_info] - 
+---------+---------+---------+---------+---------+
| samples | nll     | ece     | aece    | cece    |
+---------+---------+---------+---------+---------+
| 5000    | 0.19030 | 0.01428 | 0.02368 | 0.00542 |
+---------+---------+---------+---------+---------+
[2026-05-09 17:07:15,720 INFO][traineradasmoothlossprojlogit.py:605 - train] - Epoch[336]	Best acc on Val : 0.9566 at epoch 283
[2026-05-09 17:07:15,720 INFO][traineradasmoothlossprojlogit.py:572 - train] - ====================
[2026-05-09 17:07:15,720 INFO][traineradasmoothlossprojlogit.py:573 - train] -  Start epoch 337
[2026-05-09 17:07:15,720 INFO][traineradasmoothlossprojlogit.py:574 - train] - ====================
[2026-05-09 17:07:21,629 INFO][traineradasmoothlossprojlogit.py:300 - log_iter_info] - Train Iter[100/351][337]	{"data_time": 0.00021, "batch_time": 0.05273, "loss": 0.12956, "acc": 1.0, "mean_diffs": 6.34834}
[2026-05-09 17:07:26,921 INFO][traineradasmoothlossprojlogit.py:300 - log_iter_info] - Train Iter[200/351][337]	{"data_time": 0.0002, "batch_time": 0.05305, "loss": 0.13379, "acc": 1.0, "mean_diffs": 6.41367}
[2026-05-09 17:07:32,219 INFO][traineradasmoothlossprojlogit.py:300 - log_iter_info] - Train Iter[300/351][337]	{"data_time": 0.00019, "batch_time": 0.053, "loss": 0.15716, "acc": 1.0, "mean_diffs": 6.36846}
[2026-05-09 17:07:35,016 INFO][traineradasmoothlossprojlogit.py:319 - log_epoch_info] - Train Epoch[337]	{"samples": 44928, "lr": 0.001, "loss": 0.13297, "acc": 0.99996, "acc_5": 1.0, "macc": 0.99996, "mean_diffs": 6.39682, "max_diffs": 6.63064, "margin": 6.09393}
[2026-05-09 17:07:36,313 INFO][traineradasmoothlossprojlogit.py:333 - log_eval_epoch_info] - Val Epoch[337]	{"samples": 5000, "loss": 0.29024, "acc": 0.9546, "acc_5": 0.9976, "macc": 0.95463, "nll": 0.20313, "ece": 0.01028, "aece": 0.02384, "cece": 0.0056, "mean_diffs": 6.19367, "max_diffs": 6.38616, "margin": 5.7757}
[2026-05-09 17:07:36,314 INFO][traineradasmoothlossprojlogit.py:336 - log_eval_epoch_info] - 
+---------+---------+---------+---------+
| samples | acc     | acc_5   | macc    |
+---------+---------+---------+---------+
| 5000    | 0.95460 | 0.99760 | 0.95463 |
+---------+---------+---------+---------+
[2026-05-09 17:07:36,314 INFO][traineradasmoothlossprojlogit.py:337 - log_eval_epoch_info] - 
+---------+---------+---------+---------+---------+
| samples | nll     | ece     | aece    | cece    |
+---------+---------+---------+---------+---------+
| 5000    | 0.20313 | 0.01028 | 0.02384 | 0.00560 |
+---------+---------+---------+---------+---------+
[2026-05-09 17:07:36,533 INFO][traineradasmoothlossprojlogit.py:605 - train] - Epoch[337]	Best acc on Val : 0.9566 at epoch 283
[2026-05-09 17:07:36,533 INFO][traineradasmoothlossprojlogit.py:572 - train] - ====================
[2026-05-09 17:07:36,533 INFO][traineradasmoothlossprojlogit.py:573 - train] -  Start epoch 338
[2026-05-09 17:07:36,533 INFO][traineradasmoothlossprojlogit.py:574 - train] - ====================
[2026-05-09 17:07:42,700 INFO][traineradasmoothlossprojlogit.py:300 - log_iter_info] - Train Iter[100/351][338]	{"data_time": 0.00021, "batch_time": 0.05277, "loss": 0.12208, "acc": 1.0, "mean_diffs": 6.49295}
[2026-05-09 17:07:48,006 INFO][traineradasmoothlossprojlogit.py:300 - log_iter_info] - Train Iter[200/351][338]	{"data_time": 0.0002, "batch_time": 0.05305, "loss": 0.09923, "acc": 1.0, "mean_diffs": 6.46252}
[2026-05-09 17:07:53,314 INFO][traineradasmoothlossprojlogit.py:300 - log_iter_info] - Train Iter[300/351][338]	{"data_time": 0.00019, "batch_time": 0.0531, "loss": 0.16711, "acc": 1.0, "mean_diffs": 6.33816}
[2026-05-09 17:07:56,124 INFO][traineradasmoothlossprojlogit.py:319 - log_epoch_info] - Train Epoch[338]	{"samples": 44928, "lr": 0.001, "loss": 0.13268, "acc": 0.99993, "acc_5": 1.0, "macc": 0.99993, "mean_diffs": 6.39845, "max_diffs": 6.62826, "margin": 6.10285}
[2026-05-09 17:07:57,391 INFO][traineradasmoothlossprojlogit.py:333 - log_eval_epoch_info] - Val Epoch[338]	{"samples": 5000, "loss": 0.31192, "acc": 0.9544, "acc_5": 0.9976, "macc": 0.95429, "nll": 0.19589, "ece": 0.01515, "aece": 0.02494, "cece": 0.00564, "mean_diffs": 6.14255, "max_diffs": 6.33511, "margin": 5.73775}
[2026-05-09 17:07:57,391 INFO][traineradasmoothlossprojlogit.py:336 - log_eval_epoch_info] - 
+---------+---------+---------+---------+
| samples | acc     | acc_5   | macc    |
+---------+---------+---------+---------+
| 5000    | 0.95440 | 0.99760 | 0.95429 |
+---------+---------+---------+---------+
[2026-05-09 17:07:57,391 INFO][traineradasmoothlossprojlogit.py:337 - log_eval_epoch_info] - 
+---------+---------+---------+---------+---------+
| samples | nll     | ece     | aece    | cece    |
+---------+---------+---------+---------+---------+
| 5000    | 0.19589 | 0.01515 | 0.02494 | 0.00564 |
+---------+---------+---------+---------+---------+
[2026-05-09 17:07:57,623 INFO][traineradasmoothlossprojlogit.py:605 - train] - Epoch[338]	Best acc on Val : 0.9566 at epoch 283
[2026-05-09 17:07:57,623 INFO][traineradasmoothlossprojlogit.py:572 - train] - ====================
[2026-05-09 17:07:57,623 INFO][traineradasmoothlossprojlogit.py:573 - train] -  Start epoch 339
[2026-05-09 17:07:57,623 INFO][traineradasmoothlossprojlogit.py:574 - train] - ====================
[2026-05-09 17:08:03,527 INFO][traineradasmoothlossprojlogit.py:300 - log_iter_info] - Train Iter[100/351][339]	{"data_time": 0.00024, "batch_time": 0.05284, "loss": 0.11029, "acc": 1.0, "mean_diffs": 6.38398}
[2026-05-09 17:08:08,821 INFO][traineradasmoothlossprojlogit.py:300 - log_iter_info] - Train Iter[200/351][339]	{"data_time": 0.00021, "batch_time": 0.053, "loss": 0.13927, "acc": 1.0, "mean_diffs": 6.45594}
[2026-05-09 17:08:14,120 INFO][traineradasmoothlossprojlogit.py:300 - log_iter_info] - Train Iter[300/351][339]	{"data_time": 0.00022, "batch_time": 0.05307, "loss": 0.15651, "acc": 1.0, "mean_diffs": 6.33739}
[2026-05-09 17:08:16,914 INFO][traineradasmoothlossprojlogit.py:319 - log_epoch_info] - Train Epoch[339]	{"samples": 44928, "lr": 0.001, "loss": 0.13239, "acc": 1.0, "acc_5": 1.0, "macc": 1.0, "mean_diffs": 6.40207, "max_diffs": 6.62711, "margin": 6.11139}
[2026-05-09 17:08:18,180 INFO][traineradasmoothlossprojlogit.py:333 - log_eval_epoch_info] - Val Epoch[339]	{"samples": 5000, "loss": 0.30551, "acc": 0.954, "acc_5": 0.9978, "macc": 0.95384, "nll": 0.19367, "ece": 0.01357, "aece": 0.02392, "cece": 0.00543, "mean_diffs": 6.13855, "max_diffs": 6.33733, "margin": 5.73972}
[2026-05-09 17:08:18,181 INFO][traineradasmoothlossprojlogit.py:336 - log_eval_epoch_info] - 
+---------+---------+---------+---------+
| samples | acc     | acc_5   | macc    |
+---------+---------+---------+---------+
| 5000    | 0.95400 | 0.99780 | 0.95384 |
+---------+---------+---------+---------+
[2026-05-09 17:08:18,181 INFO][traineradasmoothlossprojlogit.py:337 - log_eval_epoch_info] - 
+---------+---------+---------+---------+---------+
| samples | nll     | ece     | aece    | cece    |
+---------+---------+---------+---------+---------+
| 5000    | 0.19367 | 0.01357 | 0.02392 | 0.00543 |
+---------+---------+---------+---------+---------+
[2026-05-09 17:08:18,405 INFO][traineradasmoothlossprojlogit.py:605 - train] - Epoch[339]	Best acc on Val : 0.9566 at epoch 283
[2026-05-09 17:08:18,405 INFO][traineradasmoothlossprojlogit.py:572 - train] - ====================
[2026-05-09 17:08:18,405 INFO][traineradasmoothlossprojlogit.py:573 - train] -  Start epoch 340
[2026-05-09 17:08:18,405 INFO][traineradasmoothlossprojlogit.py:574 - train] - ====================
[2026-05-09 17:08:24,307 INFO][traineradasmoothlossprojlogit.py:300 - log_iter_info] - Train Iter[100/351][340]	{"data_time": 0.00022, "batch_time": 0.05276, "loss": 0.17411, "acc": 1.0, "mean_diffs": 6.2407}
[2026-05-09 17:08:29,614 INFO][traineradasmoothlossprojlogit.py:300 - log_iter_info] - Train Iter[200/351][340]	{"data_time": 0.0002, "batch_time": 0.05341, "loss": 0.11082, "acc": 1.0, "mean_diffs": 6.4391}
[2026-05-09 17:08:34,925 INFO][traineradasmoothlossprojlogit.py:300 - log_iter_info] - Train Iter[300/351][340]	{"data_time": 0.00019, "batch_time": 0.05293, "loss": 0.12386, "acc": 1.0, "mean_diffs": 6.45197}
[2026-05-09 17:08:37,728 INFO][traineradasmoothlossprojlogit.py:319 - log_epoch_info] - Train Epoch[340]	{"samples": 44928, "lr": 0.001, "loss": 0.13283, "acc": 0.99996, "acc_5": 1.0, "macc": 0.99996, "mean_diffs": 6.39709, "max_diffs": 6.6298, "margin": 6.10232}
[2026-05-09 17:08:38,989 INFO][traineradasmoothlossprojlogit.py:333 - log_eval_epoch_info] - Val Epoch[340]	{"samples": 5000, "loss": 0.30468, "acc": 0.955, "acc_5": 0.998, "macc": 0.95492, "nll": 0.19555, "ece": 0.01172, "aece": 0.02418, "cece": 0.00528, "mean_diffs": 6.17936, "max_diffs": 6.38294, "margin": 5.77464}
[2026-05-09 17:08:38,990 INFO][traineradasmoothlossprojlogit.py:336 - log_eval_epoch_info] - 
+---------+---------+---------+---------+
| samples | acc     | acc_5   | macc    |
+---------+---------+---------+---------+
| 5000    | 0.95500 | 0.99800 | 0.95492 |
+---------+---------+---------+---------+
[2026-05-09 17:08:38,990 INFO][traineradasmoothlossprojlogit.py:337 - log_eval_epoch_info] - 
+---------+---------+---------+---------+---------+
| samples | nll     | ece     | aece    | cece    |
+---------+---------+---------+---------+---------+
| 5000    | 0.19555 | 0.01172 | 0.02418 | 0.00528 |
+---------+---------+---------+---------+---------+
[2026-05-09 17:08:39,212 INFO][traineradasmoothlossprojlogit.py:605 - train] - Epoch[340]	Best acc on Val : 0.9566 at epoch 283
[2026-05-09 17:08:39,212 INFO][traineradasmoothlossprojlogit.py:572 - train] - ====================
[2026-05-09 17:08:39,212 INFO][traineradasmoothlossprojlogit.py:573 - train] -  Start epoch 341
[2026-05-09 17:08:39,212 INFO][traineradasmoothlossprojlogit.py:574 - train] - ====================
[2026-05-09 17:08:45,146 INFO][traineradasmoothlossprojlogit.py:300 - log_iter_info] - Train Iter[100/351][341]	{"data_time": 0.00026, "batch_time": 0.05282, "loss": 0.11554, "acc": 1.0, "mean_diffs": 6.46451}
[2026-05-09 17:08:50,434 INFO][traineradasmoothlossprojlogit.py:300 - log_iter_info] - Train Iter[200/351][341]	{"data_time": 0.0002, "batch_time": 0.05276, "loss": 0.14301, "acc": 1.0, "mean_diffs": 6.42332}
[2026-05-09 17:08:55,726 INFO][traineradasmoothlossprojlogit.py:300 - log_iter_info] - Train Iter[300/351][341]	{"data_time": 0.00018, "batch_time": 0.05302, "loss": 0.10618, "acc": 1.0, "mean_diffs": 6.47573}
[2026-05-09 17:08:58,513 INFO][traineradasmoothlossprojlogit.py:319 - log_epoch_info] - Train Epoch[341]	{"samples": 44928, "lr": 0.001, "loss": 0.1332, "acc": 1.0, "acc_5": 1.0, "macc": 1.0, "mean_diffs": 6.3975, "max_diffs": 6.6254, "margin": 6.10623}
[2026-05-09 17:08:59,797 INFO][traineradasmoothlossprojlogit.py:333 - log_eval_epoch_info] - Val Epoch[341]	{"samples": 5000, "loss": 0.28226, "acc": 0.9536, "acc_5": 0.9974, "macc": 0.95348, "nll": 0.19553, "ece": 0.01149, "aece": 0.02322, "cece": 0.00554, "mean_diffs": 6.15332, "max_diffs": 6.34866, "margin": 5.74285}
[2026-05-09 17:08:59,797 INFO][traineradasmoothlossprojlogit.py:336 - log_eval_epoch_info] - 
+---------+---------+---------+---------+
| samples | acc     | acc_5   | macc    |
+---------+---------+---------+---------+
| 5000    | 0.95360 | 0.99740 | 0.95348 |
+---------+---------+---------+---------+
[2026-05-09 17:08:59,797 INFO][traineradasmoothlossprojlogit.py:337 - log_eval_epoch_info] - 
+---------+---------+---------+---------+---------+
| samples | nll     | ece     | aece    | cece    |
+---------+---------+---------+---------+---------+
| 5000    | 0.19553 | 0.01149 | 0.02322 | 0.00554 |
+---------+---------+---------+---------+---------+
[2026-05-09 17:09:00,024 INFO][traineradasmoothlossprojlogit.py:605 - train] - Epoch[341]	Best acc on Val : 0.9566 at epoch 283
[2026-05-09 17:09:00,024 INFO][traineradasmoothlossprojlogit.py:572 - train] - ====================
[2026-05-09 17:09:00,024 INFO][traineradasmoothlossprojlogit.py:573 - train] -  Start epoch 342
[2026-05-09 17:09:00,024 INFO][traineradasmoothlossprojlogit.py:574 - train] - ====================
[2026-05-09 17:09:06,215 INFO][traineradasmoothlossprojlogit.py:300 - log_iter_info] - Train Iter[100/351][342]	{"data_time": 0.00019, "batch_time": 0.05277, "loss": 0.15809, "acc": 1.0, "mean_diffs": 6.35851}
[2026-05-09 17:09:11,509 INFO][traineradasmoothlossprojlogit.py:300 - log_iter_info] - Train Iter[200/351][342]	{"data_time": 0.0002, "batch_time": 0.05282, "loss": 0.11905, "acc": 1.0, "mean_diffs": 6.45614}
[2026-05-09 17:09:16,807 INFO][traineradasmoothlossprojlogit.py:300 - log_iter_info] - Train Iter[300/351][342]	{"data_time": 0.00018, "batch_time": 0.05295, "loss": 0.12938, "acc": 1.0, "mean_diffs": 6.48884}
[2026-05-09 17:09:19,604 INFO][traineradasmoothlossprojlogit.py:319 - log_epoch_info] - Train Epoch[342]	{"samples": 44928, "lr": 0.001, "loss": 0.13302, "acc": 1.0, "acc_5": 1.0, "macc": 1.0, "mean_diffs": 6.39957, "max_diffs": 6.62712, "margin": 6.10727}
[2026-05-09 17:09:20,894 INFO][traineradasmoothlossprojlogit.py:333 - log_eval_epoch_info] - Val Epoch[342]	{"samples": 5000, "loss": 0.29207, "acc": 0.9536, "acc_5": 0.9974, "macc": 0.95354, "nll": 0.1949, "ece": 0.01309, "aece": 0.02422, "cece": 0.00547, "mean_diffs": 6.1747, "max_diffs": 6.3597, "margin": 5.76365}
[2026-05-09 17:09:20,894 INFO][traineradasmoothlossprojlogit.py:336 - log_eval_epoch_info] - 
+---------+---------+---------+---------+
| samples | acc     | acc_5   | macc    |
+---------+---------+---------+---------+
| 5000    | 0.95360 | 0.99740 | 0.95354 |
+---------+---------+---------+---------+
[2026-05-09 17:09:20,894 INFO][traineradasmoothlossprojlogit.py:337 - log_eval_epoch_info] - 
+---------+---------+---------+---------+---------+
| samples | nll     | ece     | aece    | cece    |
+---------+---------+---------+---------+---------+
| 5000    | 0.19490 | 0.01309 | 0.02422 | 0.00547 |
+---------+---------+---------+---------+---------+
[2026-05-09 17:09:21,119 INFO][traineradasmoothlossprojlogit.py:605 - train] - Epoch[342]	Best acc on Val : 0.9566 at epoch 283
[2026-05-09 17:09:21,119 INFO][traineradasmoothlossprojlogit.py:572 - train] - ====================
[2026-05-09 17:09:21,119 INFO][traineradasmoothlossprojlogit.py:573 - train] -  Start epoch 343
[2026-05-09 17:09:21,119 INFO][traineradasmoothlossprojlogit.py:574 - train] - ====================
[2026-05-09 17:09:27,031 INFO][traineradasmoothlossprojlogit.py:300 - log_iter_info] - Train Iter[100/351][343]	{"data_time": 0.00021, "batch_time": 0.05292, "loss": 0.13822, "acc": 1.0, "mean_diffs": 6.4026}
[2026-05-09 17:09:32,325 INFO][traineradasmoothlossprojlogit.py:300 - log_iter_info] - Train Iter[200/351][343]	{"data_time": 0.0002, "batch_time": 0.0529, "loss": 0.12327, "acc": 1.0, "mean_diffs": 6.48099}
[2026-05-09 17:09:37,623 INFO][traineradasmoothlossprojlogit.py:300 - log_iter_info] - Train Iter[300/351][343]	{"data_time": 0.00023, "batch_time": 0.0531, "loss": 0.15109, "acc": 1.0, "mean_diffs": 6.32325}
[2026-05-09 17:09:40,417 INFO][traineradasmoothlossprojlogit.py:319 - log_epoch_info] - Train Epoch[343]	{"samples": 44928, "lr": 0.001, "loss": 0.13269, "acc": 0.99998, "acc_5": 1.0, "macc": 0.99998, "mean_diffs": 6.39975, "max_diffs": 6.62883, "margin": 6.10497}
[2026-05-09 17:09:41,714 INFO][traineradasmoothlossprojlogit.py:333 - log_eval_epoch_info] - Val Epoch[343]	{"samples": 5000, "loss": 0.27381, "acc": 0.9548, "acc_5": 0.9976, "macc": 0.95465, "nll": 0.18874, "ece": 0.01407, "aece": 0.02045, "cece": 0.00515, "mean_diffs": 6.14645, "max_diffs": 6.34247, "margin": 5.74289}
[2026-05-09 17:09:41,715 INFO][traineradasmoothlossprojlogit.py:336 - log_eval_epoch_info] - 
+---------+---------+---------+---------+
| samples | acc     | acc_5   | macc    |
+---------+---------+---------+---------+
| 5000    | 0.95480 | 0.99760 | 0.95465 |
+---------+---------+---------+---------+
[2026-05-09 17:09:41,715 INFO][traineradasmoothlossprojlogit.py:337 - log_eval_epoch_info] - 
+---------+---------+---------+---------+---------+
| samples | nll     | ece     | aece    | cece    |
+---------+---------+---------+---------+---------+
| 5000    | 0.18874 | 0.01407 | 0.02045 | 0.00515 |
+---------+---------+---------+---------+---------+
[2026-05-09 17:09:41,940 INFO][traineradasmoothlossprojlogit.py:605 - train] - Epoch[343]	Best acc on Val : 0.9566 at epoch 283
[2026-05-09 17:09:41,941 INFO][traineradasmoothlossprojlogit.py:572 - train] - ====================
[2026-05-09 17:09:41,941 INFO][traineradasmoothlossprojlogit.py:573 - train] -  Start epoch 344
[2026-05-09 17:09:41,941 INFO][traineradasmoothlossprojlogit.py:574 - train] - ====================
[2026-05-09 17:09:47,870 INFO][traineradasmoothlossprojlogit.py:300 - log_iter_info] - Train Iter[100/351][344]	{"data_time": 0.00027, "batch_time": 0.05291, "loss": 0.11801, "acc": 1.0, "mean_diffs": 6.51855}
[2026-05-09 17:09:53,162 INFO][traineradasmoothlossprojlogit.py:300 - log_iter_info] - Train Iter[200/351][344]	{"data_time": 0.00025, "batch_time": 0.05274, "loss": 0.15171, "acc": 1.0, "mean_diffs": 6.26597}
[2026-05-09 17:09:58,458 INFO][traineradasmoothlossprojlogit.py:300 - log_iter_info] - Train Iter[300/351][344]	{"data_time": 0.00019, "batch_time": 0.05296, "loss": 0.11582, "acc": 1.0, "mean_diffs": 6.46893}
[2026-05-09 17:10:01,241 INFO][traineradasmoothlossprojlogit.py:319 - log_epoch_info] - Train Epoch[344]	{"samples": 44928, "lr": 0.001, "loss": 0.13313, "acc": 0.99998, "acc_5": 1.0, "macc": 0.99998, "mean_diffs": 6.39275, "max_diffs": 6.62602, "margin": 6.09998}
[2026-05-09 17:10:02,528 INFO][traineradasmoothlossprojlogit.py:333 - log_eval_epoch_info] - Val Epoch[344]	{"samples": 5000, "loss": 0.26675, "acc": 0.956, "acc_5": 0.9976, "macc": 0.95583, "nll": 0.18982, "ece": 0.01264, "aece": 0.02113, "cece": 0.00531, "mean_diffs": 6.13362, "max_diffs": 6.34012, "margin": 5.73896}
[2026-05-09 17:10:02,528 INFO][traineradasmoothlossprojlogit.py:336 - log_eval_epoch_info] - 
+---------+---------+---------+---------+
| samples | acc     | acc_5   | macc    |
+---------+---------+---------+---------+
| 5000    | 0.95600 | 0.99760 | 0.95583 |
+---------+---------+---------+---------+
[2026-05-09 17:10:02,528 INFO][traineradasmoothlossprojlogit.py:337 - log_eval_epoch_info] - 
+---------+---------+---------+---------+---------+
| samples | nll     | ece     | aece    | cece    |
+---------+---------+---------+---------+---------+
| 5000    | 0.18982 | 0.01264 | 0.02113 | 0.00531 |
+---------+---------+---------+---------+---------+
[2026-05-09 17:10:02,747 INFO][traineradasmoothlossprojlogit.py:605 - train] - Epoch[344]	Best acc on Val : 0.9566 at epoch 283
[2026-05-09 17:10:02,747 INFO][traineradasmoothlossprojlogit.py:572 - train] - ====================
[2026-05-09 17:10:02,747 INFO][traineradasmoothlossprojlogit.py:573 - train] -  Start epoch 345
[2026-05-09 17:10:02,747 INFO][traineradasmoothlossprojlogit.py:574 - train] - ====================
[2026-05-09 17:10:08,667 INFO][traineradasmoothlossprojlogit.py:300 - log_iter_info] - Train Iter[100/351][345]	{"data_time": 0.00022, "batch_time": 0.0527, "loss": 0.12126, "acc": 1.0, "mean_diffs": 6.48588}
[2026-05-09 17:10:13,956 INFO][traineradasmoothlossprojlogit.py:300 - log_iter_info] - Train Iter[200/351][345]	{"data_time": 0.00019, "batch_time": 0.05269, "loss": 0.11259, "acc": 1.0, "mean_diffs": 6.56388}
[2026-05-09 17:10:19,249 INFO][traineradasmoothlossprojlogit.py:300 - log_iter_info] - Train Iter[300/351][345]	{"data_time": 0.00018, "batch_time": 0.05281, "loss": 0.10888, "acc": 1.0, "mean_diffs": 6.52693}
[2026-05-09 17:10:22,038 INFO][traineradasmoothlossprojlogit.py:319 - log_epoch_info] - Train Epoch[345]	{"samples": 44928, "lr": 0.001, "loss": 0.13251, "acc": 1.0, "acc_5": 1.0, "macc": 1.0, "mean_diffs": 6.39796, "max_diffs": 6.62713, "margin": 6.10929}
[2026-05-09 17:10:23,561 INFO][traineradasmoothlossprojlogit.py:333 - log_eval_epoch_info] - Val Epoch[345]	{"samples": 5000, "loss": 0.26469, "acc": 0.9566, "acc_5": 0.9976, "macc": 0.95646, "nll": 0.18721, "ece": 0.01325, "aece": 0.0213, "cece": 0.00507, "mean_diffs": 6.14894, "max_diffs": 6.34954, "margin": 5.75482}
[2026-05-09 17:10:23,562 INFO][traineradasmoothlossprojlogit.py:336 - log_eval_epoch_info] - 
+---------+---------+---------+---------+
| samples | acc     | acc_5   | macc    |
+---------+---------+---------+---------+
| 5000    | 0.95660 | 0.99760 | 0.95646 |
+---------+---------+---------+---------+
[2026-05-09 17:10:23,562 INFO][traineradasmoothlossprojlogit.py:337 - log_eval_epoch_info] - 
+---------+---------+---------+---------+---------+
| samples | nll     | ece     | aece    | cece    |
+---------+---------+---------+---------+---------+
| 5000    | 0.18721 | 0.01325 | 0.02130 | 0.00507 |
+---------+---------+---------+---------+---------+
[2026-05-09 17:10:23,779 INFO][traineradasmoothlossprojlogit.py:605 - train] - Epoch[345]	Best acc on Val : 0.9566 at epoch 283
[2026-05-09 17:10:23,779 INFO][traineradasmoothlossprojlogit.py:572 - train] - ====================
[2026-05-09 17:10:23,779 INFO][traineradasmoothlossprojlogit.py:573 - train] -  Start epoch 346
[2026-05-09 17:10:23,779 INFO][traineradasmoothlossprojlogit.py:574 - train] - ====================
[2026-05-09 17:10:29,671 INFO][traineradasmoothlossprojlogit.py:300 - log_iter_info] - Train Iter[100/351][346]	{"data_time": 0.00026, "batch_time": 0.05283, "loss": 0.11646, "acc": 1.0, "mean_diffs": 6.50375}
[2026-05-09 17:10:34,964 INFO][traineradasmoothlossprojlogit.py:300 - log_iter_info] - Train Iter[200/351][346]	{"data_time": 0.00028, "batch_time": 0.05262, "loss": 0.13801, "acc": 1.0, "mean_diffs": 6.42896}
[2026-05-09 17:10:40,259 INFO][traineradasmoothlossprojlogit.py:300 - log_iter_info] - Train Iter[300/351][346]	{"data_time": 0.00023, "batch_time": 0.05284, "loss": 0.11845, "acc": 1.0, "mean_diffs": 6.55666}
[2026-05-09 17:10:43,050 INFO][traineradasmoothlossprojlogit.py:319 - log_epoch_info] - Train Epoch[346]	{"samples": 44928, "lr": 0.001, "loss": 0.13248, "acc": 0.99996, "acc_5": 1.0, "macc": 0.99996, "mean_diffs": 6.40141, "max_diffs": 6.62905, "margin": 6.1133}
[2026-05-09 17:10:44,317 INFO][traineradasmoothlossprojlogit.py:333 - log_eval_epoch_info] - Val Epoch[346]	{"samples": 5000, "loss": 0.27362, "acc": 0.955, "acc_5": 0.9978, "macc": 0.95489, "nll": 0.19266, "ece": 0.0131, "aece": 0.02575, "cece": 0.00509, "mean_diffs": 6.15708, "max_diffs": 6.35668, "margin": 5.75668}
[2026-05-09 17:10:44,317 INFO][traineradasmoothlossprojlogit.py:336 - log_eval_epoch_info] - 
+---------+---------+---------+---------+
| samples | acc     | acc_5   | macc    |
+---------+---------+---------+---------+
| 5000    | 0.95500 | 0.99780 | 0.95489 |
+---------+---------+---------+---------+
[2026-05-09 17:10:44,317 INFO][traineradasmoothlossprojlogit.py:337 - log_eval_epoch_info] - 
+---------+---------+---------+---------+---------+
| samples | nll     | ece     | aece    | cece    |
+---------+---------+---------+---------+---------+
| 5000    | 0.19266 | 0.01310 | 0.02575 | 0.00509 |
+---------+---------+---------+---------+---------+
[2026-05-09 17:10:44,541 INFO][traineradasmoothlossprojlogit.py:605 - train] - Epoch[346]	Best acc on Val : 0.9566 at epoch 283
[2026-05-09 17:10:44,541 INFO][traineradasmoothlossprojlogit.py:572 - train] - ====================
[2026-05-09 17:10:44,541 INFO][traineradasmoothlossprojlogit.py:573 - train] -  Start epoch 347
[2026-05-09 17:10:44,541 INFO][traineradasmoothlossprojlogit.py:574 - train] - ====================
[2026-05-09 17:10:50,467 INFO][traineradasmoothlossprojlogit.py:300 - log_iter_info] - Train Iter[100/351][347]	{"data_time": 0.00026, "batch_time": 0.05298, "loss": 0.14061, "acc": 1.0, "mean_diffs": 6.42184}
[2026-05-09 17:10:55,762 INFO][traineradasmoothlossprojlogit.py:300 - log_iter_info] - Train Iter[200/351][347]	{"data_time": 0.00038, "batch_time": 0.05311, "loss": 0.12015, "acc": 1.0, "mean_diffs": 6.51471}
[2026-05-09 17:11:01,067 INFO][traineradasmoothlossprojlogit.py:300 - log_iter_info] - Train Iter[300/351][347]	{"data_time": 0.0002, "batch_time": 0.05306, "loss": 0.11346, "acc": 1.0, "mean_diffs": 6.42978}
[2026-05-09 17:11:03,862 INFO][traineradasmoothlossprojlogit.py:319 - log_epoch_info] - Train Epoch[347]	{"samples": 44928, "lr": 0.001, "loss": 0.13314, "acc": 0.99993, "acc_5": 1.0, "macc": 0.99993, "mean_diffs": 6.39359, "max_diffs": 6.62468, "margin": 6.10119}
[2026-05-09 17:11:05,123 INFO][traineradasmoothlossprojlogit.py:333 - log_eval_epoch_info] - Val Epoch[347]	{"samples": 5000, "loss": 0.2864, "acc": 0.9552, "acc_5": 0.997, "macc": 0.95512, "nll": 0.19157, "ece": 0.01512, "aece": 0.02386, "cece": 0.00526, "mean_diffs": 6.14528, "max_diffs": 6.33718, "margin": 5.74654}
[2026-05-09 17:11:05,123 INFO][traineradasmoothlossprojlogit.py:336 - log_eval_epoch_info] - 
+---------+---------+---------+---------+
| samples | acc     | acc_5   | macc    |
+---------+---------+---------+---------+
| 5000    | 0.95520 | 0.99700 | 0.95512 |
+---------+---------+---------+---------+
[2026-05-09 17:11:05,124 INFO][traineradasmoothlossprojlogit.py:337 - log_eval_epoch_info] - 
+---------+---------+---------+---------+---------+
| samples | nll     | ece     | aece    | cece    |
+---------+---------+---------+---------+---------+
| 5000    | 0.19157 | 0.01512 | 0.02386 | 0.00526 |
+---------+---------+---------+---------+---------+
[2026-05-09 17:11:05,350 INFO][traineradasmoothlossprojlogit.py:605 - train] - Epoch[347]	Best acc on Val : 0.9566 at epoch 283
[2026-05-09 17:11:05,350 INFO][traineradasmoothlossprojlogit.py:572 - train] - ====================
[2026-05-09 17:11:05,350 INFO][traineradasmoothlossprojlogit.py:573 - train] -  Start epoch 348
[2026-05-09 17:11:05,350 INFO][traineradasmoothlossprojlogit.py:574 - train] - ====================
[2026-05-09 17:11:11,264 INFO][traineradasmoothlossprojlogit.py:300 - log_iter_info] - Train Iter[100/351][348]	{"data_time": 0.00022, "batch_time": 0.05302, "loss": 0.15811, "acc": 1.0, "mean_diffs": 6.37638}
[2026-05-09 17:11:16,559 INFO][traineradasmoothlossprojlogit.py:300 - log_iter_info] - Train Iter[200/351][348]	{"data_time": 0.00021, "batch_time": 0.05307, "loss": 0.13059, "acc": 1.0, "mean_diffs": 6.46705}
[2026-05-09 17:11:21,860 INFO][traineradasmoothlossprojlogit.py:300 - log_iter_info] - Train Iter[300/351][348]	{"data_time": 0.0002, "batch_time": 0.05329, "loss": 0.15689, "acc": 1.0, "mean_diffs": 6.32209}
[2026-05-09 17:11:24,665 INFO][traineradasmoothlossprojlogit.py:319 - log_epoch_info] - Train Epoch[348]	{"samples": 44928, "lr": 0.001, "loss": 0.13271, "acc": 0.99996, "acc_5": 1.0, "macc": 0.99996, "mean_diffs": 6.39543, "max_diffs": 6.62371, "margin": 6.10786}
[2026-05-09 17:11:25,934 INFO][traineradasmoothlossprojlogit.py:333 - log_eval_epoch_info] - Val Epoch[348]	{"samples": 5000, "loss": 0.28452, "acc": 0.9548, "acc_5": 0.9976, "macc": 0.95465, "nll": 0.1912, "ece": 0.01246, "aece": 0.0234, "cece": 0.00538, "mean_diffs": 6.15917, "max_diffs": 6.36023, "margin": 5.75748}
[2026-05-09 17:11:25,934 INFO][traineradasmoothlossprojlogit.py:336 - log_eval_epoch_info] - 
+---------+---------+---------+---------+
| samples | acc     | acc_5   | macc    |
+---------+---------+---------+---------+
| 5000    | 0.95480 | 0.99760 | 0.95465 |
+---------+---------+---------+---------+
[2026-05-09 17:11:25,934 INFO][traineradasmoothlossprojlogit.py:337 - log_eval_epoch_info] - 
+---------+---------+---------+---------+---------+
| samples | nll     | ece     | aece    | cece    |
+---------+---------+---------+---------+---------+
| 5000    | 0.19120 | 0.01246 | 0.02340 | 0.00538 |
+---------+---------+---------+---------+---------+
[2026-05-09 17:11:26,157 INFO][traineradasmoothlossprojlogit.py:605 - train] - Epoch[348]	Best acc on Val : 0.9566 at epoch 283
[2026-05-09 17:11:26,157 INFO][traineradasmoothlossprojlogit.py:572 - train] - ====================
[2026-05-09 17:11:26,157 INFO][traineradasmoothlossprojlogit.py:573 - train] -  Start epoch 349
[2026-05-09 17:11:26,158 INFO][traineradasmoothlossprojlogit.py:574 - train] - ====================
[2026-05-09 17:11:32,338 INFO][traineradasmoothlossprojlogit.py:300 - log_iter_info] - Train Iter[100/351][349]	{"data_time": 0.00021, "batch_time": 0.05283, "loss": 0.12134, "acc": 1.0, "mean_diffs": 6.48945}
[2026-05-09 17:11:37,630 INFO][traineradasmoothlossprojlogit.py:300 - log_iter_info] - Train Iter[200/351][349]	{"data_time": 0.00021, "batch_time": 0.05274, "loss": 0.11083, "acc": 1.0, "mean_diffs": 6.56994}
[2026-05-09 17:11:42,928 INFO][traineradasmoothlossprojlogit.py:300 - log_iter_info] - Train Iter[300/351][349]	{"data_time": 0.00017, "batch_time": 0.05279, "loss": 0.14238, "acc": 1.0, "mean_diffs": 6.43006}
[2026-05-09 17:11:45,736 INFO][traineradasmoothlossprojlogit.py:319 - log_epoch_info] - Train Epoch[349]	{"samples": 44928, "lr": 0.001, "loss": 0.13259, "acc": 1.0, "acc_5": 1.0, "macc": 1.0, "mean_diffs": 6.40147, "max_diffs": 6.62749, "margin": 6.11838}
[2026-05-09 17:11:47,002 INFO][traineradasmoothlossprojlogit.py:333 - log_eval_epoch_info] - Val Epoch[349]	{"samples": 5000, "loss": 0.28168, "acc": 0.9528, "acc_5": 0.998, "macc": 0.95281, "nll": 0.19636, "ece": 0.01727, "aece": 0.02683, "cece": 0.00582, "mean_diffs": 6.15381, "max_diffs": 6.34233, "margin": 5.74765}
[2026-05-09 17:11:47,002 INFO][traineradasmoothlossprojlogit.py:336 - log_eval_epoch_info] - 
+---------+---------+---------+---------+
| samples | acc     | acc_5   | macc    |
+---------+---------+---------+---------+
| 5000    | 0.95280 | 0.99800 | 0.95281 |
+---------+---------+---------+---------+
[2026-05-09 17:11:47,002 INFO][traineradasmoothlossprojlogit.py:337 - log_eval_epoch_info] - 
+---------+---------+---------+---------+---------+
| samples | nll     | ece     | aece    | cece    |
+---------+---------+---------+---------+---------+
| 5000    | 0.19636 | 0.01727 | 0.02683 | 0.00582 |
+---------+---------+---------+---------+---------+
[2026-05-09 17:11:47,223 INFO][traineradasmoothlossprojlogit.py:605 - train] - Epoch[349]	Best acc on Val : 0.9566 at epoch 283
[2026-05-09 17:11:47,223 INFO][traineradasmoothlossprojlogit.py:572 - train] - ====================
[2026-05-09 17:11:47,223 INFO][traineradasmoothlossprojlogit.py:573 - train] -  Start epoch 350
[2026-05-09 17:11:47,223 INFO][traineradasmoothlossprojlogit.py:574 - train] - ====================
[2026-05-09 17:11:53,113 INFO][traineradasmoothlossprojlogit.py:300 - log_iter_info] - Train Iter[100/351][350]	{"data_time": 0.00026, "batch_time": 0.05287, "loss": 0.13266, "acc": 1.0, "mean_diffs": 6.50155}
[2026-05-09 17:11:58,404 INFO][traineradasmoothlossprojlogit.py:300 - log_iter_info] - Train Iter[200/351][350]	{"data_time": 0.0002, "batch_time": 0.05296, "loss": 0.14686, "acc": 1.0, "mean_diffs": 6.30984}
[2026-05-09 17:12:03,702 INFO][traineradasmoothlossprojlogit.py:300 - log_iter_info] - Train Iter[300/351][350]	{"data_time": 0.00018, "batch_time": 0.05318, "loss": 0.13491, "acc": 1.0, "mean_diffs": 6.4119}
[2026-05-09 17:12:06,508 INFO][traineradasmoothlossprojlogit.py:319 - log_epoch_info] - Train Epoch[350]	{"samples": 44928, "lr": 0.001, "loss": 0.13291, "acc": 0.99998, "acc_5": 1.0, "macc": 0.99998, "mean_diffs": 6.39739, "max_diffs": 6.6274, "margin": 6.10916}
[2026-05-09 17:12:07,778 INFO][traineradasmoothlossprojlogit.py:333 - log_eval_epoch_info] - Val Epoch[350]	{"samples": 5000, "loss": 0.2897, "acc": 0.9536, "acc_5": 0.998, "macc": 0.95354, "nll": 0.19729, "ece": 0.01388, "aece": 0.02551, "cece": 0.00584, "mean_diffs": 6.17953, "max_diffs": 6.36016, "margin": 5.77403}
[2026-05-09 17:12:07,779 INFO][traineradasmoothlossprojlogit.py:336 - log_eval_epoch_info] - 
+---------+---------+---------+---------+
| samples | acc     | acc_5   | macc    |
+---------+---------+---------+---------+
| 5000    | 0.95360 | 0.99800 | 0.95354 |
+---------+---------+---------+---------+
[2026-05-09 17:12:07,779 INFO][traineradasmoothlossprojlogit.py:337 - log_eval_epoch_info] - 
+---------+---------+---------+---------+---------+
| samples | nll     | ece     | aece    | cece    |
+---------+---------+---------+---------+---------+
| 5000    | 0.19729 | 0.01388 | 0.02551 | 0.00584 |
+---------+---------+---------+---------+---------+
[2026-05-09 17:12:07,998 INFO][traineradasmoothlossprojlogit.py:605 - train] - Epoch[350]	Best acc on Val : 0.9566 at epoch 283
[2026-05-09 17:12:07,998 INFO][traineradasmoothlossprojlogit.py:619 - test] - We are almost done : final testing ...
[2026-05-09 17:12:08,650 INFO][traineradasmoothlossprojlogit.py:623 - test] - #################
[2026-05-09 17:12:08,650 INFO][traineradasmoothlossprojlogit.py:624 - test] -  Test at best epoch 283
[2026-05-09 17:12:08,650 INFO][traineradasmoothlossprojlogit.py:625 - test] - #################
[2026-05-09 17:12:08,650 INFO][traineradasmoothlossprojlogit.py:626 - test] - Best epoch[283] :
[2026-05-09 17:12:08,821 INFO][checkpoint.py:29 - load_checkpoint] - Succeed to load weights from /data/gpfs/projects/punim1884/ACLS/outputs/cifar10/resnet50_cifar10-lsdis-sgd/20260509-15:09:57-375979/best.pth
[2026-05-09 17:12:10,368 INFO][traineradasmoothlossprojlogit.py:333 - log_eval_epoch_info] - Test Epoch[283]	{"samples": 10000, "loss": 0.28804, "acc": 0.9544, "acc_5": 0.9969, "macc": 0.9544, "nll": 0.19479, "ece": 0.01322, "aece": 0.02173, "cece": 0.00546, "mean_diffs": 6.14106, "max_diffs": 6.39539, "margin": 5.63805}
[2026-05-09 17:12:10,368 INFO][traineradasmoothlossprojlogit.py:336 - log_eval_epoch_info] - 
+---------+---------+---------+---------+
| samples | acc     | acc_5   | macc    |
+---------+---------+---------+---------+
| 10000   | 0.95440 | 0.99690 | 0.95440 |
+---------+---------+---------+---------+
[2026-05-09 17:12:10,368 INFO][traineradasmoothlossprojlogit.py:337 - log_eval_epoch_info] - 
+---------+---------+---------+---------+---------+
| samples | nll     | ece     | aece    | cece    |
+---------+---------+---------+---------+---------+
| 10000   | 0.19479 | 0.01322 | 0.02173 | 0.00546 |
+---------+---------+---------+---------+---------+
[2026-05-09 17:12:11,589 INFO][temperature_scaling.py:142 - set_temperature] - Before temperature - NLL: 0.1899, ECE: 0.0154
[2026-05-09 17:12:11,782 INFO][temperature_scaling.py:175 - set_temperature] - Optimal temperature: 1.000
[2026-05-09 17:12:11,783 INFO][temperature_scaling.py:178 - set_temperature] - After temperature - NLL: 0.1899, ECE: 0.0154
[2026-05-09 17:12:13,246 INFO][traineradasmoothlossprojlogit.py:333 - log_eval_epoch_info] - TestPT Epoch[283]	{"samples": 10000, "loss": 0.28804, "acc": 0.9544, "acc_5": 0.9969, "macc": 0.9544, "nll": 0.19479, "ece": 0.01322, "aece": 0.02173, "cece": 0.00546, "mean_diffs": 6.14106, "max_diffs": 6.39539, "margin": 5.63805}
[2026-05-09 17:12:13,246 INFO][traineradasmoothlossprojlogit.py:336 - log_eval_epoch_info] - 
+---------+---------+---------+---------+
| samples | acc     | acc_5   | macc    |
+---------+---------+---------+---------+
| 10000   | 0.95440 | 0.99690 | 0.95440 |
+---------+---------+---------+---------+
[2026-05-09 17:12:13,246 INFO][traineradasmoothlossprojlogit.py:337 - log_eval_epoch_info] - 
+---------+---------+---------+---------+---------+
| samples | nll     | ece     | aece    | cece    |
+---------+---------+---------+---------+---------+
| 10000   | 0.19479 | 0.01322 | 0.02173 | 0.00546 |
+---------+---------+---------+---------+---------+
[2026-05-09 17:12:13,256 INFO][train.py:61 - main] - Job complete !

